from,to,demand,TT,distance,estimated?
442874,26384674,,0.548816693811075,614,No
442928,1803689295,,0.036776190476190476,28,No
26384674,264670999,,0.6350923439340399,283,No
26384674,534589,,0.5008016157989227,557,No
1803689298,1803689295,,0.19034365079365076,42,No
1803689295,139470345,,0.5937951428571429,0,Yes
442936,15866840,,0.31283040000000006,0,Yes
15866840,1803689315,,0.5183262857142857,0,Yes
264670999,534589,,0.3267072000000001,0,Yes
534589,534591,,0.3658883999999999,0,Yes
534591,534626,,0.880032199754902,544,No
8083440,534911,,0.03252708333333333,32,No
534626,534624,,0.27794285714285716,56,No
534626,534625,,0.2264351457399103,892,No
534608,30409417,,1.8375620305980527,719,No
30436919,30436908,,1.7805753302611365,1085,No
30409417,30409422,,0.031076470588235292,17,No
30409417,30403571,,0.20742127659574475,141,No
534624,534608,,1.6295515507672214,1021,No
534625,30436908,,0.030324523292300266,2762,No
534625,534624,,0.0676356,0,Yes
30436908,30436907,,0.0210204,0,Yes
30436908,534628,,0.36485399999999996,0,Yes
534628,534629,,0.2137992,0,Yes
534629,3595409680,,0.6275904,0,Yes
11769656,11769730,,0.21644730848861282,161,No
3595409680,3855350,,0.016120370370370368,9,No
3595409680,7128283652,,0.0545530303030303,33,No
3160432771,30409397,,0.4814775956284154,122,No
30409405,30409419,,1.4420141791044772,603,No
534736,140605768,,0.17521852770885027,403,No
534306820,2021890013,,0.6066588235294118,153,No
140605768,534324288,,0.2637679012345679,162,No
534329195,2021890013,,0.11195833333333333,22,No
534329195,534306820,,0.5002076771653542,254,No
3853550,3564765835,,0.39513360000000003,0,Yes
534742,534770,,0.5344236,0,Yes
534770,29138173,,0.0694968,0,Yes
534743,534744,,0.06099360000000001,0,Yes
534744,534747,,0.044526,0,Yes
247994358,534742,,0.19405172413793104,58,No
534747,277692998,,0.06095897435897436,13,No
534747,2287846802,,0.3511436046511628,258,No
277692998,288154283,,0.06394791666666666,64,No
2287846802,29510418,,0.3225986111111111,48,No
2287846802,2287846804,,0.13301276595744682,47,No
534749,25235133,,0.04963333333333334,18,No
534749,7095690293,,1.6887413008130083,615,No
25235133,25235132,,0.013244444444444444,12,No
25235133,534751,,1.4736007407407405,540,No
7095690293,7095690318,,0.0131556,0,Yes
534751,534754,,0.5139108,0,Yes
534754,3098430373,,0.15288000000000002,0,Yes
29510455,25235132,,0.6614027999999998,0,Yes
3098430373,16574394,,0.019612800000000003,0,Yes
3098430373,2260849842,,0.48708571321321315,2220,No
534758,25873172,,0.16111333333333333,20,No
534758,2202559858,,1.2960143410852711,516,No
25873172,25873173,,0.0152532,0,Yes
25873172,3100041009,,0.23163046357615893,151,No
2202559858,25873172,,1.1796776375404532,515,No
534769,546378258,,1.2958750000000003,468,No
534769,534770,,0.1819342872284049,629,No
546378258,247994363,,0.1507767857142857,28,No
546378258,290077155,,0.21811877104377106,198,No
29138173,1775338888,,0.0871548,0,Yes
29138173,534773,,0.6294768000000001,0,Yes
534773,2544089666,,0.0234804,0,Yes
534773,335716508,,0.25906680000000004,0,Yes
2544089666,2544089665,,0.037342799999999995,0,Yes
2544089666,16574602,,0.03166231884057971,23,No
335716508,534799,,0.6656388225934764,419,No
534774,534804,,0.960157258064516,124,No
244038933,534778,,0.1623661971830986,1562,No
534804,18630111,,1.243449017199017,407,No
534804,16574613,,0.285515,40,No
534778,244038915,,0.03384705882352942,17,No
534778,30058360,,0.5582252808988766,178,No
244038915,534787,,0.2968783783783784,148,No
244038915,244038942,,0.020503846153846154,13,No
30058360,30056676,,0.7344312000000001,0,Yes
30058360,30056684,,0.0216588,0,Yes
534787,244038955,,0.046764,0,Yes
534787,244038923,,0.12243119999999998,0,Yes
244038955,244038925,,0.0442776,0,Yes
244038955,2072816,,0.7162011150234742,284,No
244038923,244038955,,0.7352045454545455,77,No
534790,30261537,,0.05885438596491227,38,No
534790,30409389,,0.034262499999999994,24,No
30261537,30409389,,0.08906286449399657,1166,No
30409389,30409397,,0.07547438236412012,877,No
30409389,3160432771,,0.3012522516556291,755,No
534796,534790,,0.2683213675213675,39,No
534796,3160432775,,0.24181785714285717,140,No
3160432775,534790,,0.17659475065616798,127,No
534799,1501721437,,0.015986399999999998,0,Yes
534799,11769597,,0.4249680000000002,0,Yes
1501721437,18630516,,0.010642800000000001,0,Yes
1501721437,2071676,,0.32105600000000006,0,Yes
11769597,7128283648,,0.0124848,0,Yes
11769597,3595409680,,0.16595454545454547,22,No
18630111,280008666,,0.0342859649122807,19,No
18630111,35711189,,1.5183985220554792,733,No
16574613,534773,,0.20615897435897435,39,No
16574613,16574619,,0.29768,120,No
534806,280008531,,0.06815555555555555,18,No
534806,2287864441,,0.5516072815533981,206,No
280008531,18630070,,0.11987956989247311,31,No
280008531,31197353,,0.22330588235294116,51,No
2287864441,280221322,,0.20448313384113168,919,No
2287864441,24969587,,0.041977200000000006,0,Yes
24669567,976932104,,0.098384,0,Yes
1854526402,27318980,,0.030668,0,Yes
27318980,27318981,,0.043508,0,Yes
534908,534911,,0.04631520000000001,0,Yes
534911,534914,,0.2669923303834808,226,No
3853544,15511907,,0.6725445041816008,279,No
534914,442936,,0.5726859847011538,2571,No
534914,15866840,,1.014817589653145,2835,No
30409415,30409424,,0.16837928039702235,806,No
536575,30409422,,0.42303086419753094,135,No
30403571,10919767,,0.5996162162162163,333,No
30409422,30409424,,0.012885555555555555,15,No
30409422,30409415,,0.07170185185185184,36,No
536584,30587893,,3.494542368125701,891,No
30587893,1619208224,,0.3871632,0,Yes
536652,25479302,,1.1393867999999998,0,Yes
536652,18629762,,0.0333708,0,Yes
25479302,18627237,,1.1623968,0,Yes
25479302,28796755,,0.04379519999999999,0,Yes
18629762,264218470,,0.2299842222222222,150,No
18629762,264223496,,0.017261111111111112,15,No
25599929,2526224454,,0.8433683544303797,79,No
264218470,264223496,,0.862547111111111,150,No
3899207524,309517759,,0.03237575757575758,11,No
536663,21527849,,0.1781639880952381,56,No
536663,536667,,1.7454408000000003,0,Yes
21527849,2297622,,0.011633,0,Yes
21527849,21552197,,0.0704052,0,Yes
21647397,2297615,,0.7133584175084174,99,No
21647058,1632149359,,0.2755332,0,Yes
536670,24945363,,0.015129600000000002,0,Yes
536670,2075220,,0.418513,0,Yes
24945363,21660961,,0.010830000000000001,0,Yes
2075220,25096430,,0.028701599999999997,0,Yes
2075220,3869392962,,0.6958714563862927,856,No
344434421,10919786,,0.2158524,0,Yes
1630023963,311941598,,0.216768,0,Yes
3100041009,25873173,,0.17809440000000004,0,Yes
31296012,3148489413,,0.11874359999999998,0,Yes
536675,3148489416,,0.5843666666666666,136,No
3148489416,3148489413,,0.025073333333333333,10,No
3148489416,31296012,,0.18021333333333334,110,No
248219433,248219482,,0.4441314543028686,2998,No
2071674,518252065,,0.18065572916666664,96,No
518252065,29348253,,0.23623440000000004,0,Yes
11769758,3853550,,0.8067744000000002,0,Yes
534316145,518252065,,0.046705199999999995,0,Yes
2071676,18178669,,0.7476864000000001,0,Yes
18178669,534743,,0.054318,0,Yes
18178669,534744,,0.06609885057471264,58,No
7101166877,16574525,,0.14899177215189874,79,No
2287857538,5824956622,,0.1754936274509804,34,No
2274921120,206133365,,2.389563636363636,1254,No
2072802,30151417,,3.0536623138602508,1455,No
316507154,316507156,,0.9426123325453112,423,No
30151417,30151418,,0.05344761904761905,21,No
2072807,1485594848,,0.028529999999999996,5,No
2072807,1485594778,,0.2677647186147186,77,No
1485594848,159725096,,0.03345185185185185,18,No
1485594848,11007703,,0.3977832,0,Yes
1485594778,1485594848,,0.08388959999999998,0,Yes
2072816,244038925,,0.35436960000000006,0,Yes
244038925,244038942,,0.1727076,0,Yes
2075215,25755498,,0.0180276,0,Yes
2075215,2039066667,,5.641988850093108,2864,No
25755498,25755497,,0.01662820512820513,13,No
25755498,25755500,,0.04827125000000001,40,No
2039066667,25755506,,3.4661879064114247,2194,No
25096430,25096432,,0.026717543859649123,19,No
25096430,10919799,,0.5395847619047619,280,No
3869392962,25096430,,0.970799067164179,268,No
21540856,21647397,,0.2841674326241135,1175,No
2297619,3790101104,,3.146012508555783,974,No
3790101104,21552197,,1.167706270627063,101,No
3790101104,21527849,,0.08309399999999999,0,Yes
2297622,21552199,,0.028268,0,Yes
2297622,21527762,,0.0658956,0,Yes
21552199,21552200,,0.18524200000000002,0,Yes
21527762,536663,,0.0130092,0,Yes
21527762,3146686054,,0.5815288888888889,225,No
3411653,113794494,,0.2821718253968254,462,No
26165869,262185367,,0.27577872340425535,47,No
113794494,15618026,,0.10532183908045976,435,No
113794494,26291274,,0.5845700000000001,175,No
3411658,15618078,,0.33491056910569106,123,No
3411658,25622663,,0.24011098039215686,85,No
15618078,3030258494,,0.08405681818181818,66,No
15618078,25622151,,0.051770833333333335,24,No
25622663,25622670,,0.5309075268817204,372,No
15511907,2071674,,0.8177208000000001,0,Yes
3855350,11769597,,0.018264000000000002,0,Yes
3855350,1501721437,,0.4169508000000001,0,Yes
9100179,3137684026,,0.53733,0,Yes
3137684026,3137684031,,0.174306,0,Yes
3137684031,3137684026,,0.7419469437652811,409,No
9100190,9982673425,,0.05186315789473683,38,No
9982673432,2970916246,,0.47107317073170735,41,No
9982673425,9100190,,0.051022368421052636,38,No
10919218,8224298741,,0.02996153846153846,13,No
8224298741,346633166,,0.11503837667454689,423,No
8224298741,346633485,,0.14488499999999999,90,No
10919223,11008027,,1.2846053097345134,452,No
25740441,25740442,,0.18138159722222222,96,No
11008027,2075215,,0.013856249999999999,16,No
11008027,11008006,,0.2442144,0,Yes
86684589,3121844724,,0.0532644,0,Yes
10919237,10919235,,0.05647919999999999,0,Yes
10919237,10919238,,0.059241600000000005,0,Yes
10919238,10049596107,,0.06925079999999999,0,Yes
10049596107,10919237,,0.058563636363636366,11,No
3073762517,3877390797,,0.10239583333333334,24,No
10919767,536575,,0.7357300295857987,338,No
126667225,18178749,,0.9117814814814813,99,No
126667225,31271217,,0.10878172845863371,1942,No
3151457278,18178797,,0.24534719999999993,0,Yes
2262218571,18178769,,0.7025687224669602,227,No
3147805129,2262248282,,0.08179375,32,No
10919786,536663,,0.9636839339339339,222,No
10919786,3146686054,,0.022625,16,No
3146686054,21552195,,0.013082400000000003,0,Yes
3146686054,21527733,,0.12861480000000003,0,Yes
10919799,15613225,,0.0126864,0,Yes
10919799,1952603929,,0.4462919999999999,0,Yes
15613225,1698611463,,0.38696500000000006,0,Yes
15613225,15613290,,0.0511647453297142,6263,No
1952603929,15613225,,1.2128433333333335,370,No
10940911,773684928,,1.3484583032490975,2493,No
773684928,4186859645,,0.2760186,0,Yes
773684928,1758438692,,0.4834548000000001,0,Yes
10941033,26910102,,0.43153399999999986,0,Yes
10941033,10940911,,0.11577492753623188,230,No
26910102,12262641,,0.02589074074074074,18,No
26910102,26910582,,0.2571522857142858,0,Yes
3324432562,25621845,,0.7881888000000002,0,Yes
11004892,3780365870,,1.6175292000000003,0,Yes
3780365870,3879014011,,1.5643415999999997,0,Yes
7260653744,2272203032,,0.13100520000000002,0,Yes
11005259,1762496623,,0.08501520000000001,0,Yes
1762496623,433065573,,0.7989683999999999,0,Yes
11005798,25600624,,0.7243050000000002,0,Yes
312068888,312068717,,0.222003386372909,817,No
11007218,95145062,,0.2840604,0,Yes
95145062,159729140,,0.0171612,0,Yes
95145062,1670657170,,0.664936329588015,445,No
11007703,344624368,,1.0128663249810175,439,No
344624368,344625887,,0.07879166666666668,36,No
344624368,99089590,,0.06406428571428571,28,No
95145069,159725096,,1.12393502994012,334,No
11008006,2075215,,1.0349344884488447,202,No
11068788,828163530,,0.013488857142857143,0,Yes
11068788,25621138,,0.015651,0,Yes
828163530,4862265262,,0.6448697142857144,0,Yes
25621138,773660261,,0.016031,0,Yes
25621138,25621140,,0.23457599999999995,0,Yes
203786445,415524744,,0.349856,50,No
2970916246,9982673432,,0.36679024390243903,41,No
3183738525,11070793,,0.19971079295154187,227,No
2241122861,2241123813,,0.36948448979591836,245,No
81580487,81580494,,0.26609836065573766,61,No
3137621725,28238725,,0.32120017006802715,196,No
2078553223,85748936,,0.06433148148148149,36,No
9946740207,9946740209,,0.08117147435897434,52,No
11768081,376974958,,0.21459614583333336,160,No
376974958,30788689,,0.18400540540540541,37,No
376974958,288155029,,0.21650519999999998,0,Yes
11769730,11769758,,0.3225948000000001,0,Yes
11769730,29348253,,0.0407856,0,Yes
29348253,252007120,,0.2799552,0,Yes
29348253,534628,,0.0246768,0,Yes
3121547154,534324289,,0.554025641025641,65,No
12262630,26910582,,0.02323,20,No
12262630,12262641,,0.3166318333333333,300,No
26910582,26910090,,0.015,16,No
26910582,656211460,,0.8501470824949698,497,No
12262641,12262886,,0.013960000000000002,0,Yes
12262641,248219548,,0.6333947999999999,0,Yes
12262886,26910102,,0.009147428571428572,0,Yes
12262886,839865307,,0.026944,0,Yes
248219548,211626783,,0.36142079999999993,0,Yes
248219548,248219582,,0.1519962857142857,0,Yes
839865307,10940911,,0.4124,0,Yes
12961684,784730663,,0.16569119999999998,0,Yes
64804962,33477280,,0.9599003999999998,0,Yes
784730663,12961684,,0.16151160000000003,0,Yes
15017262,1363071246,,0.024981000000000003,0,Yes
15017262,15017430,,1.0751014285714282,0,Yes
1065689955,1363071255,,0.035685600000000005,0,Yes
1698611463,25272054,,1.3540085999999998,0,Yes
15613290,10919799,,0.011192,0,Yes
15613290,15613314,,0.7066513249651326,239,No
15613314,15613331,,0.1466205882352941,51,No
15613314,25096432,,0.49237875,40,No
15613331,15613353,,0.4163032481363152,313,No
25096432,15613331,,0.05420119047619048,42,No
25096432,24945369,,0.024443,0,Yes
15613353,2338426490,,0.2443188,0,Yes
15613353,26730552,,0.04308240000000001,0,Yes
2338426490,15613573,,0.2402202,0,Yes
26730552,3025700050,,0.0607896,0,Yes
15613573,1629974641,,1.314003013503909,2345,No
1629974641,15866451,,0.4171682653876898,417,No
1629974641,25269438,,0.5493228586171311,969,No
15614141,12262630,,0.370867525804493,21960,No
15614141,10941037,,0.11629859882005898,226,No
15618026,24973521,,0.019311599999999998,0,Yes
15618026,282973002,,2.07325807416268,836,No
24973521,113794494,,0.029087878787878788,11,No
24973521,3411653,,0.0770508,0,Yes
282973002,24969633,,0.06624222222222223,30,No
282973002,1516305879,,0.056314800000000005,0,Yes
25622151,2503004249,,0.43436759999999996,0,Yes
15866433,25269437,,0.1128282,0,Yes
15866433,15866451,,0.6408045,0,Yes
25269437,25096273,,1.4923026000000001,0,Yes
15866451,903673001,,1.9029689110556942,1203,No
1803689315,1803689298,,0.07727474747474748,3003,No
1803689315,442928,,0.016734090909090907,22,No
16573458,3840043618,,0.8058916863672182,423,No
16573467,16573472,,0.3020036585365854,246,No
3840043618,16573467,,0.491862,0,Yes
16573472,25622670,,0.05113439808778791,767,No
16573472,16573581,,0.3702912000000001,0,Yes
25622670,16573458,,0.5605311914323962,249,No
16573581,15618078,,0.0525372,0,Yes
16573581,25622663,,0.10260239999999998,0,Yes
3844764355,3844764341,,0.0772056,0,Yes
16574244,26165880,,0.0157212,0,Yes
16574244,3861801989,,0.139548,0,Yes
26165880,262185376,,0.192954,0,Yes
3861801989,26165886,,0.0240276,0,Yes
3861801989,2260731086,,0.19755479999999997,0,Yes
16574394,29510455,,0.6733248000000002,0,Yes
16574394,7093468874,,0.33938308457711447,67,No
16574525,7101166877,,0.093786,0,Yes
16574602,2544089665,,0.09767037037037037,27,No
16574602,534774,,0.13437800687285226,97,No
2544089665,534804,,0.03628484848484848,11,No
16574619,1775338888,,1.8579331734612312,417,No
1775338888,357917181,,0.06818924731182796,31,No
21596886,1690044417,,0.08887320000000001,0,Yes
18178769,21684322,,0.6139199999999999,0,Yes
21684322,534758,,0.010371600000000002,0,Yes
21684322,25873175,,0.024981600000000003,0,Yes
25873183,2262218571,,0.27536639999999996,0,Yes
25873183,7193964013,,0.05301212121212121,33,No
18178797,534749,,0.03710119802677942,473,No
18178797,2287846803,,0.8638154589371982,483,No
2287846803,29510418,,0.03316031746031746,21,No
2287846803,2287846804,,0.09188235294117647,17,No
18178969,11768081,,0.15025416666666666,40,No
18178969,534329196,,1.844981609195402,696,No
534329196,534329195,,0.10904841269841269,21,No
534329196,21566459,,0.768552564102564,598,No
18627237,18627247,,0.04688620689655172,29,No
18627247,33477280,,0.0198264,0,Yes
18627247,12961684,,0.9682992,0,Yes
33477280,28796755,,1.1466588000000002,0,Yes
297481606,3057282550,,0.9816048000000002,0,Yes
3057282550,33477164,,0.9827712000000001,0,Yes
264223496,534806,,1.6625898135516148,733,No
264223496,35711189,,0.036054666666666665,25,No
18630070,31197353,,0.03191,20,No
18630070,7095690304,,4.222854896755163,1130,No
31197353,280008754,,0.20414,45,No
31197353,18630098,,0.033911111111111114,21,No
7095690304,7095690344,,0.022742592592592592,9,No
7095690304,3952754484,,0.4779432,125,No
18630098,280008754,,0.10476180555555557,24,No
18630098,3808565717,,0.4125396825396826,231,No
280008754,280008666,,0.0386256,0,Yes
280008754,18630111,,0.027667199999999996,0,Yes
3808565717,16574619,,0.22959000000000002,0,Yes
3808565717,16574613,,0.1794288,0,Yes
280008666,280008531,,0.03398520000000001,0,Yes
280008666,534806,,0.049158695652173914,23,No
35711189,244038931,,2.501559307992203,1026,No
35711189,536652,,0.018803333333333335,15,No
18630516,534799,,0.23483333333333334,14,No
18630516,335716505,,0.8106131494804157,417,No
335716505,335716508,,0.010639200000000001,0,Yes
335716505,16574602,,1.4657481481481482,198,No
18631911,18631929,,0.05270833333333335,24,No
18631929,1853296305,,0.0275875,4,No
18631929,2628479841,,0.07251984126984126,21,No
1853296305,1853296309,,0.0279216,0,Yes
2628479841,1853296305,,0.022844399999999997,0,Yes
21271513,25272050,,0.13580520000000001,0,Yes
21271513,442828572,,0.15374600000000002,0,Yes
25272050,25272065,,1.3364459999999998,0,Yes
442828572,25272050,,0.18720938069216755,183,No
21527686,21527743,,0.029614285714285715,14,No
21527686,21552190,,1.0410819734345351,527,No
21527743,209128004,,1.874601022270902,1826,No
21552190,21597988,,0.037116666666666666,16,No
21527733,1620726747,,0.1719224137931034,58,No
1620726747,1620726770,,0.09083514492753625,46,No
1620726747,21552195,,0.31350833333333333,44,No
7193964013,25873183,,0.5388207070707071,33,No
209128004,21552198,,0.4317323353293413,167,No
21527766,299844554,,0.25589520000000004,0,Yes
21596461,21568117,,0.4314756,0,Yes
21552197,209128661,,0.1273968,0,Yes
2272203032,7260653744,,0.12996,0,Yes
1150742708,27279384,,0.1052784,0,Yes
1150742708,24969757,,0.09906610169491525,59,No
21540513,21540519,,0.1335732,0,Yes
21540519,209128004,,0.18201310272536686,159,No
21540517,21540519,,0.08451794871794872,39,No
21540517,1229568988,,0.5794861788617887,123,No
21552187,21552188,,1.1128440476190473,168,No
21552188,21552190,,0.03642153477218226,1390,No
21552188,21527743,,0.5312725897920605,529,No
21597988,21597987,,0.016636666666666668,15,No
21597988,248219490,,2.9081917816973415,2608,No
21552195,10919786,,0.009746400000000002,0,Yes
21552195,1620726770,,0.0376164,0,Yes
1620726770,344434421,,0.17356319999999997,0,Yes
209128661,21540517,,0.2360316,0,Yes
209128661,21527686,,1.16301,0,Yes
21552198,21552199,,0.11857131782945737,43,No
21552198,2297622,,0.09675128205128206,1183,No
21552200,21527766,,0.4848588080388081,4810,No
21552200,21566429,,0.9832609533824044,951,No
21566429,534329195,,1.3119720689655172,725,No
21566459,126667225,,1.2678096124031006,430,No
21566459,21568117,,3.6016547139403716,1241,No
21568117,21527762,,0.4821051369863013,146,No
311494772,7091784429,,0.1980458333333333,20,No
1690044417,126667225,,0.029918399999999998,0,Yes
1690044417,31271217,,0.0392184,0,Yes
21597987,21597992,,0.176544,0,Yes
21597987,21552188,,0.020841000000000002,0,Yes
21597992,21552187,,0.035871600000000003,0,Yes
21597992,3148489417,,0.6807215999999998,0,Yes
248219490,248219434,,0.5202288716520815,2514,No
248219490,221995898,,0.7830013492063495,1050,No
3148489417,3148489416,,0.04363333333333333,14,No
3148489417,536675,,0.17345218579234972,122,No
316299769,316299777,,0.23671034482758618,29,No
21647047,21647107,,0.5832323321554771,283,No
21647107,1632149360,,0.7870888888888888,324,No
21647051,271287016,,0.15527935523868566,1613,No
21647051,278451621,,0.5837722222222221,108,No
271287016,141678998,,0.051721276595744686,47,No
278451621,21647047,,0.06185879999999999,0,Yes
278451621,1632149375,,0.059050799999999994,0,Yes
1632149359,1632149349,,0.30028320000000003,0,Yes
1632149359,1632149367,,0.0279084,0,Yes
1632149360,1632149359,,0.0289332,0,Yes
1632149360,21647057,,0.9019014145141452,1084,No
21647146,25269444,,1.2116394951140061,1228,No
25269444,25269438,,0.8389326215022089,8148,No
25269444,25269437,,0.43137707944070747,21408,No
21660961,78454176,,0.030721187519898125,1047,No
21660961,21647051,,2.303018665886483,1709,No
78454176,536670,,0.017163333333333333,10,No
78454176,1636482042,,1.262459038537942,839,No
25873175,534758,,0.11560440985732817,514,No
976932104,940312649,,0.08463888888888887,27,No
24945369,2075220,,0.018356400000000002,0,Yes
24945369,24945363,,0.41082699999999994,0,Yes
24953131,536670,,0.9790392000000002,0,Yes
1636482042,3025631931,,0.3129444,0,Yes
3998373587,25622934,,0.10292760000000001,0,Yes
24953181,10919797,,0.29679374999999997,80,No
24953550,29510428,,0.1772492179863148,682,No
288154942,288154914,,0.16568652482269502,47,No
29510428,7117637080,,0.8645502645502646,819,No
24969587,309467020,,0.017925555555555552,15,No
24969587,280221322,,0.05183750000000001,28,No
309467020,24969591,,0.12025416666666665,32,No
280221322,2526224456,,0.1741902380952381,70,No
24969591,2090038527,,0.02935757575757576,11,No
24969591,24969686,,0.09649,30,No
2090038527,1833913224,,0.043062,0,Yes
2090038527,24969672,,0.03565560000000001,0,Yes
24969686,8378156321,,0.0974376,0,Yes
24969610,24969615,,0.027577200000000003,0,Yes
24969610,301388728,,0.0375804,0,Yes
24969615,4030574404,,0.16513247863247862,117,No
24969615,24969629,,0.18157727272727275,44,No
301388728,24969615,,0.31845185964912276,475,No
4030574404,24969629,,0.3783727401129943,708,No
24969629,24973521,,2.531936363636363,836,No
24969629,24969633,,0.0850858585858586,33,No
24969633,24969610,,0.139005,40,No
24969633,24969615,,0.38262727272727265,44,No
24969633,1516305879,,0.049708333333333334,30,No
1516305879,8378156320,,0.20540063705234157,1936,No
24969672,1833913224,,0.0183624,0,Yes
1833913224,24969678,,0.0373428,0,Yes
24969678,2569452639,,0.01791,0,Yes
24969678,18630070,,0.2913576,0,Yes
2569452639,309467020,,0.038440800000000004,0,Yes
2569452639,24969587,,0.049240740740740745,27,No
8378156321,24969672,,0.4270548356424884,1227,No
24969731,439989272,,0.41833333333333333,83,No
439989272,1150742708,,0.789916479400749,89,No
439989272,27279384,,0.35740997474747477,1056,No
24969757,4030574419,,0.5954620689655172,174,No
4030574419,4030574417,,0.1504527334851936,878,No
4030574419,24969731,,0.17643333333333336,55,No
24973452,3137721924,,0.26167319304666053,1093,No
3137721924,262185372,,0.7882750684931505,730,No
2255742337,24969757,,0.06696720000000002,0,Yes
25433992,1703242714,,0.025524,0,Yes
311651883,2572637252,,0.19590960000000004,0,Yes
25096273,1698611463,,0.6082134,0,Yes
25096273,151013228,,0.18226,0,Yes
151013228,151013145,,0.607287365591398,248,No
151013228,15613290,,1.3721443994601894,494,No
25235132,18178797,,0.019598400000000002,0,Yes
25235132,3151457278,,0.3307259615384615,208,No
25269438,60395691,,1.2954279286926995,2356,No
60395691,1758438692,,0.5646841691248771,1017,No
60395691,773684938,,0.6154801464640014,23487,No
25272045,15613290,,0.6561945488721806,266,No
25272045,26730552,,0.604788679245283,424,No
25272065,25272045,,0.18125155763239878,214,No
25272065,2338426490,,0.35613960000000006,0,Yes
25272054,27254446,,0.1442214,0,Yes
25272054,27598015,,0.2888688,0,Yes
27254446,2414808767,,0.49572060000000023,0,Yes
25272057,2454004902,,0.8099922,0,Yes
25272081,15613573,,0.8536430801376598,1356,No
25272081,151013145,,0.3336107226107226,143,No
151013145,24945369,,1.0257574955908288,189,No
1703242714,1150742708,,0.5733267489711934,162,No
28796755,18629762,,1.810128559027778,960,No
28796755,25479302,,0.11314410339256865,1238,No
25599928,25599929,,0.1281816091954023,58,No
2526224454,2526224463,,0.06783571428571428,28,No
2572637252,311651883,,1.0825495098039217,442,No
10584342336,2526224463,,0.3810886363636364,44,No
2628479858,18631911,,0.024217199999999994,0,Yes
246859505,246859538,,0.0324504,0,Yes
25621131,824105653,,0.6290448000000001,0,Yes
824105653,1147969960,,0.21746900000000002,0,Yes
824105653,824109954,,0.0969642,0,Yes
773660261,11068788,,0.015754761904761903,7,No
773660261,773660264,,0.033544000000000004,25,No
25621140,25621145,,0.022790277777777774,24,No
25621140,29812910,,1.3376027424094028,1021,No
25621145,31347711,,0.015753703703703704,9,No
25621145,2453232134,,0.031022988505747126,29,No
29812910,3912609301,,1.1622620707461915,1291,No
31347711,25621140,,0.23164166666666666,16,No
31347711,2453232137,,0.015572619047619045,14,No
2453232134,824109954,,0.21382074152965452,15023,No
25621845,1586186718,,0.0163212,0,Yes
1586186718,1586186709,,0.0150888,0,Yes
1586186718,4862265259,,0.5145908571428571,0,Yes
25621848,11004892,,1.6270392000000002,0,Yes
25622934,3844764334,,0.22610880000000003,0,Yes
3844764334,3020440809,,0.920378868360277,433,No
529723416,3861801996,,0.27615882352941173,51,No
25694685,3866868163,,1.011922222222222,204,No
3866868163,3866701865,,0.37699844236760127,107,No
25694759,1115569637,,0.09403964480874318,610,No
364757216,30332565,,0.23071333333333333,35,No
1115569637,4516060826,,0.07209655172413794,29,No
3842071988,1115569637,,0.7337460732984293,382,No
3859885311,3859855174,,0.26258461538461536,39,No
25740442,10919223,,0.4968010204081632,98,No
25755497,11008027,,0.0183504,0,Yes
25755497,25740441,,0.5378124,0,Yes
25755500,10919218,,0.398658,0,Yes
25755506,25755507,,0.5844876,0,Yes
25755507,25755500,,0.0816492,0,Yes
25755507,25755498,,0.27763397435897436,52,No
25873173,25873183,,0.8037115537848607,502,No
25873173,21684322,,0.24398478260869563,23,No
25935156,26164161,,0.40158844765342955,277,No
26164161,779052658,,0.011372222222222223,18,No
26164161,440369967,,0.08232850241545894,69,No
25949480,31314454,,1.8888309696092622,1382,No
31314454,317611132,,0.2969725579470199,1208,No
31314454,317611131,,0.06838958333333332,64,No
3840142105,1785077919,,0.1284031746031746,42,No
25950253,26164148,,0.4230210000000001,0,Yes
25950253,25935156,,0.9102255000000001,0,Yes
26164148,26164147,,0.0540948,0,Yes
26164147,317611131,,0.021621600000000005,0,Yes
26164147,25949480,,1.7379983999999997,0,Yes
317611131,25935156,,0.015798412698412697,21,No
317611131,317611132,,0.2959290697674419,86,No
779052658,773669977,,0.013343939393939394,11,No
779052658,773669974,,0.031735897435897435,26,No
440369967,440369970,,0.03181919999999999,0,Yes
262185367,3137721924,,0.3321491228070175,152,No
262185367,262185372,,0.07389583333333333,16,No
262185376,26165869,,0.2723713567839196,398,No
262185376,262185367,,0.061851851851851845,18,No
26165886,26291274,,0.050284375000000006,16,No
26165886,15618026,,0.2140104,0,Yes
26291274,3861801989,,0.0174672,0,Yes
26291274,26165880,,0.13619160000000002,0,Yes
3025700050,25272081,,0.15403079999999997,0,Yes
26910090,12262630,,0.010111714285714286,0,Yes
26910090,839866856,,0.03295238095238095,28,No
839866856,10941037,,0.29517682557250907,37947,No
656211460,3688082991,,0.030864963503649635,822,No
6207267154,6207267170,,0.08913131313131313,33,No
3907572085,3907447115,,0.38129565217391304,138,No
258315627,258315633,,0.2958851351351352,74,No
6207267153,6207267162,,0.0988469135802469,27,No
2414808767,25950253,,0.34955287081339714,209,No
2414808767,440337754,,5.369263086936308,717,No
27254447,442838541,,0.035092063492063494,21,No
442838541,27254446,,0.17013419999999996,0,Yes
335688683,442838541,,0.021991200000000002,0,Yes
27598012,151083532,,0.017622600000000002,0,Yes
3907571845,4533984370,,0.16032600000000002,0,Yes
27279384,25433992,,0.07157039999999999,0,Yes
277060338,257756770,,0.08519791666666665,32,No
27410733,27252028,,0.13962601626016263,41,No
292884983,292884981,,0.16908762626262627,462,No
3879014012,33325660,,0.20412374239911554,603,No
257756769,277060367,,0.07565198291641245,1639,No
27413455,668019917,,0.5495031152647974,321,No
909453442,3516471210,,0.18634761904761907,42,No
151083532,442828559,,0.08231790123456789,54,No
442832879,151083532,,0.13699682539682542,42,No
28238725,2986258962,,0.13813333333333336,663,No
28238725,3899207524,,0.1084224,0,Yes
2986258962,3137621725,,0.2721792,0,Yes
28796744,206127721,,0.05948039999999999,0,Yes
30151418,28796761,,0.200196,0,Yes
206127721,2274921120,,1.7298047999999997,0,Yes
206127721,30151417,,0.046250000000000006,27,No
28796761,18627247,,1.660667287014061,806,No
28796761,28796744,,0.576326550387597,172,No
29348250,534625,,0.03376666666666667,18,No
29348250,8083440,,1.1630376602564105,624,No
252007120,30436907,,0.4030437984496123,43,No
252007120,295686008,,0.13295573366214547,811,No
29401767,2259858942,,0.02527586844050259,3608,No
29510418,95789943,,0.01726060606060606,22,No
29510418,95789730,,0.0594136422136422,1295,No
95789943,277692998,,0.32099880000000003,0,Yes
95789730,95789943,,0.0479616,0,Yes
7117637080,2849823382,,0.0634956,0,Yes
29812911,2453232140,,0.8316334285714286,0,Yes
3912609301,3912609299,,1.0796254285714286,0,Yes
2453232140,2453232134,,0.09513404255319148,47,No
2453232140,25621145,,0.1450542857142857,35,No
30056676,18630516,,0.613364003436426,194,No
30056676,2071676,,0.11948111111111111,105,No
30056684,30058362,,0.042736347853535354,1056,No
30056684,30058364,,0.46775555555555565,183,No
30058362,30058361,,0.03425238095238095,14,No
30058362,7117637008,,0.04037142857142858,21,No
30058364,30058362,,0.7629376543209875,189,No
30058361,30058360,,0.03425555555555556,18,No
30058361,244038915,,0.21308879999999997,0,Yes
7117637008,30058361,,0.029049600000000002,0,Yes
7128283652,3855350,,0.043532400000000006,0,Yes
3020440809,444059536,,0.20673239999999998,0,Yes
30332565,3612398319,,0.027222000000000003,0,Yes
3612398319,2610458800,,1.3522966770508826,321,No
30404993,30409387,,0.3626796234772978,301,No
30409387,534796,,0.055179629629629634,27,No
30405010,2970538973,,0.9037354838709678,465,No
2970538973,1458120323,,0.6302018518518518,180,No
30409397,30409387,,0.10347878787878788,33,No
30409397,30409405,,0.3626835463258785,313,No
30409419,30409417,,0.030210416666666667,16,No
30409419,30436919,,1.044985653409091,704,No
30409424,30409419,,0.03338888888888889,18,No
30409424,30404993,,0.7283735999999997,0,Yes
30436907,29348250,,0.020505600000000002,0,Yes
30436907,295686008,,0.0585684,0,Yes
295686008,534316143,,0.20347559999999998,0,Yes
1619208224,18627204,,0.5748732000000001,0,Yes
31350685,31350684,,0.13489242424242426,88,No
10712397266,10712397264,,0.04930000000000001,38,No
30788689,18178969,,0.21813911564625857,147,No
1942977739,497259722,,0.1317290322580645,31,No
74069309,2072807,,0.7368084084084083,111,No
31350684,31350685,,0.16122537878787876,88,No
31271217,21566429,,0.6854940557065217,2944,No
31272925,246859505,,0.07194141414141414,33,No
3148489413,21552187,,0.6966505514705884,544,No
3148489413,3148489417,,0.03371111111111111,24,No
317611132,440337754,,0.25603599999999993,0,Yes
3879014011,33325660,,0.030186,0,Yes
2453232137,2246314929,,0.18857742857142856,0,Yes
31353295,31353296,,0.0364644,0,Yes
31353296,81580487,,0.06179,0,Yes
9976058363,9976058359,,0.033121052631578954,38,No
296239234,6697990,,0.052008,25,No
33325660,1514362559,,1.6146127049180328,1220,No
1514362559,25621848,,0.08373022598870056,59,No
1514362559,3979445014,,0.4639147058823529,51,No
244038931,534778,,0.018233333333333334,12,No
244038931,244038933,,0.08383449074074073,72,No
1758438692,150577963,,0.6315572352465643,1237,No
773684938,15614141,,1.4665743513345748,2685,No
159733475,2072802,,2.9278900584795315,1254,No
159733475,206133365,,0.010197000000000001,0,Yes
81580494,31353295,,0.06061320000000001,0,Yes
81580688,3193824078,,0.0380892,0,Yes
250923558,32547462,,2.3167580000000014,0,Yes
84465051,84465051,,0.09230500000000001,0,Yes
3193824080,81580688,,0.31274801587301587,42,No
85748936,11305234,,0.2443875,36,No
85807521,3498130773,,1.0842222222222222,309,No
1054691691,1363071255,,0.08653294573643411,43,No
3121844724,560450644,,0.19901985815602838,47,No
3121844724,10919230,,0.15136037037037037,405,No
159729140,99089590,,0.01579,15,No
159729140,95145069,,1.4560290404040406,528,No
1670657170,60577293,,0.08751714285714286,35,No
1670657170,159733475,,0.11615625000000002,40,No
10712397264,10712397266,,0.0452412,0,Yes
159725096,74069309,,0.12137880000000001,0,Yes
159725096,2072807,,0.021582,0,Yes
290077166,290077168,,0.0244992,0,Yes
99089590,95145062,,0.0186768,0,Yes
99089590,344625887,,0.10122542204568023,1007,No
344625887,11007218,,0.3129551470588235,204,No
1211691752,3074985402,,0.629186217948718,104,No
133281288,316299769,,0.09272579957356075,469,No
140603409,140605768,,0.15145726495726497,39,No
140603409,534736,,0.11573576388888888,48,No
534324288,534324289,,0.28277188552188554,99,No
534324288,3121547154,,0.05191323529411765,34,No
141678998,78454176,,2.9541532631989096,1711,No
442828559,27254448,,0.6266926829268292,82,No
206133365,159729140,,0.5678663999999998,0,Yes
248219543,248219560,,0.034078800000000006,0,Yes
271246517,271246516,,0.026156399999999996,0,Yes
221995898,248219540,,0.36070320000000006,0,Yes
221995898,248219546,,0.46319828571428573,0,Yes
248219540,248219546,,0.2668107899022802,4912,No
248219546,839864966,,0.7638350310153443,1021,No
244038942,244038931,,0.016418627450980394,17,No
244038942,536652,,2.8182203829925347,1027,No
247994363,534742,,0.034430434782608696,23,No
247994363,247994358,,0.05182571428571429,35,No
248219482,21597987,,2.929395266868075,2648,No
1657949311,248219560,,0.13242601626016262,41,No
248219560,248219582,,0.25064654327516306,9455,No
839864966,839865307,,0.06643891312971043,2521,No
839864966,12262886,,0.024737142857142857,0,Yes
248219582,1626653378,,0.5904514285714285,0,Yes
1626653378,248219482,,0.5681271428571428,0,Yes
797425334,1458180457,,0.034099199999999996,0,Yes
255886139,1458120226,,0.21747840000000002,0,Yes
1458120226,1458180620,,0.9326848319709355,734,No
262185372,262185374,,0.08632812499999999,16,No
262185372,3840988371,,0.07201388888888889,24,No
262185374,262185376,,0.060717948717948715,13,No
262185374,16574244,,0.44685274390243906,164,No
3840988371,262185374,,0.07457399494601423,1451,No
392656728,3516121147,,0.1012542438271605,648,No
271246516,271246517,,0.11312844827586208,58,No
288154283,29510428,,0.05023888888888889,45,No
288154283,24953550,,0.16844566360052562,761,No
1632149375,21647047,,0.03765360000000001,0,Yes
1632149375,1632149360,,0.027334800000000003,0,Yes
2526224456,3930292765,,0.030860399999999996,0,Yes
2526224456,25599928,,0.045822,0,Yes
280221394,24969686,,0.0610824,0,Yes
280221394,24969591,,0.25488970588235293,34,No
288154914,247994363,,0.22969470588235294,170,No
288155029,288154914,,0.04979677419354839,31,No
288155029,288154942,,0.18791706349206347,42,No
290077155,290077168,,0.032575,28,No
290077155,290077166,,0.16041290322580648,31,No
290077168,30788689,,0.23490645161290327,155,No
3912609284,3324432576,,0.35129611872146116,73,No
292890400,3411658,,0.8415704070407042,303,No
534316143,29348250,,1.0041991636798087,558,No
2626739932,6697990,,0.035954,0,Yes
297497348,297497356,,0.07034159999999999,0,Yes
297497348,2970916284,,0.08355119999999999,0,Yes
2970916284,2970916275,,0.0848508,0,Yes
3147881709,2262248294,,0.1500408,0,Yes
3147881709,21596461,,0.7802212389380532,113,No
309517759,2233985754,,0.19850052083333333,64,No
309517759,2986258962,,0.31571666666666665,60,No
7091784429,3147881709,,0.4578371212121212,132,No
7091784429,2262248294,,0.23232,10,No
311941598,1632149367,,0.7381589743589743,286,No
1632149367,1632149375,,0.0646716049382716,27,No
1632149367,141678998,,0.21916555555555559,165,No
316507156,316507154,,0.6979848484848485,231,No
752186307,3884698667,,0.25822999999999996,35,No
440337754,440337822,,0.7063626000000002,0,Yes
346633166,2482228323,,0.015210000000000001,0,Yes
346633166,2482228310,,0.15218399999999999,0,Yes
2482228323,10919218,,0.015255599999999998,0,Yes
2482228323,25755497,,0.45283319999999994,0,Yes
2482228310,2482228323,,0.8440384615384614,130,No
346633485,346633166,,0.4774784946236559,93,No
357917181,3506480443,,0.12781202185792348,61,No
357917181,534769,,0.2676,60,No
3506480443,534769,,0.6786344696969698,44,No
380950155,11769656,,0.698956862745098,510,No
433065573,2970751883,,0.36481458333333333,176,No
433065573,30405010,,0.20968269230769232,26,No
2970751883,433065575,,0.05430294117647058,17,No
2970751883,3160483032,,0.34185599128540306,1836,No
2970916275,2970916280,,0.041727600000000004,0,Yes
433065575,255886139,,0.0258192,0,Yes
433065575,30405010,,0.22633680000000003,0,Yes
440337822,25621090,,1.033104,0,Yes
440337822,2453207682,,0.2885742,0,Yes
2453207682,25272057,,0.14931944444444442,162,No
2453207682,828163535,,0.32198349296183426,13782,No
440348653,21271513,,0.5824679311395491,1094,No
440369970,773669974,,0.09897122033023736,2584,No
440369970,779052658,,0.17054090909090908,33,No
773669974,440348653,,0.3645420862177471,9534,No
444059536,3998373587,,0.1312865800865801,77,No
444059536,25622934,,0.13582732240437162,61,No
461740603,198189803,,0.1415742857142857,35,No
497259722,497259745,,0.06408684210526318,19,No
497259745,2001551742,,0.030149000000000002,0,Yes
497259745,2208582202,,0.013044000000000002,0,Yes
2001551742,2208582202,,0.031752,0,Yes
2208582202,497259755,,0.021228000000000004,0,Yes
497259755,497259722,,0.0122016,0,Yes
497259755,1942977739,,0.10682150537634409,31,No
2021890013,534329196,,0.013164285714285713,14,No
2021890013,11768081,,0.9354602698650676,667,No
534324289,140603409,,0.2854770440251572,159,No
3688082991,1277308096,,0.008212285714285714,7,Yes
3688082991,3688082989,,0.23079109589041094,73,No
1798264163,3516471196,,0.10221670506912442,1302,No
715865371,839866356,,0.4331253333333333,425,No
839866356,839866856,,0.052564261555806076,3548,No
839866356,26910090,,0.031988288288288286,37,No
715865377,1277308096,,0.029417142857142864,0,Yes
715865377,715865371,,0.04045457142857143,0,Yes
1277308096,656211460,,0.010824857142857141,0,Yes
1277308096,715865371,,0.02590628571428571,0,Yes
773660264,25272057,,0.185849,0,Yes
773669977,26164148,,0.43617673758865244,235,No
773669977,26164161,,0.027982222222222217,15,No
773684897,773684938,,0.3636747552596376,10964,No
773684897,4186859645,,0.331965811965812,663,No
4186859645,15866433,,1.6786091931433558,3053,No
1458180457,3907572085,,0.7747385265700483,138,No
1147969960,2453232137,,0.09205828157349896,483,No
1147969960,31347711,,0.23951111111111115,18,No
824109954,824109969,,1.065242455069515,1966,No
824109969,773669977,,0.3849790890269152,5796,No
824109969,440348653,,0.10262280000000001,0,Yes
4862265262,1586186709,,0.5238874285714286,0,Yes
828163535,828163530,,0.025962,0,Yes
828163535,11068788,,0.021805,0,Yes
903648589,4810580223,,0.0347052,0,Yes
5824956622,24973504,,0.18087117117117116,37,No
903648936,903648589,,0.2172905982905983,39,No
2260849842,16574394,,0.7512962962962961,162,No
940312649,940312683,,0.09830961538461538,26,No
940312649,940312652,,0.046988888888888886,3,No
940312683,940312652,,0.0783478260869565,23,No
940312652,940312669,,0.09863218390804597,29,No
940312669,940312673,,0.14756666666666665,30,No
940312669,940312676,,0.025491666666666662,6,No
940312660,24669567,,0.25281939393939395,55,No
940312660,976932104,,0.010533599999999999,0,Yes
940312673,940312676,,0.0264396,0,Yes
940312676,940312660,,0.0051456,0,Yes
1269612832,10241100023,,0.17082599999999998,0,Yes
1363071255,1363071233,,0.7126121999999999,0,Yes
4516060826,25694759,,0.049604597701149424,29,No
3074985402,1211691752,,0.39631032338308453,536,No
10241100023,1269612832,,0.16918439716312056,141,No
1363071233,1363071246,,0.07005678721944526,3401,No
1363071233,15017262,,0.367578947368421,38,No
1458180620,1458180457,,0.04807,40,No
1458180620,797425334,,0.045051612903225804,31,No
1458120227,2970538973,,1.1092140907414239,2711,No
1458120227,2968328004,,1.4278515495416848,2291,No
2968328004,2968174745,,0.3672909698996655,897,No
1458120254,255886139,,0.07846439999999999,0,Yes
1458120254,433065575,,0.0636756,0,Yes
1458120323,11005259,,0.0886104,0,Yes
1458180627,1458120227,,0.8806656000000003,0,Yes
3901577931,1458180627,,0.034214400000000006,0,Yes
1458181076,297497348,,0.4117372114496768,4332,No
1458181076,1458120226,,0.6675197018104365,626,No
8378156320,24969610,,0.37300790598290595,78,No
1539238905,1626653378,,0.5772215314632297,1319,No
1586186709,3324432576,,0.015543333333333334,15,No
1586186709,3912609284,,0.27011052631578947,76,No
3324432576,25621845,,0.022424900884415983,1093,No
3324432576,3324432562,,0.733373515981735,657,No
4862265259,25621138,,0.9672951261966928,766,No
1632149349,311941598,,0.0955025,40,No
1632149349,1630023963,,0.2558472,0,Yes
3025631931,24953131,,0.31116720000000003,0,Yes
1693649283,29954400,,0.025627200000000003,0,Yes
1774541634,1774541625,,0.029314000000000003,0,Yes
1774541634,31384856,,0.022471,0,Yes
3516471211,3516471196,,0.06865104166666668,1328,No
3516471196,909453442,,0.018529166666666666,16,No
1800459098,3686207071,,0.04707173913043478,23,No
1800459098,1800459126,,0.03445,10,No
3686207071,1800459126,,0.18010434782608697,23,No
1800459126,1800459108,,0.04762727272727274,22,No
1800459108,3686207058,,0.16386206896551725,29,No
1800459108,1800459129,,0.020849999999999997,14,No
3686207058,1800459129,,0.11196733333333335,25,No
1800459129,1800459098,,0.0289939393939394,11,No
9946740209,9946740207,,0.060926400000000006,0,Yes
1853296309,2628479858,,0.024391200000000002,0,Yes
1853296309,18631911,,0.0079176,0,Yes
2043723883,3907572087,,0.21273359999999997,0,Yes
4533984370,3907571845,,0.160212,0,Yes
3907572087,2043723883,,0.6638669706180346,658,No
3025805502,2187198469,,0.3879587765957446,188,No
2187198469,2187198440,,0.362851282051282,39,No
2246314929,773660261,,0.18646896551724138,29,No
2246314929,773660264,,0.3445804570527975,423,No
2260731086,26165886,,0.3878571917808218,146,No
4810580222,15618026,,1.273827777777778,231,No
2262248282,7091784429,,0.05924268177525968,353,No
2262248282,311494772,,0.13106086086086086,333,No
2262248294,3147805129,,0.09100213675213677,39,No
2262248294,2262248282,,0.012526800000000001,0,Yes
2968174745,1458181076,,0.1524408,0,Yes
2287846804,534749,,0.5761812,0,Yes
2480982239,15017249,,0.033438,0,Yes
2480982239,2480982236,,0.039052,0,Yes
2526224463,280221394,,0.25263541666666667,48,No
3930292765,25599928,,0.184,25,No
2594166957,25622151,,0.4711843137254902,119,No
2849823382,30056684,,1.0523318150448584,483,No
3160483032,1458120254,,0.1123697435897436,65,No
2970916280,3371924911,,0.1574295183595613,699,No
2970916280,2970916282,,0.1953777777777778,36,No
2970916282,2968328004,,0.4147375541125541,308,No
3866701865,3866868163,,0.5552481308411216,107,No
3073762516,3877390797,,0.3075775862068965,29,No
3877390797,3877390786,,0.1311792,0,Yes
9976058359,9976058363,,0.045329999999999995,0,Yes
3183738530,3183738525,,0.039046800000000007,0,Yes
3498136595,85807521,,0.518374,0,Yes
7095690295,18630098,,2.667498,0,Yes
3688082989,715865377,,0.23156075268817206,31,No
3861801984,529723416,,0.09962142857142858,42,No
3866868160,25694685,,0.8144439655172415,522,No
3877390786,3073762517,,0.983731884057971,138,No
3907447115,1458180627,,0.05160000000000001,37,No
3907447115,3901577931,,0.05320999757927863,4131,No
3912609299,2574657979,,0.13662546063651593,398,No
3912609299,29812911,,0.15309807692307692,26,No
3952754484,7095690344,,0.6469146766169155,134,No
7095690344,25235133,,1.6900073170731702,615,No
7095690344,7095690293,,0.021444,0,Yes
4030574417,24969731,,0.07646160000000002,0,Yes
6207267162,6207267172,,0.025594,0,Yes
6207267170,6207267165,,0.024416999999999998,0,Yes
6207267172,6207267154,,0.035364999999999994,0,Yes
6207267172,6207267170,,0.020707142857142855,7,No
6207267165,6207267153,,0.03999649122807017,19,No
6207267165,6207267162,,0.018881250000000002,8,No
7095690318,7095690304,,0.03732444444444444,15,No
7095690318,7095690295,,0.5064478985507246,230,No
442874,442928,,0.019760625674217908,1854,No
442928,442874,,0.026912805706521742,2944,No
442928,1803689298,,0.057217756904841786,2981,No
1803689298,442928,,0.04939615991583378,1901,No
1803689298,9946740209,,0.05261710526315791,38,No
442936,264670999,,0.0789072,0,Yes
442936,2071683,,2.1297372,0,Yes
264670999,442936,,0.0789072,0,Yes
264670999,30403571,,2.6762556,0,Yes
2071683,442936,,2.1297372,0,Yes
2071683,27318981,,0.4160154199475065,254,No
2071683,11297162,,1.1256703703703703,612,No
534591,8083440,,0.03093,20,No
8083440,534591,,0.03093,20,No
8083440,534908,,0.07056396396396396,37,No
534608,30436919,,0.19973863636363634,22,No
30436919,534608,,0.15693749999999998,28,No
30436919,534635,,0.8207726224783862,347,No
534629,11769656,,0.035375000000000004,12,No
534629,534635,,2.1117266028309745,1201,No
11769656,534629,,0.015282,0,Yes
534635,30436919,,0.35975759999999996,0,Yes
534635,3160432771,,0.21353760000000002,0,Yes
534635,30409405,,0.29160600000000003,0,Yes
534635,534629,,1.4378364000000003,0,Yes
3160432771,534635,,0.4362998248686515,571,No
30409405,30404993,,0.030311904761904762,14,No
30409405,534635,,0.6141519808743171,244,No
534736,534306820,,0.4654519607843138,340,No
534306820,534736,,1.167472719363659,1341,No
534738,534329195,,2.0520382882882884,1036,No
534738,3853550,,1.263101094527363,670,No
534738,534888,,1.8533720454545455,440,No
534738,21596884,,1.8167124183006536,561,No
534329195,534738,,1.8052952622673442,985,No
3853550,534738,,0.8017368000000001,0,Yes
3853550,15511907,,0.03156,0,Yes
534888,534905,,0.0888912,0,Yes
534888,3564765835,,0.6649163999999999,0,Yes
534888,24669567,,0.45807839999999994,0,Yes
534888,534738,,1.0018227272727274,440,No
21596884,534738,,2.0974770647653007,561,No
21596884,1242395773,,0.8840867647058823,272,No
21596884,21596886,,2.3325718829516533,1048,No
534743,247994358,,0.17724102564102562,91,No
247994358,534743,,0.1289025641025641,91,No
534751,3952754481,,1.4628333980582524,515,No
534751,29510455,,0.01801818181818182,11,No
534754,16574555,,0.31306747967479676,164,No
3952754481,3952754484,,0.009025,8,No
3952754481,16574555,,0.7828572000000001,0,Yes
3952754481,534751,,0.6163848000000003,0,Yes
29510455,534751,,0.014270399999999999,0,Yes
29510455,25873175,,0.14443920000000002,0,Yes
16574555,534754,,0.19456320000000005,0,Yes
16574555,3952754481,,1.9019363519091843,646,No
16574555,3098430373,,1.1376894129979038,159,No
3098430373,16574555,,0.5768566037735849,159,No
2202559858,2071682,,0.2574709302325582,86,No
534774,244038933,,2.200711371069183,1325,No
244038933,534774,,1.0301922567287785,805,No
244038923,30151413,,0.5065974576271186,118,No
30261537,30058364,,0.4986448362720402,397,No
3160432775,30151413,,0.344225352112676,71,No
534905,1854526402,,3.3810385359116024,1086,No
534905,27318980,,1.2685884,0,Yes
534905,534888,,0.08889119999999999,0,Yes
3564765835,3853544,,0.13374720000000004,0,Yes
3564765835,534888,,0.6649163999999999,0,Yes
24669567,534888,,0.45807840000000005,0,Yes
1854526402,27318981,,0.05629166666666668,18,No
1854526402,534905,,3.929315055248618,1086,No
27318980,534905,,2.0413604621715735,1053,No
534908,8083440,,0.6350756756756756,37,No
534908,3853544,,1.8904221163012391,1049,No
3853544,3564765835,,0.18082831858407078,113,No
3853544,534908,,1.7909262154432795,1049,No
535357,30409415,,1.130457194899818,549,No
535357,25479300,,1.6678564509026856,757,No
535357,536582,,1.9744654654654656,666,No
30409415,535357,,0.33346800000000004,0,Yes
25479300,535357,,0.9000479999999997,0,Yes
25479300,301887305,,1.1645807999999997,0,Yes
25479300,2072816,,0.6685152000000001,0,Yes
536582,301887305,,0.5716308,0,Yes
536582,30848648,,3.2737979706877107,1774,No
536582,535357,,2.1225503753753756,666,No
536575,30403571,,0.03392820512820513,13,No
30403571,536575,,0.03392820512820513,13,No
30403571,264670999,,5.287329692965413,2573,No
301887305,536582,,1.3315415793151644,477,No
301887305,536584,,1.0426309358081978,431,No
301887305,25479300,,1.773031782144088,967,No
30848648,74069309,,2.7906970744680843,1504,No
30848648,536582,,3.1740883878241273,1774,No
30848648,31350684,,0.7348007999999999,0,Yes
536584,18627204,,0.0211608,0,Yes
536584,301887305,,0.5218535999999999,0,Yes
18627204,536584,,0.0211608,0,Yes
18627204,30587934,,0.3898968,0,Yes
30587893,2072800,,2.73206393568147,1306,No
536655,27145651,,0.7307853594771241,255,No
536655,25599929,,0.8502149239543727,526,No
536655,264218470,,0.3984634686346864,271,No
536655,3899207524,,0.6199621699669967,404,No
27145651,6207267154,,0.46293508114856435,267,No
27145651,29535607,,2.256107117008443,829,No
27145651,536655,,0.8138291503267974,255,No
25599929,536655,,1.2336451837769327,526,No
264218470,536655,,0.8467348708487084,271,No
3899207524,536655,,0.4873908000000001,0,Yes
536667,21647397,,0.11981159999999998,0,Yes
536667,21647058,,0.2092524,0,Yes
21647397,536667,,0.1198116,0,Yes
21647058,21647057,,0.024108,0,Yes
21647058,536667,,1.0467920212765958,658,No
536672,344434421,,0.6282031103286385,568,No
536672,1630023963,,1.2305219461697723,966,No
536672,903656551,,1.630498565891473,430,No
536672,3100041009,,1.930045786214324,1238,No
344434421,536672,,1.301233645443196,1068,No
1630023963,536672,,1.7204770339855822,971,No
903656551,536672,,1.2943132945736435,430,No
903656551,311941598,,2.261478712998713,1295,No
903656551,16574525,,0.5988203703703705,324,No
3100041009,536672,,0.7714643999999998,0,Yes
536674,21540524,,0.26034240000000003,0,Yes
536674,31296012,,0.8033231999999999,0,Yes
21540524,2297619,,1.5464483999999998,0,Yes
21540524,21527766,,1.0075211999999998,0,Yes
21540524,536674,,0.9411159817351596,219,No
31296012,536674,,1.8841199216837985,681,No
536675,248219433,,3.142122958963282,2315,No
248219433,248219434,,0.07698979591836733,49,No
248219433,536675,,3.0922479913606913,2315,No
2071674,11769758,,0.03397638888888888,24,No
2071674,534316145,,0.14424852430555554,768,No
11769758,2071674,,0.07433022294138798,927,No
11769758,3121547154,,0.5855522255943348,659,No
534316145,2071674,,0.18036936936936934,37,No
534316145,534316143,,0.03953519999999999,0,Yes
2071682,7101166877,,0.9630611999999997,0,Yes
2071682,2287857538,,0.6209928,0,Yes
2071682,7093468874,,0.0532656,0,Yes
2071682,2202559858,,0.106284,0,Yes
7101166877,2071682,,1.6470263059701493,804,No
2287857538,24973504,,0.017579487179487176,13,No
2287857538,2071682,,1.1588157389635316,521,No
7093468874,2071682,,0.2046255319148936,47,No
27318981,1854526402,,0.037527777777777785,18,No
27318981,2071683,,0.8819526902887139,254,No
11297162,11306937,,1.0664267104542968,609,No
11297162,2071683,,1.1422243464052286,612,No
11297162,2071687,,0.48543366555924694,301,No
2071687,11297162,,0.6026073089700997,301,No
2071687,11297128,,0.5182068000000001,0,Yes
11297128,11306937,,1.2052187999999997,0,Yes
11297128,2071687,,0.5182068000000002,0,Yes
2072800,2274921120,,0.48612239999999995,0,Yes
2072800,30709473,,0.0836928,0,Yes
2072800,30587893,,1.6488334103512015,1082,No
2274921120,2072802,,0.021718333333333333,10,No
2274921120,2072800,,1.6091275184275184,407,No
30709473,2072800,,0.17278918918918917,74,No
30709473,31350685,,0.9310552440290755,642,No
30709473,10712397266,,0.5524243589743589,429,No
2072802,316507154,,0.8214892037786774,494,No
2072802,2274921120,,0.021718333333333333,10,No
316507154,2072802,,0.7050534814814816,225,No
1485594778,10919238,,0.3661493775933611,241,No
2072816,25479300,,0.6685152000000002,0,Yes
2039066667,30847942,,0.6871776000000002,0,Yes
3869392962,25694685,,1.2471539999999997,0,Yes
2297615,21540856,,0.11708880000000002,0,Yes
2297615,270909880,,0.7492032,0,Yes
21540856,2297619,,0.6816453257790368,353,No
21540856,2297615,,0.5700199312714778,97,No
270909880,2297615,,1.7342666666666664,624,No
270909880,270909809,,1.2095413838120104,766,No
270909880,21647107,,0.7391864197530864,324,No
270909880,133281288,,0.6457529320987656,324,No
2297619,21540524,,3.45248655332303,1294,No
2297619,21540856,,0.6982708215297448,353,No
3411653,26165869,,1.4566957389428263,309,No
26165869,3411653,,0.9728849975526186,2043,No
15511907,3853550,,0.03156,0,Yes
9100179,3137684031,,0.6756743999999999,0,Yes
9100179,4385377370,,0.08680080000000001,0,Yes
3137684026,1703242714,,0.2370528,0,Yes
3137684031,9100179,,0.6756743999999999,0,Yes
3137684031,25949615,,1.7724767609126983,672,No
4385377370,9100179,,0.38578133333333336,75,No
4385377370,11298793,,0.7950456140350878,342,No
4385377370,24973474,,0.4863164556962026,79,No
9100190,9982673432,,0.53465,192,No
9982673432,9100190,,0.300740625,192,No
9982673425,3371924911,,1.0314035692679973,551,No
10919223,25740441,,0.6519,19,No
25740441,10919223,,0.0608870297029703,1010,No
25740441,1587510067,,0.33632159927747673,2399,No
10919230,86684589,,0.0097356,0,Yes
10919230,560450644,,0.0288828,0,Yes
86684589,10919230,,0.0097356,0,Yes
86684589,10919252,,0.985446,0,Yes
560450644,25319455,,0.40707600000000005,0,Yes
560450644,10919230,,0.06685833333333333,24,No
10919238,1485594778,,0.5492240663900415,241,No
10049596107,11008006,,1.9500065989847715,1182,No
10919252,3073762517,,2.259725603864734,1173,No
10919252,86684589,,1.3786410800970876,824,No
3073762517,3074985402,,0.04171666666666667,15,No
3073762517,10919252,,2.857888263711281,1173,No
10919767,30847942,,1.6404549368968075,898,No
30847942,10919767,,1.1574022426817754,706,No
30847942,2039066667,,0.8328214077952297,573,No
30847942,1942977739,,0.5105843999999999,0,Yes
10919780,10919782,,0.31571520000000003,0,Yes
10919780,126667225,,0.5602464,0,Yes
10919780,3151457278,,0.7081092000000001,0,Yes
10919782,2262218571,,0.49095960000000005,0,Yes
10919782,3147805129,,0.4379948275862069,87,No
10919782,10919780,,0.9396285714285715,266,No
126667225,10919780,,0.7781199999999999,470,No
3151457278,10919780,,0.8638719594594594,592,No
2262218571,10919782,,1.4485311487758945,885,No
3147805129,10919782,,0.3406626436781609,87,No
10919797,3864841571,,0.3088074845679012,648,No
3864841571,10919797,,0.286006338028169,497,No
3864841571,3866701865,,0.6928578544061302,261,No
3864841571,3864841558,,0.4901468428781204,227,No
1952603929,25106277,,0.49781759999999997,0,Yes
11004470,3324432562,,2.0621891999999997,0,Yes
11004470,415524744,,0.8671044000000001,0,Yes
11004470,27252041,,1.6775261999999995,0,Yes
3324432562,11004470,,2.0621892,0,Yes
415524744,3878906071,,0.0951060606060606,22,No
415524744,11004470,,1.314096984346225,724,No
27252041,1621457361,,0.8328134517766497,394,No
27252041,11004470,,3.8015427680798,2807,No
27252041,1620070195,,1.5500761990407665,834,No
11004892,7260653744,,9.886949195402297,1885,No
3780365870,25621848,,0.019759340449866564,2623,No
7260653744,11004892,,2.3250122014537906,1284,No
11005259,11005395,,2.9098513011152423,1883,No
11005395,29138057,,3.0756398107714698,1145,No
11005395,11005259,,2.25432,0,Yes
11005395,11298154,,3.1083695999999996,0,Yes
1762496623,2970916246,,0.33856079999999994,0,Yes
1762496623,1458120323,,0.018747600000000003,0,Yes
29138057,312068717,,0.6668004000000001,0,Yes
29138057,11005395,,2.5768874090247462,1145,No
29138057,11297938,,0.27850019379844954,86,No
11298154,11005395,,4.2706515011547355,2598,No
11298154,81580487,,0.8785949698189135,497,No
11298154,2241123813,,5.00097831042181,2837,No
11005798,312068717,,0.08049754901960784,34,No
11005798,1458180754,,3.751415935169249,2324,No
11005798,312068888,,0.16957731958762884,970,No
312068717,11005798,,0.2575921568627451,34,No
312068717,29138057,,1.805834913536076,559,No
1458180754,11005798,,2.7652727999999986,0,Yes
1458180754,255886038,,0.416472,0,Yes
1458180754,3901577931,,0.21495840000000002,0,Yes
312068888,3123615192,,0.17105160000000003,0,Yes
312068888,11005798,,0.0394776,0,Yes
25600624,2628479858,,1.777569380271361,909,No
25600624,246859505,,0.28823429752066115,121,No
25600624,25600626,,0.8572379912663755,229,No
11007218,3877452744,,1.309835703363914,436,No
3877452744,33476661,,2.694045053003533,1698,No
3877452744,3877390786,,1.5556468926553675,472,No
3877452744,11007218,,0.6134673547400612,436,No
11007703,95145069,,0.02804035087719298,19,No
11007703,99094266,,2.5635660522273427,1519,No
95145069,10712397264,,1.4658716242661447,1022,No
95145069,11007703,,0.0191796,0,Yes
99094266,1211691752,,0.8646971999999999,0,Yes
99094266,3121844724,,0.6695460000000001,0,Yes
99094266,11007703,,1.8205980000000002,0,Yes
11008006,10049596107,,1.4184048,0,Yes
11069287,11069422,,4.464514318529862,3265,No
11069287,28196757,,0.9291664785553047,443,No
11069287,203786445,,4.48784693877551,3675,No
11069422,2970916246,,6.845371104373392,7256,No
11069422,11069287,,4.2819505359877486,3265,No
28196757,11069287,,0.9291664785553047,443,No
28196757,78031855,,1.7521151980874312,976,No
203786445,11069287,,4.039062244897959,3675,No
203786445,3878906071,,0.29955238095238096,28,No
2970916246,11069422,,6.615496589916819,7253,No
2970916246,1762496623,,0.33856079999999994,0,Yes
11070701,31353312,,0.0968292,0,Yes
11070701,3183738525,,0.8875290000000001,0,Yes
31353312,11070701,,0.0968292,0,Yes
3183738525,3183738527,,0.0250248,0,Yes
3183738525,11070701,,2.4322662751677857,1490,No
11070793,3183738502,,1.412579897815363,946,No
11070793,3183738527,,0.0315395061728395,27,No
3183738502,3183713693,,0.7132841825902335,471,No
3183738502,2134245708,,5.540473142957254,2854,No
3183738502,11070793,,1.4624356589147287,946,No
3183738527,3183738525,,0.0662031746031746,21,No
3183738527,11070793,,0.04730925925925926,27,No
3183738527,3183738530,,0.035699999999999996,22,No
11306937,9946740207,,1.7131115761448348,1565,No
11306937,11297162,,0.7306355999999999,0,Yes
11306937,11297128,,1.2052188000000004,0,Yes
11297673,33476661,,0.473652,0,Yes
11297673,3061333822,,1.1845511999999996,0,Yes
11297673,60577293,,2.1365615999999994,0,Yes
33476661,10581412104,,4.3398990527740215,2217,No
33476661,3877452744,,3.026643207695328,1698,No
33476661,11297673,,1.1206797494780794,479,No
3061333822,3212482939,,2.6679179822173826,1837,No
3061333822,3884698667,,3.104100801875154,1351,No
3061333822,11297673,,2.089682056451613,992,No
60577293,11297673,,2.94581076836792,1783,No
60577293,159733475,,0.5077947619047619,35,No
11297938,2241123813,,0.045450000000000004,25,No
11297938,29138057,,0.19658837209302327,86,No
11297938,2241122861,,0.031986,0,Yes
2241123813,11297938,,0.027270000000000003,0,Yes
2241123813,11298154,,3.3937535999999984,0,Yes
2241122861,11297938,,0.031986,0,Yes
2241122861,32547463,,4.458098400000004,0,Yes
81580487,31353295,,0.014788333333333332,10,No
81580487,11298154,,1.2432947686116702,497,No
11298793,255886038,,2.3206573033707856,1424,No
11298793,4385377370,,0.5134669590643275,342,No
11298793,25599933,,1.0501953071672354,586,No
11298793,3137621725,,0.07622999999999999,50,No
255886038,1458180754,,1.4802744552619378,719,No
255886038,797425334,,0.34194891505078484,4332,No
255886038,11298793,,2.7216813417190764,1431,No
25599933,2572637252,,1.5280335570469794,894,No
25599933,10584342336,,0.2950032,0,Yes
25599933,11298793,,0.7033308000000001,0,Yes
3137621725,11298793,,0.0548856,0,Yes
11305234,2078553223,,0.03844,0,Yes
11305234,1587510067,,0.9200339999999998,0,Yes
2078553223,11305234,,0.017796296296296296,18,No
2078553223,85890601,,1.564072649082569,872,No
1587510067,25740441,,1.413363333333333,165,No
1587510067,11305234,,1.4400359455958553,772,No
1587510067,2482228310,,1.6460214559386972,435,No
9946740207,11306937,,1.7297437273695426,1565,No
7128283648,380950155,,0.016669047619047618,14,No
3121547154,11769758,,0.9158932648401826,292,No
12961684,64804962,,0.17334032258064516,31,No
64804962,12961684,,0.17911833333333332,30,No
64804962,3057030904,,0.14556000000000002,0,Yes
784730663,3057282550,,0.4388196,0,Yes
15017249,15017262,,0.005714571428571429,0,Yes
15017249,2480982236,,0.015433714285714285,0,Yes
15017262,15017249,,0.005714571428571429,0,Yes
2480982236,15017249,,0.03334444444444444,18,No
15017430,1065689955,,0.020439393939393938,11,No
15017430,25319473,,1.4436119584055456,1154,No
1065689955,15017430,,0.020439393939393938,11,No
1065689955,1054691691,,0.04649393939393939,33,No
25319473,15017430,,1.6759173310225306,1154,No
25319473,25319455,,3.274166887735487,1734,No
15612128,24953182,,0.6117165151515151,220,No
15612128,3150424525,,0.4939541666666667,240,No
24953182,3150424525,,0.7634011376564277,293,No
24953182,25106277,,0.3887544,0,Yes
24953182,3866974284,,0.4820316,0,Yes
24953182,15612128,,0.2618808000000001,0,Yes
3150424525,15612128,,0.2845175999999999,0,Yes
3150424525,24953182,,0.35010240000000004,0,Yes
3150424525,4516060826,,1.9156137937002422,963,No
903673001,21647146,,0.01793194444444444,12,No
903673001,270909591,,1.0167899659863944,392,No
16573458,16573467,,0.050232500000000006,20,No
16573458,21529707,,3.2812647557131602,846,No
16573467,16573458,,0.050232500000000006,20,No
16573467,3844764341,,0.566519200779727,342,No
3840043618,25949482,,1.895401465756886,1319,No
21529707,2272203032,,2.744727810650888,676,No
21529707,1150742708,,2.7964623490669585,911,No
21529707,3013520884,,1.5086579999999998,0,Yes
21529707,16573458,,1.0145604000000001,0,Yes
3844764341,16573467,,0.4102932,0,Yes
3844764341,3844764334,,0.08944800000000001,0,Yes
16573543,3846282157,,0.06368399999999999,0,Yes
16573543,3844764355,,1.069056838365897,563,No
3846282157,16573543,,1.2972666666666666,105,No
3846282157,2187198469,,0.8485502336448599,428,No
3844764355,3844764334,,0.1703742470805163,1627,No
3844764355,16573543,,0.6231310483870968,248,No
16574244,25623811,,0.1960987341772152,79,No
3861801989,3861801984,,0.2862971346704871,1047,No
25623811,16574244,,0.9478105485232068,79,No
25623811,529723416,,0.14161403508771928,57,No
25623811,2503004249,,0.2670152046783625,114,No
16574525,903656551,,0.3880356,0,Yes
18178749,21596886,,0.020113199999999998,0,Yes
18178749,299844554,,0.111222,0,Yes
21596886,21596884,,1.2571896000000002,0,Yes
21596886,18178749,,0.0201132,0,Yes
299844554,3147881709,,0.27056460905349794,162,No
299844554,18178749,,0.6370103092783506,97,No
18178769,25873183,,0.031549019607843135,17,No
25873183,18178769,,0.031549019607843135,17,No
30587934,18627204,,1.016397641025641,325,No
30587934,18627237,,0.8349266431924883,142,No
30587934,28796744,,1.5710941324694025,463,No
18627237,30587934,,0.289668427230047,142,No
18628215,25600626,,3.834363293310464,1166,No
18628215,297481606,,1.4860964052287584,918,No
18628215,3057282550,,0.5651459999999999,0,Yes
18628215,3212449669,,0.9945215999999999,0,Yes
25600626,3123615192,,0.26946840000000005,0,Yes
25600626,18628215,,1.4243472000000001,0,Yes
25600626,25600624,,0.27714,0,Yes
297481606,33477164,,0.029319298245614033,19,No
297481606,18628215,,1.9202369281045755,918,No
3057282550,784730663,,0.9529661999222093,857,No
3057282550,18628215,,1.3247679324894512,474,No
3057282550,2628479841,,0.9136065927295132,541,No
3212449669,752186307,,0.12895886524822694,47,No
3212449669,18628215,,1.714118554216867,830,No
3212449669,3884698667,,0.07007777777777777,42,No
3212449669,3686207058,,1.6685313483146067,890,No
2628479841,3057282550,,1.5946587800369691,541,No
442828572,442828559,,0.128405,0,Yes
21527733,7193964013,,0.498138,0,Yes
7193964013,21527733,,0.498138,0,Yes
21527766,21596461,,0.1139364,0,Yes
21527766,21540524,,1.0075212000000002,0,Yes
21596461,21527766,,0.27450663265306124,98,No
21596461,311494772,,0.41545498084291194,87,No
21527804,24944059,,2.1347570512820515,1326,No
21527804,221994427,,0.5000214285714285,210,No
21527804,21616650,,6.701535402774583,4349,No
24944059,248219538,,2.320435714285715,980,No
24944059,21527804,,2.0851115384615375,1326,No
24944059,21528488,,2.9105811160384354,2255,No
221994427,248219434,,0.10389423076923077,52,No
221994427,248219538,,2.030928479125248,1006,No
221994427,21527804,,0.25201080000000003,0,Yes
21616650,3516121147,,0.37451760000000006,0,Yes
21616650,316299769,,0.6085008000000001,0,Yes
21616650,21527804,,2.597077200000001,0,Yes
21528488,24944059,,1.350177,0,Yes
21528488,25306315,,1.0611944973544973,945,No
21528488,21528509,,3.2649723526077103,2940,No
25306315,25283723,,5.121078942493896,3959,No
25306315,21528488,,1.0611944973544976,945,No
21528509,270909591,,3.7261980541116886,2501,No
21528509,21528512,,0.4864238782051281,208,No
21528509,21528488,,3.198678497732426,2940,No
270909591,903673001,,0.6370772540983607,244,No
270909591,392656728,,1.2108249999999998,1080,No
270909591,21528509,,3.509945488471279,2501,No
21528512,25272871,,1.2297960000000003,0,Yes
21528512,21528509,,0.125598,0,Yes
21528512,25283723,,1.809705,0,Yes
25272871,21647146,,2.636532000000001,0,Yes
25272871,21528512,,1.229796,0,Yes
25272871,25281950,,1.7730993299832496,1194,No
25283723,21528512,,4.218309977888337,3015,No
25283723,25306315,,5.254093979961269,3959,No
25283723,25281950,,3.7033147839666825,1921,No
2272203032,2968174745,,2.4073866835585584,1184,No
2272203032,3942350550,,1.0349130434782605,276,No
2272203032,21529707,,2.112608678500987,676,No
1150742708,2255742337,,0.19512837265577734,551,No
1150742708,21529707,,3.1293745334796927,911,No
3013520884,21529707,,3.820358744692144,1256,No
3013520884,3160439147,,0.0774528,0,Yes
3013520884,297497356,,0.9067427999999998,0,Yes
3013520884,25949615,,0.30378240000000006,0,Yes
311494772,21596461,,0.1040964,0,Yes
1242395773,21596884,,0.32667840000000004,0,Yes
1242395773,940312683,,0.46890000000000004,154,No
3516121147,270909809,,0.29956666666666665,40,No
3516121147,21616650,,0.7191968917470524,311,No
316299769,21616650,,1.1978362204724409,508,No
21647107,270909880,,0.5879891975308643,324,No
271287016,21647057,,0.909260423704955,2368,No
21647057,271287016,,0.31003747619047617,350,No
21647057,21647058,,0.0672227533460803,523,No
21647146,25272871,,3.26089323034984,2201,No
21647146,903673001,,0.01793194444444444,12,No
25873175,29510455,,0.14443920000000002,0,Yes
248219538,248219540,,0.14273399999999997,0,Yes
248219538,24944059,,1.1694996,0,Yes
248219538,221994427,,1.1959691999999997,0,Yes
24953131,1636482042,,0.021241200000000002,0,Yes
1636482042,24953131,,0.052061764705882356,17,No
24953179,3998373587,,1.76718292042042,888,No
24953179,24953181,,0.17273694779116466,83,No
24953179,3864841558,,0.7083345794392524,107,No
24953179,3043453331,,1.108184,425,No
3998373587,24953179,,1.7671829204204201,888,No
24953181,24953179,,0.29838773265651436,394,No
3864841558,24953179,,0.362403738317757,107,No
3864841558,2187198440,,1.938647720364742,987,No
3864841558,3864841571,,0.6422613803230542,227,No
3043453331,3866868163,,0.5442420000000001,0,Yes
3043453331,30332565,,0.7260227999999999,0,Yes
3043453331,24953179,,0.5137944,0,Yes
3043453331,461740603,,0.9834780000000001,0,Yes
25106277,1952603929,,0.49781759999999997,0,Yes
25106277,3866974284,,0.8806567168863778,531,No
25106277,24953182,,1.3789151794871795,325,No
3866974284,25106277,,1.3126769930947897,531,No
3866974284,3866868160,,2.68446186770428,1799,No
3866974284,24953182,,0.8718152743652743,407,No
24953550,288154942,,0.23208948717948716,130,No
288154942,24953550,,0.21551166666666668,130,No
301388728,24973474,,1.1630826506024097,415,No
4030574404,4030574417,,0.7829625954198471,393,No
8378156321,8378156320,,1.534849001536098,434,No
24973452,2255742337,,0.23908799999999997,0,Yes
2255742337,24973452,,0.23908800000000002,0,Yes
2255742337,1150742708,,0.0604776,0,Yes
24973474,301388728,,0.4894776,0,Yes
24973474,25433992,,0.6806892000000001,0,Yes
24973474,4385377370,,0.3728426160337553,79,No
25433992,24973474,,1.5226823303834809,565,No
24973504,2287857538,,0.017579487179487176,13,No
24973504,311651883,,2.298426947040498,535,No
311651883,24973504,,1.7540382373113856,486,No
27598015,27254447,,0.014572222222222223,12,No
27598015,442832879,,0.3658793281653747,258,No
25281950,25272871,,1.7068152428810714,1194,No
25281950,25283723,,3.369682821447162,1921,No
25281950,668019917,,2.1983172619047626,1680,No
668019917,1798264163,,0.03547971428571429,0,Yes
668019917,25281950,,1.4388985714285711,0,Yes
25319455,25319473,,2.0749908,0,Yes
25319455,560450644,,0.40707600000000005,0,Yes
25319455,86661782,,1.836888,0,Yes
86661782,1054691691,,0.7469929245283018,424,No
86661782,85807931,,0.9302025797691788,491,No
86661782,25740442,,1.0506033685601057,757,No
86661782,25319455,,2.316273241889832,1531,No
1703242714,3137684026,,0.8822771241830066,1071,No
28796755,29535607,,2.0415039331366764,678,No
2526224454,3930292765,,0.02057222222222222,9,No
2526224454,10584342336,,0.05635353535353536,33,No
2572637252,25599933,,1.7605604026845636,894,No
10584342336,25599933,,1.2514663877266388,239,No
10584342336,2526224454,,0.033474,0,Yes
2628479858,25600624,,1.0872744000000003,0,Yes
246859505,25600624,,0.1477116,0,Yes
3123615192,25600626,,0.26946839999999994,0,Yes
3123615192,312068888,,0.17105160000000003,0,Yes
3123615192,3212482939,,1.3252306034482764,348,No
29812910,29812911,,0.014309722222222222,12,No
25621848,3780365870,,0.2597083333333333,18,No
25621848,3979445014,,0.052301923076923086,26,No
3979445014,27410712,,0.777833770718232,724,No
3979445014,25621848,,0.0871698717948718,26,No
2503004249,25623811,,0.25032675438596497,114,No
3844764334,3844764341,,0.23503603603603598,74,No
3844764334,3844764355,,0.4392327067669173,266,No
529723416,25623811,,0.1770175438596491,57,No
25694685,3869392962,,1.2471539999999997,0,Yes
3866868163,3866868160,,0.0265524,0,Yes
3866868163,3043453331,,0.5442420000000001,0,Yes
25694759,364757216,,0.2781576,0,Yes
364757216,3612398319,,0.0329544,0,Yes
364757216,25694759,,0.5735903930131003,229,No
25694763,3842071988,,1.6142840511860175,534,No
25694763,1785077919,,1.1910439024390242,492,No
25694763,3859885311,,1.2186902286902286,481,No
3842071988,2610458800,,0.11900707070707071,66,No
3842071988,25694763,,1.1316630461922597,534,No
3842071988,335688683,,2.020611977136919,1283,No
1785077919,3840043623,,0.36065897435897437,39,No
1785077919,25694763,,1.0752479674796747,492,No
3859885311,3859855171,,0.11362702702702702,37,No
3859885311,25694763,,0.57816,0,Yes
25740442,86661782,,0.908922,0,Yes
25949480,3840142105,,0.7789140000000001,0,Yes
25949480,3942350550,,2.5181280000000004,0,Yes
3840142105,3840043623,,0.0490188,0,Yes
3840142105,25949480,,1.8707161528150134,746,No
3942350550,25949480,,4.751811876484562,2105,No
3942350550,3840043623,,3.7428345388788435,1659,No
3942350550,2272203032,,1.9085167883211678,274,No
25949482,3840043623,,0.4416956521739131,207,No
25949482,30156768,,1.4696039586144851,741,No
25949482,3840043618,,1.6301715697453436,1754,No
3840043623,3942350550,,3.4267729555957405,1659,No
3840043623,1785077919,,0.08196794871794871,39,No
3840043623,3840142105,,0.10416042128603105,1353,No
3840043623,25949482,,0.24381599999999998,0,Yes
30156768,198189803,,0.7047852000000001,0,Yes
30156768,3020440809,,0.08129040000000001,0,Yes
30156768,25949482,,0.8909807999999999,0,Yes
25949615,3137684031,,0.8014908000000002,0,Yes
25949615,3013520884,,0.6336527472527473,273,No
25949615,3160439147,,0.4173184647302905,241,No
3160439147,3160483032,,0.7479469365426695,457,No
3160439147,25949615,,0.3171620331950207,241,No
3160439147,3013520884,,0.2689333333333333,64,No
440369967,277060367,,1.5165297640117992,1130,No
6207267154,27145651,,0.8266697877652933,267,No
29535607,3057030904,,1.3624210031347959,638,No
29535607,27145651,,1.5261901085645355,829,No
29535607,28796755,,1.688994881398252,1335,No
29535607,258315633,,0.8543448,0,Yes
27145655,3907572085,,1.680684,0,Yes
27145655,258315627,,1.2603192000000003,0,Yes
27145655,6207267153,,0.13048320000000002,0,Yes
27145655,2233985754,,0.2552784,0,Yes
3907572085,3907572087,,0.42223462532299744,129,No
3907572085,27145655,,2.9841690340909084,1408,No
258315627,27279339,,0.5383406926406926,77,No
258315627,27145655,,2.5813693135543914,1146,No
6207267153,27145655,,0.4403638629283489,107,No
2233985754,2986258962,,0.43953934426229513,61,No
2233985754,27145655,,0.5518990566037736,212,No
27252028,27410728,,0.23463194444444446,36,No
27252028,31342626,,2.3746935458076304,1459,No
27410728,27252028,,0.07219444444444445,36,No
27410728,27410733,,0.0490488,0,Yes
27410728,292884981,,0.0493884,0,Yes
27410728,292884983,,0.0478776,0,Yes
31342626,27252028,,1.7444532000000006,0,Yes
31342626,3878906071,,0.49625520000000006,0,Yes
31342626,3879014011,,2.160085709603409,1017,No
1621457361,27252041,,0.9857791878172589,394,No
1621457361,8832171454,,3.6034946396123564,3302,No
1620070195,27252041,,3.533507034372501,834,No
1620070195,27252049,,0.13659770114942527,87,No
1620070195,30752442,,2.4550028402744535,2089,No
27252049,1620070195,,1.075706896551724,87,No
27254447,27598015,,0.014572222222222223,12,No
27254447,335688683,,0.061565591397849465,31,No
335688683,27254447,,0.2770451612903226,31,No
335688683,3842071988,,1.5426119999999997,0,Yes
27254448,27598012,,0.0123348,0,Yes
27598012,27254448,,0.0123348,0,Yes
27598012,442832879,,0.038536799999999996,0,Yes
27279339,3123815945,,0.8359512000000001,0,Yes
27279339,3907571845,,0.7697804971319311,523,No
27279339,258315627,,0.11083484848484848,77,No
27279339,258315633,,0.13383243243243242,74,No
3123815945,27279339,,2.5579495469718636,699,No
3123815945,3057030904,,2.6035624897624894,1221,No
3123815945,31272925,,1.822783210332103,1084,No
3907571845,27279339,,1.0037277486910994,191,No
258315633,27279339,,0.5353297297297297,74,No
258315633,29535607,,2.712681206171108,713,No
27410692,277060338,,1.5782590531314933,1123,No
27410692,27410694,,0.4220436,0,Yes
27410692,5723810625,,0.5860596000000001,0,Yes
277060338,27410779,,0.04878,0,Yes
277060338,27410692,,1.3432811999999998,0,Yes
27410694,297712356,,0.09314040000000001,0,Yes
27410694,297712369,,0.3261069209039548,118,No
27410694,27410692,,0.4662729166666667,352,No
5723810625,292884981,,1.7139313004194896,1033,No
5723810625,27410692,,1.1159288978494621,496,No
5723810625,4862265262,,1.2409110455974846,424,No
297712356,297712369,,0.1511189189189189,37,No
297712356,27410694,,0.1597057613168724,81,No
297712356,1359769517,,1.9534174100719424,1390,No
297712369,297712356,,0.16790990990990987,37,No
297712369,1359769521,,2.6907619507706464,1449,No
297712369,27410694,,0.124802,0,Yes
27410712,1359769517,,0.048928,0,Yes
27410712,1359769521,,0.0345264,0,Yes
27410712,3979445014,,0.8627004000000003,0,Yes
1359769517,27410712,,0.048928,0,Yes
1359769517,297712356,,2.036896786570743,1390,No
1359769517,1359769521,,0.202125,40,No
1359769521,297712369,,2.671945433632391,1449,No
1359769521,27410712,,0.29808828828828826,37,No
1359769521,1359769517,,0.2627625,40,No
27410733,3879014012,,2.347542393162393,1950,No
27410733,27410728,,0.1042535222672065,1235,No
292884981,27410728,,0.30309418604651156,43,No
292884981,5723810625,,1.5808104227170054,1033,No
292884983,27410728,,0.09731219512195123,41,No
292884983,3912609284,,0.241488,0,Yes
3879014012,3879014011,,0.037068000000000004,0,Yes
3879014012,27410733,,1.2579960000000003,0,Yes
27410779,277060367,,0.051694799999999985,0,Yes
27410779,277060338,,0.04878,0,Yes
27410779,257756770,,0.053375,36,No
27410779,257756769,,0.0806682098765432,54,No
277060367,27410779,,0.16317803030303027,44,No
277060367,440369967,,1.483199439528024,1130,No
257756770,27410779,,0.1423333333333333,36,No
257756770,2574657979,,1.3296429913566328,887,No
257756769,27410779,,0.4033410493827161,54,No
27413455,909453442,,0.24483737864077665,206,No
27413455,27413456,,0.04906666666666667,45,No
909453442,27413455,,0.22851488673139156,206,No
27413456,27413455,,0.052992,0,Yes
442832879,27598012,,0.038536799999999996,0,Yes
442832879,27598015,,0.3089352,0,Yes
78031855,30814232,,1.4512728,0,Yes
78031855,28196757,,1.1615532,0,Yes
78031855,30752442,,1.8306892733564013,1445,No
2986258962,2233985754,,0.19650803714377202,1041,No
28796744,30151418,,0.05544687500000001,16,No
28796744,30587934,,1.0749591432685386,463,No
30151418,28796744,,0.055446875,16,No
206127721,1619208224,,0.7607229681978798,283,No
28796761,33477164,,0.6630725436179982,363,No
33477164,297481606,,0.029319298245614033,19,No
33477164,28796761,,1.060916069788797,363,No
29401767,8832171454,,0.021083333333333332,9,No
8832171454,29401767,,0.009758571428571427,0,Yes
8832171454,1621457361,,2.8199777142857148,0,Yes
95789730,290077166,,0.20259000000000002,0,Yes
3057030904,64804962,,0.14556000000000002,0,Yes
3057030904,3123815945,,1.4672075999999996,0,Yes
3057030904,29535607,,2.0270166144200625,638,No
29812911,29812910,,0.028619444444444444,12,No
29812911,2574657979,,0.03652222222222222,15,No
3912609301,2209463058,,0.2792123762376238,101,No
2574657979,29812911,,0.07304444444444444,15,No
2574657979,257756770,,1.1634376174370533,887,No
29954400,29954442,,2.944467049504949,2525,No
29954442,29954445,,0.10065846153846154,65,No
29954442,149442439,,0.11585364202545359,1231,No
29954442,29954400,,3.4013671089108914,2525,No
29954445,149442439,,0.041725000000000005,0,Yes
29954445,29954442,,0.130856,0,Yes
29954445,29954503,,2.8875200000000003,0,Yes
149442439,149440544,,1.574422,0,Yes
149442439,29954445,,0.04172500000000001,0,Yes
149442439,29954442,,0.1144906580016247,1231,No
29954503,29954445,,2.424533701403267,1449,No
30058364,30261537,,0.9043949238578681,591,No
30058364,7128283652,,2.024746159122085,1458,No
7117637008,30151413,,0.74734473168821,851,No
7128283652,30058364,,1.1300527091460772,769,No
30151413,7117637008,,0.7944955713720839,843,No
30151413,3160432775,,0.10326760563380283,71,No
30151413,244038923,,0.2701853107344633,118,No
198189803,30156768,,0.8715950913242008,584,No
198189803,3859855171,,0.04249080000000001,0,Yes
3020440809,30156768,,0.0812904,0,Yes
30332565,3043453331,,0.7260228000000001,0,Yes
3612398319,364757216,,0.0329544,0,Yes
30404993,30409405,,0.0152772,0,Yes
1619208224,206127721,,1.289921554770318,283,No
31350685,30709473,,1.330078920041537,642,No
10712397266,30709473,,0.9039671328671329,429,No
30752442,1620070195,,2.8033478378809633,2089,No
30752442,78031855,,1.8306892733564009,1445,No
30814232,78031855,,3.3718241902419015,2439,No
1942977739,30847942,,1.2651413145539907,426,No
74069309,30848648,,3.8442867467718806,2788,No
31350684,30848648,,1.43646273867976,611,No
31272925,246859538,,0.5024574712643678,29,No
31272925,3123815945,,1.2933143999999999,0,Yes
246859538,31272925,,0.0403512,0,Yes
3878906071,415524744,,0.030129600000000006,0,Yes
3878906071,31342626,,0.49625520000000006,0,Yes
3878906071,203786445,,0.0377436,0,Yes
3879014011,3879014012,,0.0572037037037037,27,No
3879014011,31342626,,2.6773923699575364,1256,No
31353295,81580487,,0.014788333333333332,10,No
31353295,9976058363,,0.6990471744471743,407,No
31353296,264590513,,4.396914835490147,3941,No
9976058363,31353295,,0.9986388206388206,407,No
264590513,31353296,,4.376076376554174,3941,No
31384856,296239234,,0.005202857142857144,6,Yes
31384856,1774541625,,0.0343984126984127,21,No
296239234,31384856,,0.01686111111111111,6,No
296239234,2626739932,,0.020913428571428572,0,Yes
1774541625,31384856,,0.018575142857142856,0,Yes
32547462,32547463,,0.09157599999999999,0,Yes
32547463,34030529,,3.309903599999999,0,Yes
32547463,32547462,,0.09157599999999999,0,Yes
32547463,2241122861,,6.519438374071089,3723,No
34030529,149435529,,9.076005803073228,3883,No
34030529,32547463,,3.6616923726768036,2762,No
34030529,34030520,,1.3545118605958404,593,No
10581412104,3073762516,,2.6415147175815434,1257,No
10581412104,1098659654,,12.310853644314872,1029,No
10581412104,33476661,,3.757920252593595,2217,No
34030507,34030520,,2.6731796854273258,1759,No
34030520,34030529,,1.090216863406408,593,No
34030520,34030507,,2.0256392647337504,1759,No
149435529,149440544,,1.5008250000000003,0,Yes
149435529,81580581,,2.2886928,0,Yes
149435529,34030529,,6.3754608,0,Yes
159733475,60577293,,0.0412788,0,Yes
81580494,81580581,,2.2259328,0,Yes
81580581,149435529,,6.182043626806831,3805,No
81580581,3183713693,,2.894369004641567,1939,No
81580581,3193824078,,1.5678252873563212,1363,No
81580581,81580494,,3.039796578426076,1851,No
3183713693,81580581,,2.678123044524669,1939,No
3183713693,3183738502,,0.7298721868365179,471,No
3183713693,9976058359,,1.3458529620853081,1266,No
3193824078,3193824080,,0.016017857142857143,14,No
3193824078,81580581,,1.6178622646123741,1363,No
81580688,250923558,,1.2739622885572137,670,No
250923558,81580688,,0.8086308000000001,0,Yes
84465051,3193824080,,1.0135464,0,Yes
3193824080,3193824078,,0.016146,0,Yes
3193824080,84465051,,1.0135463999999998,0,Yes
85748936,85807931,,0.256542,0,Yes
85807931,86661782,,1.6942975560081466,491,No
85807931,85807521,,0.20307650523560208,764,No
85807931,85748936,,0.4952548262548262,259,No
85807521,85807931,,0.39563048245614035,76,No
3498130773,3498136595,,0.18428844086021504,124,No
85890601,2078553223,,1.5977086200305803,872,No
1054691691,1065689955,,0.10848585858585859,33,No
1054691691,86661782,,0.8963915094339622,424,No
3121844724,99094266,,0.896713392857143,560,No
10712397264,95145069,,1.9489429549902149,1022,No
290077166,95789730,,0.20259000000000002,0,Yes
1211691752,99094266,,0.8646971999999999,0,Yes
133281288,316299777,,0.024793200000000005,0,Yes
133281288,270909880,,0.3862596000000001,0,Yes
316299777,133281288,,0.024793200000000005,0,Yes
149440544,149442439,,1.1099144991582492,792,No
149440544,2134245708,,2.2107828208282085,1626,No
149440544,149435529,,2.7199741494329555,1499,No
2134245708,3183738502,,5.620964278206029,2854,No
2134245708,3536865195,,2.0173830820265377,1658,No
2134245708,149440544,,2.2440276752767536,1626,No
442828559,442828572,,0.16462179487179485,130,No
3859855171,461740603,,0.06461801801801802,37,No
3859855171,3859885311,,0.06492972972972973,37,No
3859855171,198189803,,0.0638,37,No
3859855171,3859855174,,0.041197199999999996,0,Yes
211626783,248219543,,0.013462799999999999,0,Yes
211626783,271246517,,1.7814708,0,Yes
248219543,211626783,,0.013462799999999999,0,Yes
248219543,1657949311,,0.04169520000000001,0,Yes
271246517,211626783,,1.8327888888888888,1485,No
248219434,221994427,,0.10389423076923077,52,No
248219434,248219433,,0.10778571428571428,49,No
248219540,248219538,,0.5570426997245179,121,No
248219540,1657949311,,0.25138,150,No
1657949311,248219543,,0.18735588235294115,34,No
1657949311,248219540,,0.26813866666666664,150,No
797425334,255886038,,0.6583206310679613,206,No
3840988371,292890400,,0.0107544,0,Yes
392656728,270909809,,0.10125886555847187,1143,No
392656728,270909591,,0.611388,0,Yes
270909809,3516121147,,0.045408000000000004,0,Yes
270909809,392656728,,0.0431772,0,Yes
270909809,270909880,,0.9138168000000004,0,Yes
3912609284,292884983,,0.241488,0,Yes
292890400,3840988371,,0.02950197974217311,1448,No
534316143,534316145,,0.10115,38,No
2626739932,346633485,,1.6960867412140572,1878,No
2626739932,296239234,,0.08471875000000001,24,No
297497356,2970916284,,0.14623185271770897,1711,No
297497356,3013520884,,1.0951,759,No
2970916284,2970916282,,0.43063924731182796,31,No
2970916284,297497356,,0.201608078994614,557,No
3147881709,299844554,,0.25365432098765434,162,No
311941598,903656551,,2.012050913770915,1295,No
316507156,752186307,,1.1946096,0,Yes
752186307,3212449669,,0.054549600000000004,0,Yes
752186307,316507156,,1.1946096,0,Yes
2482228310,1587510067,,0.46866720000000006,0,Yes
346633485,2626739932,,1.6060088571428572,0,Yes
3506480443,7095690295,,1.1411150684931506,438,No
380950155,7128283648,,0.03473871023513139,1928,No
433065573,2970916275,,0.3319710884353741,196,No
2970916275,433065573,,0.9461176020408164,196,No
461740603,3043453331,,2.298302804295943,838,No
461740603,3859855171,,0.4038626126126127,37,No
3861801996,3861801984,,0.157306191369606,533,No
3861801996,3025805502,,1.3771945882352945,850,No
1798264163,668019917,,0.04927738095238096,42,No
1798264163,3516471211,,0.016616666666666665,26,No
3884698667,3212449669,,0.0529788,0,Yes
3884698667,3061333822,,1.6146636,0,Yes
4862265262,4862265259,,0.013470000000000001,0,Yes
4862265262,5723810625,,0.43244900000000003,0,Yes
903648589,5824956622,,0.17007119999999998,0,Yes
4810580223,4810580222,,0.547630487804878,451,No
4810580223,903648936,,0.11603666666666668,35,No
5824956622,903648589,,0.2512872340425532,141,No
903648936,2260849842,,0.09891666666666667,12,No
903648936,4810580223,,0.04973,35,No
2260849842,903648936,,0.048507211538461534,624,No
3516471210,3516471211,,0.03158518518518519,27,No
940312683,1242395773,,0.43540714285714294,154,No
940312673,1269612832,,0.7654468543046357,604,No
1269612832,940312673,,0.9651286423841057,604,No
1098659654,10581412104,,1.2358896000000001,0,Yes
4516060826,3150424525,,1.1549652000000001,0,Yes
3074985402,3073762517,,0.015018,0,Yes
1458120323,1762496623,,0.0187476,0,Yes
3901577931,1458180754,,0.21495840000000005,0,Yes
8378156320,8378156321,,1.2952824455611391,1990,No
4862265259,4862265262,,0.024944444444444446,9,No
3025631931,3866701865,,1.2918098726114648,628,No
3516471211,1798264163,,0.03323333333333333,26,No
3516471211,3516471210,,0.03158518518518519,27,No
3686207071,3212482939,,0.8005156,125,No
3686207058,3212449669,,2.3293358426966293,890,No
9946740209,1803689298,,0.14031228070175442,38,No
1874531382,2209463058,,0.11260925925925926,27,No
2209463058,3912609301,,0.24636386138613864,101,No
2209463058,1874531382,,0.0312732,0,Yes
2043723883,4533984370,,0.0329892,0,Yes
4533984370,2043723883,,0.0329892,0,Yes
3907572087,3907572085,,0.251392,0,Yes
3536865195,2134245708,,1.6585890000000003,0,Yes
2187198440,3025805502,,0.018583333333333334,11,No
2187198440,3864841558,,2.170622661263087,987,No
3025805502,2187198440,,0.03716666666666667,11,No
3025805502,3861801996,,3.1158277907884457,1281,No
2187198469,3846282157,,0.7487207943925235,428,No
2260731086,4810580222,,0.3280689163038219,2756,No
4810580222,4810580223,,1.520710956175299,1506,No
4810580222,2260731086,,0.292713,100,No
2968174745,2272203032,,3.904583333333333,1180,No
3930292765,2526224454,,0.02057222222222222,9,No
2610458800,3842071988,,0.08078880000000001,0,Yes
2610458800,3859855174,,0.6732648,0,Yes
3859855174,3859855171,,0.041197199999999996,0,Yes
3859855174,2610458800,,0.6732648000000001,0,Yes
3160483032,3160439147,,0.5468988,0,Yes
3371924911,2970916282,,0.320625,24,No
3371924911,9982673425,,0.8650481548699334,551,No
2970916282,2970916284,,0.03323244965063707,1622,No
2970916282,3371924911,,0.05205577269993987,1663,No
3866701865,3025631931,,1.1240423566878985,628,No
3866701865,3864841571,,0.8578240102171136,261,No
3212482939,3123615192,,2.110552442528735,348,No
3212482939,3686207071,,0.421324,125,No
3212482939,3061333822,,3.4682933768825976,1837,No
3073762516,10581412104,,2.7669866666666674,1380,No
9976058359,3183713693,,1.0818094285714284,0,Yes
3183738530,3183738527,,0.023562000000000003,0,Yes
3498136595,3498130773,,0.1495752,0,Yes
7095690295,3506480443,,0.5215392,0,Yes
3861801984,3861801989,,0.0796392,0,Yes
3861801984,3861801996,,0.1926430894308943,41,No
3866868160,3866868163,,0.11090716482164822,542,No
3866868160,3866974284,,2.3211846827133473,914,No
3877390786,3877452744,,1.8866355932203385,472,No
3952754484,3952754481,,0.01805,8,No
4030574417,4030574404,,1.432338761238761,1001,No
