initial,35.37136485890672,36.208065862914026,36.208065862914026,101.71741962956986,129.64016353337848,857.8036485520876,1670.2613133686048,2085.154362186062,7973.939139698842,10711.133221777258,12464.75069863368,26107.679763989836,33230.61615554772,56870.30015253446,62316.708548636154,76488.62750520358,126143.55009808403,157428.34200991705,192065.1547932414,236953.9930370208,303472.24728725996,400905.852500274,449410.7514189863,510295.30905570067,595621.171246007,814949.0954102981,933705.2381811984,958076.1952063965,1208062.0219741743,1440538.8035062563,1747566.7150584082,1834767.2454757239,2007628.316369755,2550251.550234128,2758167.165511016,3082390.023824001,3572774.508434879,3770354.4464520914,4711740.806477019,4871948.278515216,4922610.312638871,6203268.295553805,6300798.885975975,7051883.158581346,10110242.59743828,15746936.128575945,18000607.474712986,27649963.288876235,35295282.05139995
0,30.02295812496248,35.37136485890672,36.208065862914026,36.208065862914026,36.63264695192662,38.303692878889024,38.39707564773308,40.73369424649814,41.70875331034801,101.71741962956986,128.38448704974374,134.95478151497124,219.7791713817839,248.72622903113654,832.6141500546748,834.8778744389199,854.9185326151747,877.3747422057558,1015.9270208662964,1510.5597146100906,1644.9661303393668,4363.49573317443,5424.160346495499,7207.228534484841,8027.459225458729,10000.826828426116,10136.222747506848,10207.3479072511,11090.08873102304,15033.611898204384,18828.702477343573,24819.45488902003,32615.65851417335,43655.690274849105,46319.15713811087,67179.13087214147,86893.678977538,92285.37730363324,125552.71240402517,147166.87140263736,165924.31212611208,198274.49522474557,319495.1825518253,444968.9558117662,679834.621420962,911885.2463210917,1111230.4428581311,1232884.2654971539,1803648.2289897024
1,23.08400999981803,23.854552818533637,24.2656218592988,25.633710140023613,25.875669989521082,28.366224108814663,29.648916771331475,30.02295812496248,32.239207969156,32.71571324736589,33.57693081746774,33.918951705188896,35.37136485890672,36.208065862914026,36.208065862914026,36.835917394273864,37.88241630687328,38.39750165740836,38.46852662009959,38.64317722397041,38.66545608769657,38.70287533414311,38.826855290015445,38.862802887856525,38.9792024309445,39.9991268668486,40.079395832737205,42.8737912614966,53.230533925918344,61.69712366713546,97.73742505422717,101.95130781737811,102.20251942303837,102.71004625513005,103.24148136266822,200.33166332526005,247.52757644564142,521.0742760634821,832.0759916551134,848.833938807891,854.9185326151747,1008.4586566394945,1248.1380318785527,3711.566989788078,4245.526249903844,4359.324440628662,10091.427160938376,18577.188662234752,20370.503326577174
2,19.089625204050602,19.57908668959467,21.498889459314622,22.099366476588038,23.08400999981803,23.37206584813929,23.62418998373988,23.71737556039455,23.854552818533637,23.99947530521301,24.033242751528345,24.2656218592988,24.382824319874345,24.58221855322858,24.74818008158466,24.886517616059354,25.273106706320775,25.288534320345757,25.31549218332708,25.4281119350141,25.633710140023613,25.974897674426366,25.976953318810498,26.006695119598128,27.269831732604295,29.64068232916767,30.55239923608648,30.564780427050998,30.720543866650633,30.729556729761043,30.965448981290905,31.15217488584022,31.514383903001164,32.42695731240484,32.50502284546315,32.86292065578431,33.28309225057204,33.548553793905775,33.75328754681896,33.89987045728555,34.38673797260618,35.72840825755163,37.88241630687328,38.330774101259806,38.49128516768601,38.679248100681434,40.36847655848981,49.202637226033524,838.7379560221885
3,18.759138302274085,19.089625204050602,19.195622478198818,19.57908668959467,19.703346848158386,20.237802590715333,21.187218897755333,21.498889459314622,21.943994253331585,22.099366476588038,22.55159616902005,22.690009066393642,22.890945127590886,22.98841931579596,23.058152196819762,23.234664329939385,23.273821946111454,23.30827489299433,23.309579787644275,23.51652605831075,23.68115029468811,23.71737556039455,23.84850663378669,23.854552818533637,23.858225142535566,23.87035440901585,23.923506131379636,24.418886141296746,24.623414447313017,24.725870704003768,25.0311771310286,25.06048503061734,25.064971444343655,25.233728884712832,25.24749117332518,25.24759196982344,25.288534320345757,25.734736075909943,25.866509551230664,25.98309783354732,26.486250099049307,26.798481020745268,27.1484408162681,27.22754391867764,28.279887562007055,28.4191411654205,28.55021644079651,30.83716471061767,33.54315795369633
4,18.225029411420124,18.356663036714433,18.582378016817056,18.759138302274085,18.9387454705034,18.985011199807175,19.089625204050602,19.10710380596962,19.195622478198818,19.359868206428736,19.471604226272937,19.57908668959467,19.613328777843318,19.657912231532652,19.922120249940996,19.95888146256934,20.373205944264623,20.446638299453802,20.56466610563335,20.56661327968679,20.84561688598999,21.011686600158555,21.177732810117263,21.207477926548282,21.21467369833447,21.29559537371001,21.363411257432155,21.917785092397946,22.135431497689105,22.188704111252925,22.304360602447243,22.437897785643493,22.47576691633619,22.858757749436652,23.177157391247487,23.197668277176348,23.265769909625956,23.624169083188093,23.68115029468811,23.727316530252065,23.753382453589637,23.87035440901585,24.089654444269982,24.107728288527888,24.58345393957217,24.710118840808256,25.264192021622666,25.28694137303471,25.43891697843551
5,18.050225364836276,18.225029411420124,18.253220605097262,18.341894158046763,18.356663036714433,18.38388066559232,18.384338060814304,18.471461277337614,18.522964070102642,18.582378016817056,18.62316309721485,18.66765817740364,18.759138302274085,18.8193428225812,19.041984897044088,19.0430734756037,19.145471121461956,19.223804063601104,19.330187493463153,19.338738847906907,19.52950188417227,19.536169085144476,19.58455275023695,19.73194378787431,19.83508602109212,19.885051703118116,19.932795975696425,19.956743878147346,19.962402840620346,19.998984473841556,20.01082372912709,20.043277949970577,20.06515070740712,20.093963908632738,20.11726582056685,20.12011254351798,20.13235813043848,20.195636639408253,20.218914616725492,20.235005328072678,20.25670577760277,20.357786062759896,20.456627773157756,20.551916797623647,20.554684248838463,20.56636845324667,20.570987706740222,21.659764581791567,22.2256616054768
6,17.51368861724599,17.835796330046772,17.961502113191923,18.050225364836276,18.090163478865215,18.105197640086573,18.158239022821473,18.225029411420124,18.253220605097262,18.265161631566862,18.341894158046763,18.378653499002347,18.422705741436488,18.42622942819933,18.441818048069464,18.546593366222304,18.550826330266375,18.570921415298297,18.642264671534193,18.717285025309653,18.85673535856471,18.908928343429544,18.932639563912197,18.946619713324782,18.946891492297738,18.952168575486,19.011843070849768,19.10787987533823,19.124120755088498,19.153944597348634,19.181011540362206,19.184909245511268,19.28482217289116,19.292830861432677,19.320340345377634,19.43923748371452,19.475756562164808,19.482511816766973,19.500507189197975,19.63152398116287,19.65631397263798,19.72053612997794,19.721483886057626,19.76747664455578,19.768845078082116,19.81066876123719,19.946203677604252,20.12261427437613,20.40375986725615
7,17.027787423524128,17.39913526555699,17.466179776805582,17.51368861724599,17.531027545490485,17.549649880674174,17.653034911670122,17.737688891073653,17.76364821048836,17.824655794353504,17.835796330046772,17.885385684169815,17.90337883823035,17.90469367099417,17.961502113191923,18.001431139934283,18.050225364836276,18.09938365862832,18.13762741010365,18.222164835636026,18.23651237681025,18.25273869849951,18.31106624037918,18.393253147338054,18.412352360447997,18.422705741436488,18.54645816234344,18.58922406421826,18.592018958045955,18.638117148864342,18.64219447316105,18.647751671603505,18.69643705948065,18.735538166672697,18.798514522877138,18.802011867037248,18.876415260527985,18.98554620817291,19.034034616926018,19.046598833293043,19.0937503425017,19.136333744360314,19.176119228876313,19.26456503462793,19.315995355465105,19.32352888297006,19.386766617533695,19.460835490436178,19.953846161075496
8,16.29780627426837,16.40761378140482,16.968184180233457,17.027787423524128,17.08096464708207,17.3047328986274,17.39913526555699,17.442428902866418,17.466179776805582,17.511387823757275,17.51368861724599,17.539204262826015,17.573745917001187,17.68713779027041,17.69294371055056,17.69358240278475,17.69905370450358,17.70685039910441,17.820912613313215,17.904910502729027,17.929389497339184,17.94871990068627,18.029158097667537,18.079766855542495,18.105759055303302,18.203847699656855,18.220630774587917,18.222164835636026,18.306837354728913,18.3495981705647,18.37109723206294,18.37532159337231,18.554370423019904,18.57061920432724,18.612124010843694,18.651294963504473,18.671100883450702,18.693297526608507,18.71839179115051,18.72947554478849,18.794340959432304,18.89238851921746,18.986083334155378,19.01820661149851,19.040446168811247,19.087391402875728,19.099442747985357,19.11907019366158,20.03001451454077
9,16.29780627426837,16.330770297804936,16.40761378140482,16.65156237453243,16.717101612550987,16.731217646932173,16.744847434412335,16.80625206123016,16.947492282821727,16.968184180233457,17.027787423524128,17.057285158861653,17.100940073850353,17.134668470171142,17.180631000231266,17.230799213238523,17.238837034926398,17.26637095992761,17.283483254301636,17.30417389922742,17.310564391435353,17.412716280151095,17.436645712642157,17.443256188100666,17.463995326360397,17.542724888503468,17.573745917001187,17.632360363436216,17.700469621344105,17.763970889029775,17.76693028322211,17.78262462542493,17.793554440108682,17.809406227410705,17.81288700147371,17.817079083512496,17.829110606733554,17.975383324968448,18.06814796620744,18.186211276401664,18.19263464224034,18.197192525585827,18.229769609925086,18.334571532409377,18.34539648639636,18.465723484223822,18.606353521919893,18.61451165298089,18.67341117148385
10,15.95018627903983,16.227686091111444,16.29780627426837,16.330770297804936,16.361329439633746,16.37599307777485,16.40761378140482,16.40761378140482,16.496525119403152,16.517899115225067,16.529136869880197,16.6188246399967,16.62691736943834,16.63308552091506,16.65156237453243,16.71731036042361,16.765897067623452,16.805213285508252,16.844992487648447,16.861354450334577,16.880826087695294,16.93879285194039,16.945118159828123,16.96386837720355,16.983191217551834,17.012607865339433,17.015279640987842,17.029352052179778,17.086680913363665,17.091103246988364,17.1969317222132,17.24625917769168,17.29294248685564,17.3535286014535,17.387523957009577,17.43304274624847,17.45155075552718,17.452540608473164,17.47023617473257,17.496867797103295,17.511653658345846,17.540194082020875,17.61912799721902,17.749701769818945,17.86566684893969,18.06995778232747,18.294834542096662,18.308327865900395,18.426903508899986
11,15.88834744132904,15.923658762267037,15.95018627903983,16.178518461289425,16.227686091111444,16.227935619645965,16.291690995888782,16.29780627426837,16.31407771287849,16.330770297804936,16.37599307777485,16.40761378140482,16.446364731667114,16.573916901072867,16.66927624464761,16.694275330713012,16.70456766789655,16.71427709119676,16.760754051534317,16.804326308733398,16.86748371296923,16.88327829913827,16.9016083190815,16.933547319836766,17.017519513412324,17.08249444885833,17.084899518939515,17.085829671131478,17.087048533384667,17.092018957682566,17.09606061270474,17.102890677857474,17.113435168824573,17.117123555726906,17.12043859725812,17.144380041705727,17.190349019192652,17.21220533471484,17.2367098950057,17.288177907754843,17.307701599483906,17.33976834862926,17.38054715952675,17.388214014957494,17.42271138696942,17.49225618666291,17.57797268275395,17.58160099980212,17.847921198690724
12,15.88834744132904,15.923658762267037,15.95018627903983,16.039049456291547,16.042003484268534,16.096376824320988,16.178518461289425,16.192065296347604,16.22115681946842,16.264462361138534,16.274606944548374,16.361218028882323,16.491206977585335,16.51481027692113,16.557181820962022,16.618963735956513,16.65101780520599,16.654329369554805,16.68265426175347,16.693552182963202,16.698880217039218,16.815600231860348,16.817906547938666,16.834576392045705,16.878356241041423,16.879489237296838,16.898007959292098,16.938337723997623,16.95859096713359,17.001900961674043,17.004082983815206,17.042837751859892,17.05462515990294,17.100865801514274,17.145852792815816,17.156082869974064,17.157211199430584,17.16523020659863,17.184106273881245,17.24668854882545,17.249451837656487,17.2766441549049,17.33085612730458,17.355385853128734,17.50146358952739,17.65850804531142,17.667997674902118,17.778904973428048,17.819389903184906
13,15.776538370385628,15.88834744132904,15.923658762267037,15.931160617229892,15.95018627903983,15.95165920440747,16.039049456291547,16.045392137358768,16.06923009772259,16.12075662429463,16.151097356461452,16.165213392352456,16.274606944548374,16.290128055761297,16.455437981007428,16.523846941776792,16.587503863550502,16.620677081902514,16.65069928113272,16.652779528261792,16.666029355672293,16.667740825539113,16.710563596319393,16.71119625193768,16.780756034771933,16.79284898067752,16.7999211291932,16.801246001479353,16.817746301713786,16.81784303779155,16.875131747286954,16.916369105520786,16.916699168228856,17.014578065281597,17.14412086781726,17.16976164112406,17.179180693066805,17.185604994844315,17.22310665764648,17.321208872327098,17.324165089044282,17.353296067316997,17.37071355394746,17.44697423551636,17.52975969377172,17.599070773406684,17.785496998078127,17.890067425021694,17.985272787574143
14,15.776538370385628,15.877102692167538,15.88834744132904,15.91114934439655,15.92348779342006,15.923658762267037,15.931160617229892,15.962264869437103,16.039049456291547,16.081561927341777,16.18569914694474,16.2926942632453,16.312806790468812,16.33371010873185,16.3810330686255,16.439911985136177,16.45270737136604,16.515277213024845,16.529772947173495,16.587503863550502,16.607693737222753,16.64258551872814,16.649930272899386,16.6538644974479,16.654540904881596,16.71379758917557,16.72955002303289,16.798717429874362,16.799368375226724,16.823580225574425,16.841422882268017,16.86404061519015,16.946276910678108,17.015284353505905,17.082156620923765,17.085231521789503,17.087342725781973,17.089090651865774,17.116897148582435,17.1583597539763,17.19826217366686,17.214554041205783,17.245831391263682,17.26628812585802,17.344230632010753,17.4219402370917,17.489124261844715,17.573265830359407,17.614806946495495
15,15.59250634541536,15.776538370385628,15.877102692167538,15.883765018385773,15.88834744132904,15.89500937081226,15.91114934439655,16.159700838921975,16.165579695646908,16.20465857547385,16.21457918370307,16.231081243072264,16.234372577184665,16.300171207363576,16.319432109981207,16.331857372288248,16.392345293611086,16.449206580073533,16.458855127129798,16.462537983635688,16.46840366147096,16.532673281737434,16.53495575865106,16.53870547784455,16.570107953596956,16.583688161569707,16.592830078585436,16.696154459089065,16.700297822708656,16.735202936122764,16.75263689884085,16.8043865976154,16.838232755423487,16.843363028640088,16.894585486086303,16.90473282393114,16.909893378050857,16.92179184846496,16.972823659162504,17.017407203273724,17.020211647773987,17.022899308942385,17.118896517632688,17.167641392712923,17.1981129864525,17.269399001374698,17.28485574351318,17.437847450484213,17.75064037791999
16,15.490134602277323,15.540733704400012,15.580554180813808,15.59250634541536,15.628433155781929,15.674210592122098,15.771712925455676,15.776538370385628,15.847850491274801,15.877102692167538,15.88059112882477,15.883765018385773,15.89500937081226,15.926407910907548,15.97483209253339,16.004604405921185,16.088125185052164,16.12378247932241,16.2136708484011,16.227056594463,16.253093103508316,16.348716614030188,16.419463938883894,16.420431567164155,16.49387178151368,16.496276738946385,16.51241225468383,16.625277842426026,16.675421486497747,16.68132898373594,16.68256546710543,16.686859888233684,16.709870717859722,16.760274800307794,16.81179562250017,16.81404921749679,16.84633019265391,16.94156979308587,16.94691458932801,16.972878764622468,17.002846212396445,17.055730877941993,17.083503660686635,17.118659135549827,17.223521290656002,17.257011804440328,17.340499937236583,17.350353170896984,17.491730778187996
17,15.371558614717372,15.490134602277323,15.540733704400012,15.540733704400012,15.580554180813808,15.59250634541536,15.614900404013504,15.674210592122098,15.773274677521155,15.835223588308278,15.873793085142177,15.909317794882352,15.91730548863258,16.0168431359919,16.094169309307524,16.113483615097213,16.12770240690095,16.164120387735935,16.19723390178642,16.202297385751656,16.203090351965557,16.214421802043017,16.22968153980189,16.239389419850376,16.2689817610709,16.27681903589462,16.292180280894524,16.327828121909345,16.348974612156127,16.3737204653966,16.394732079365532,16.400436491496876,16.529065268477872,16.56749386861865,16.57189806002082,16.627743948479818,16.63384246371758,16.646669847191944,16.649760262817225,16.673318488206462,16.691447665878663,16.75561695433241,16.83059033775742,16.878704800694855,16.92364759884419,17.063979947324608,17.109543150206928,17.276224953938712,17.44594904301647
18,15.371558614717372,15.371558614717372,15.395405606992007,15.490134602277323,15.540733704400012,15.540733704400012,15.540733704400012,15.638866837456423,15.78614333182431,15.845942239814864,15.862395754426412,15.879065336807905,15.905702859583085,15.935317220774584,16.00298583312275,16.041642147195766,16.14016575331788,16.162577018307946,16.208139517963087,16.24003569186826,16.249328222517338,16.254759837673724,16.266941330715362,16.26712604643881,16.2689817610709,16.3011579694218,16.311648461925156,16.33824468097406,16.35263188496576,16.403198393699633,16.421167133217295,16.49355098295761,16.495120294386048,16.615568816565148,16.634227495907368,16.63499305698242,16.654772257338422,16.680567883450205,16.688196568085154,16.702405963187623,16.771274637985506,16.80841999183841,16.818676094318306,16.828741515233176,16.875968999133494,17.022068611946466,17.07521607887419,17.090180729895764,17.155055723467537
19,15.371558614717372,15.371558614717372,15.395405606992007,15.490134602277323,15.490134602277323,15.490134602277323,15.534939328982581,15.678997273707857,15.69400536649751,15.704269994003733,15.709171368915358,15.742493109582695,15.755145342289998,15.847293820839111,15.853331915681878,15.904698430427988,15.968045349127912,16.00647156072859,16.044525003421555,16.07045184904237,16.071023863124402,16.107247747449584,16.15185348481136,16.1725296778378,16.18969529602517,16.2077764151308,16.21951884412797,16.224722282868935,16.234639616005666,16.246315729687772,16.264794014466393,16.2779549602111,16.305516328080913,16.3245120000549,16.37223469842127,16.39006276982387,16.400317479048685,16.456014863649713,16.50841562004091,16.577183553274057,16.620648913605145,16.66403204297529,16.72455147802927,16.728901868030686,16.801518579577923,16.802222907958303,16.925693936183947,17.022003218083206,17.270448459177715
20,15.040929855757796,15.167780711525841,15.371558614717372,15.371558614717372,15.371558614717372,15.395405606992007,15.453882028620725,15.490134602277323,15.511817734015409,15.709171368915358,15.75966168747556,15.840929554166456,15.875966314407044,15.895837851811464,15.923513181357043,15.93257041597457,15.972088374983473,16.03419034052351,16.04587658305556,16.06301488074079,16.099625835655075,16.16687275233555,16.235992244856735,16.246027862129157,16.25376763279396,16.258748499966906,16.293606248576538,16.40074402458366,16.403969131201595,16.408178333833202,16.45148817665384,16.45346746889161,16.502755414923797,16.51575011121749,16.552935990950402,16.57255077489883,16.63409914387761,16.700771457553987,16.719725390044843,16.760678752222518,16.807447744573448,16.8698640332513,16.876248888012345,16.91484955923848,17.03538926401845,17.086545946406105,17.11739604371886,17.27666241085339,17.320353376569393
21,15.040929855757796,15.167780711525841,15.188324930296538,15.292307113080113,15.371558614717372,15.371558614717372,15.410916172430491,15.534859463344555,15.57522936275226,15.603412642277966,15.626288643216258,15.76457658739668,15.807135416421358,15.88297465999017,15.935276538388349,15.955270358664745,15.9730371401129,16.04315168444309,16.047119893207213,16.083051230551202,16.08643561459971,16.10428042536749,16.11482937893611,16.15498819120043,16.235992244856735,16.241329848427807,16.25871074208514,16.291007776426927,16.29984857051366,16.312156780735137,16.322267064152225,16.32960313045469,16.34274481321169,16.391272969898317,16.43306098870952,16.49223385117129,16.512834090434247,16.532717238006565,16.61318241106136,16.613885795393102,16.64474685898219,16.71174683624664,16.719520239615616,16.83617334000246,16.85883088562615,16.96701621037473,17.092092442053442,17.271070419315947,17.8950889135126
22,15.040929855757796,15.167780711525841,15.188324930296538,15.188324930296538,15.190184085666425,15.277769391415239,15.292307113080113,15.415608430589616,15.45784544433976,15.459163045988605,15.588510556673043,15.621247863127575,15.625885581409825,15.68340831461246,15.706098613254238,15.73921733483502,15.745133760756369,15.804799936850427,15.858021197566105,15.908907592473001,15.978345115293259,15.989887018794091,16.014745880053034,16.038217634541216,16.047617807532163,16.09043079943998,16.162845055453037,16.188108507394272,16.20511185637808,16.22166771668003,16.264719337909263,16.298077924823435,16.32696903386795,16.353991157813788,16.37602068374756,16.452270786487887,16.489237535154324,16.5735108712498,16.614863035846042,16.694942654191642,16.704651870686703,16.754501907510345,16.854521152712792,16.857281020582988,16.86278007770339,16.95570113010809,17.140109058576403,17.144837824511768,17.6247101690046
23,15.040929855757796,15.167780711525841,15.188324930296538,15.188324930296538,15.188324930296538,15.409587925089744,15.45784544433976,15.469049024037476,15.538525020283625,15.568409393875731,15.597086195753947,15.598872855732463,15.618853538927413,15.625885581409825,15.668385102586965,15.781471697077215,15.786814502342883,15.80422567376997,15.845495058278955,15.971268885329643,16.02564389276203,16.03632741358345,16.0523391051542,16.061355345384307,16.074402494824795,16.122591923499304,16.12389492406871,16.128108148014388,16.139121762700345,16.13969665038903,16.14520389274365,16.163898110046347,16.184046826664026,16.25156112950153,16.25901860014503,16.281932940724367,16.302337663272226,16.53511252153107,16.56389577819288,16.65820609512238,16.670629428776078,16.675255831896866,16.700863442393544,16.758038086136423,16.78593253134472,16.80884882795373,16.81715725863466,16.923020451169055,17.155868354122056
24,15.040929855757796,15.156990558741851,15.167780711525841,15.182803616481506,15.188324930296538,15.188324930296538,15.34318255619002,15.371134576742154,15.409587925089744,15.415861829075904,15.563694191534818,15.572479061001873,15.59219211642699,15.602505496837185,15.635509959681665,15.723645379885332,15.7414694834645,15.85277232975243,15.917891380557647,15.940920219290572,15.98398745570116,16.060441888138406,16.079205955459162,16.150025087923613,16.15119162234157,16.206102871420384,16.26551691381239,16.268270233453062,16.28763014265997,16.306458302838696,16.318120492221748,16.462423257723223,16.474615220992554,16.506806013463184,16.518792240978886,16.522005255773863,16.52454563635554,16.534973030572193,16.543121402874185,16.581088367756518,16.677198500790535,16.679617081058325,16.693380766512515,16.765067353161815,16.801492512601754,16.824159947759433,16.83046081231889,16.892186949718834,17.054014630984966
25,15.040929855757796,15.156990558741851,15.167780711525841,15.182803616481506,15.188324930296538,15.311876239305944,15.34762911323523,15.353822968666583,15.408650584165862,15.436662757890002,15.507400966165156,15.615405401890781,15.7414694834645,15.767117255573664,15.832110895873486,15.859586724636014,15.912201567097162,15.912581819834426,15.924099796126834,15.92974588750537,15.946897218754911,15.964953588206068,15.981112037826392,15.990178895002488,16.036687246821653,16.040166811837683,16.05846278548477,16.07919882549788,16.085115546473343,16.125065601494175,16.13216651479637,16.176492445594366,16.188231170939332,16.220754083111657,16.231389375263447,16.242373645623488,16.273662918814587,16.32045692407395,16.37518003951334,16.376215184500445,16.382829650570997,16.404988818975244,16.44251460830179,16.50557608341966,16.508615684559715,16.513762380625636,16.797653639399694,16.954715513319695,17.60553479558408
26,15.006880074338047,15.040929855757796,15.10855703240717,15.156990558741851,15.167780711525841,15.182803616481506,15.24749526058482,15.256611937543415,15.296911517088645,15.322795118907234,15.446384484338042,15.511133697434278,15.53988831760997,15.548099801346343,15.56566633910212,15.656688646529487,15.67182394054018,15.678264995457994,15.698231449965968,15.733027090275456,15.742613166713273,15.845043855520743,15.865453069072316,15.902486012240786,15.923136975288054,15.926101298043294,15.98893600144849,16.007557886566044,16.035924609525406,16.093210119968756,16.110145433029395,16.142216190522287,16.167544255380648,16.170671449729706,16.246957379530024,16.2513798590109,16.271637911559797,16.29340114867899,16.352789327020623,16.375171767046453,16.37833689531893,16.412992698126896,16.479089588953418,16.603464702534684,16.646098937016234,16.646810398750823,16.707857429832394,16.71865395893559,16.947128129799648
27,14.874397275830084,14.939890340958076,15.006880074338047,15.040929855757796,15.10855703240717,15.14661863396598,15.156990558741851,15.418416293503173,15.469633371741445,15.520648352260075,15.541257071657652,15.624346651407588,15.655379259344562,15.668359201176374,15.677675347266495,15.691090251784894,15.708286943080326,15.756304731721906,15.782285849669526,15.809011293592294,15.812638039625199,15.853149113448376,15.88004152055699,15.995902897099882,16.004788409922803,16.110800131817683,16.14423193972727,16.17322454938906,16.17536308704364,16.240268731858936,16.240273361204345,16.246520061886528,16.261262871307004,16.279940315403792,16.344088942498157,16.35581785668352,16.369188765413334,16.369664778906078,16.392912688046092,16.440232229860335,16.52762668342984,16.537125779759027,16.568445025652718,16.597646612421478,16.630613005796565,16.656791695347884,16.712418646467768,16.787532601215098,17.02583950030741
28,14.874397275830084,14.939890340958076,14.957281731006919,15.006880074338047,15.040929855757796,15.097928079201983,15.144372033862757,15.273189615316053,15.369718659894943,15.379456645865394,15.469633371741445,15.473113549167739,15.535102754567179,15.724273521001125,15.764298919249246,15.795320011030356,15.810426674708966,15.814018923583173,15.827488079037582,15.845311512554042,15.961534569716573,15.995252923883813,15.996438224076917,16.00757113642473,16.015056962520283,16.022514198674024,16.07625937102626,16.167871282726296,16.178704720552194,16.202480524564763,16.2080095943855,16.230525610301658,16.256618495574116,16.26528771157084,16.29111229108918,16.294839397258055,16.300951548123138,16.333560786244668,16.37913875917441,16.442545302213425,16.471944501656,16.676060089054637,16.68187857204141,16.77026572753103,16.905736606036193,16.935373428006216,17.03521827172718,17.03828722495638,17.082048034029324
29,14.874397275830084,14.939890340958076,14.957281731006919,15.006880074338047,15.03767811102622,15.111892110246334,15.144834150262119,15.220173653204242,15.224336020734427,15.22492753961037,15.32138917250597,15.369718659894943,15.393841015265863,15.470042017062308,15.491126799948795,15.667271116353298,15.687941306564129,15.69808091473231,15.703837267276056,15.709699640991841,15.738331037055698,15.77121107977835,15.827488079037582,15.854994546948834,15.909570132696604,16.039098468064978,16.057490703489847,16.06044815792972,16.063860462321266,16.101763753509903,16.123646704926458,16.178479088697586,16.1846494215819,16.187489473037235,16.198431900627703,16.20195884645662,16.25011770603222,16.35374715477348,16.398036166000434,16.407592107196926,16.46320403544963,16.478458428055394,16.536221998524553,16.58723726805341,16.823221504985487,16.848216058260203,17.02729764359455,17.033515008457197,17.16357033436937
30,14.874397275830084,14.939890340958076,14.957281731006919,15.006880074338047,15.012548245251564,15.035678906129416,15.058288060240073,15.13904758267744,15.358904645353325,15.388879580596127,15.404667826226484,15.412364117181154,15.43507689327131,15.44711855394261,15.450976762900828,15.456412740001557,15.469675130447294,15.486205866781944,15.526416432262808,15.681694271651992,15.694346000630613,15.711947875062208,15.72318138182891,15.737168241917598,15.750565400531602,15.76394291829431,15.79931654576055,15.805038734129779,15.829643634371726,15.874922550557338,15.929081864977185,15.97921317387585,16.039746884311732,16.069691898040343,16.13393571694741,16.187976821113857,16.233038218465563,16.240868888082126,16.253513156783413,16.273634609633497,16.311989500038766,16.31370722176495,16.376024528950964,16.402761924545803,16.44533344618395,16.51179224538454,16.534018449872793,16.560555499622797,16.696640200449213
31,14.874397275830084,14.928032550452894,14.9292639740989,14.939890340958076,14.957281731006919,15.006880074338047,15.006880074338047,15.024545110642862,15.027059531747048,15.217426216798444,15.220790601076922,15.25431409937868,15.324093790804419,15.32713640727175,15.454186794043839,15.458141237081302,15.470308217120346,15.489048691203667,15.51701222935073,15.558744335158007,15.56434843653548,15.573454070167466,15.57485157925666,15.62069859550966,15.696413082557537,15.709506935557544,15.805218708352367,15.810779838744127,15.819948181115567,15.962182924100727,15.963082734513934,16.027273282919445,16.059640594626305,16.092582511318486,16.092838466553477,16.134014175464397,16.15449828130786,16.188031224828293,16.189959262833828,16.27289513785531,16.31424845737885,16.34358790264955,16.369832448686413,16.39804688231426,16.418653032062533,16.530435610268565,16.550982043212116,16.626588276974882,16.67788853548898
32,14.529097165565814,14.745149995897687,14.865541264049886,14.874397275830084,14.928032550452894,14.9292639740989,14.939890340958076,15.027059531747048,15.160286099494838,15.163522471961672,15.232863014549844,15.398645574885784,15.470308217120346,15.483949988541168,15.526753848241261,15.552854313160863,15.586706716913637,15.587074269303963,15.640539892604652,15.65476140945525,15.678393147100516,15.701341119185711,15.717490965276983,15.774214755169833,15.807001019114345,15.80851755548415,15.808939720775367,15.814704144965605,15.848450129673056,15.860981625385499,15.872249204083197,15.895693693717933,15.909975283961392,16.00674326044888,16.02969888625301,16.048215622743566,16.1679601022855,16.193540074909546,16.20645467630165,16.24721284847599,16.272230682033005,16.29072803121103,16.306336694946722,16.357465653314087,16.53855575583209,16.619271196698698,16.681753434031403,16.85137575542103,16.853718531511
33,14.529097165565814,14.745149995897687,14.865541264049886,14.874397275830084,15.042456018830016,15.082718513077175,15.09290180845882,15.11797996758317,15.130463027095805,15.18841193546071,15.328743581094528,15.34129523614335,15.483949988541168,15.502330945532567,15.514355589688458,15.540391942362927,15.566847895076346,15.572387466608491,15.602338644849828,15.647837242368412,15.679674576749319,15.739013409385965,15.750471221656866,15.784787320856971,15.81973012674971,15.821042779803443,15.885299154284954,15.914621991819228,15.927989409712936,15.944423356720943,15.94969877746865,15.961554750874987,15.978354315264612,16.005273843086655,16.1366225217108,16.162851257802473,16.224948250701132,16.28592500278249,16.42327800446503,16.437359191569296,16.477326428993035,16.5285695399534,16.533427952407948,16.59263187177438,16.62097932548814,16.621980762237126,16.624369355013187,16.83920623862149,17.013545860625854
34,14.529097165565814,14.598117040029301,14.694785144462012,14.707223090544074,14.745149995897687,14.847835067457233,14.865541264049886,14.874397275830084,14.98356769323988,15.123138863497488,15.128996097841508,15.198177347331615,15.22706269904097,15.284034567402157,15.366338467476892,15.386571972065868,15.451165383762033,15.453573025327671,15.457056515042627,15.459363349484962,15.514120585710145,15.514251656986053,15.563391129273125,15.592141730434323,15.605128658855621,15.658951151966868,15.660154680872168,15.684575834937418,15.690514658488144,15.731559625545867,15.78821765339715,15.857803340770502,15.958200356455881,15.979137727320847,15.997652839949813,16.026009629274505,16.102301458405517,16.13250009824662,16.135538613043863,16.171871326784185,16.18665846517008,16.223738707084543,16.23485049347188,16.2566140878219,16.35954752662111,16.403925374366203,16.43539156367086,16.880522453926353,17.050369075436162
35,14.426561506268223,14.529097165565814,14.598117040029301,14.694785144462012,14.707223090544074,14.933226705214958,14.935313820574143,14.943228172987052,15.046616972819999,15.090104209259897,15.13847344909264,15.227724040038451,15.243914938570006,15.244445442901078,15.276702657187204,15.284034567402157,15.295483815544994,15.303066795305947,15.331889370401946,15.355378101011832,15.356334641420524,15.378392340563716,15.39845472118398,15.48122770486206,15.51502424881479,15.527478510988749,15.532812776815138,15.658951151966868,15.702729800431722,15.70924800210248,15.709268794202291,15.71335238206034,15.761057890089933,15.808877597691257,15.873332118301771,15.956267917326228,16.048572892616708,16.050901200432577,16.07593791702855,16.147682388397193,16.1542314726731,16.23370659119687,16.324366191090416,16.47246891623714,16.483336852749602,16.495503159682258,16.506804670656145,16.579394663974938,16.598269147454015
36,14.426561506268223,14.529097165565814,14.598117040029301,14.694785144462012,15.046984717856335,15.192761381508019,15.219172499925007,15.236711837356085,15.288875268600666,15.330221204716837,15.35258524282058,15.360324709725612,15.378392340563716,15.406236607021656,15.42022899383865,15.46288323943645,15.497821125747674,15.569033737261343,15.571693384165924,15.590331784511848,15.591845855107797,15.618050826681076,15.61897151275467,15.65316361964829,15.661730274770106,15.66487881389936,15.692022696255037,15.783835978163788,15.787125619376399,15.815978828891073,15.832317960414722,15.89921324325221,15.901859080683733,15.904242736266557,15.958230072686963,15.985460415150243,16.018891996537242,16.031920168098875,16.033422492648214,16.085402467161696,16.16227465604428,16.1862099359081,16.333557190950987,16.436155882158314,16.501730607394258,16.543145462917348,16.555964504342707,16.616742432381194,16.743128877966697
37,14.426561506268223,14.529097165565814,14.598117040029301,14.598117040029301,14.6147452385594,14.694785144462012,14.859134238291553,15.017430225194762,15.132023421579532,15.133101460914707,15.139791230236508,15.186008053518007,15.19201292695405,15.208462291438094,15.24106388101357,15.363143849411607,15.459313584826823,15.46435391002538,15.496702949052576,15.497832219129167,15.543025050088028,15.58784862725919,15.590331784511848,15.591820924849555,15.593479146447745,15.632815160250157,15.654539966213617,15.70981981294654,15.754944011684149,15.776562062179048,15.83731531817,15.850573860246135,15.905586092082821,15.931431458255247,15.940345404634446,16.068208033087114,16.091982223584395,16.118870513676146,16.237451634661486,16.306103482169924,16.313784397646618,16.325156019257587,16.33805882886052,16.35219856922508,16.356499922049135,16.482880220123054,16.509313129906033,16.65103787031897,16.811291080442246
38,14.426561506268223,14.529097165565814,14.598117040029301,14.598117040029301,14.698757960412568,14.759703174323914,14.886196125648283,14.996843123715555,15.001360743362438,15.058314849263029,15.203663918326061,15.239423247801973,15.293707237697102,15.294673772136042,15.308142543558054,15.313974649580636,15.420516272756245,15.443217796569622,15.456771601049024,15.465299603155824,15.477456255115058,15.516882745261618,15.532532056969867,15.567283915503841,15.574271201687726,15.60362103755501,15.675996832101994,15.745243249648459,15.7630496189752,15.77060438912109,15.784983322366031,15.835999255074288,15.972301177799023,16.04932792620733,16.07225790773407,16.09158032032107,16.097875032275827,16.112361794045178,16.118775017999116,16.14445633341304,16.241359487424244,16.330064159174345,16.353506802645295,16.53006236695238,16.65463957498643,16.6807364671177,16.68105282490005,16.69432957015803,16.709318205574224
39,14.426561506268223,14.529097165565814,14.529097165565814,14.598117040029301,14.598117040029301,14.76157735120889,14.822666876308475,14.90096431461475,15.057117041746965,15.164955776301275,15.244675165498059,15.278563385365155,15.283369435116455,15.283991636554358,15.306020058442924,15.327148700059611,15.367457469960765,15.38761385825516,15.401939562327119,15.435610636442512,15.44960583160849,15.481797345251595,15.486854791340868,15.54197140957948,15.542438825613777,15.572278937992373,15.574271201687726,15.624550849343363,15.637363650609377,15.699545923107886,15.801781256534525,15.829559747166144,15.852792799713217,15.899013577884475,15.956228268018826,15.964351964050511,15.96880325195026,16.04990580494755,16.096028115865554,16.10773579566333,16.13824020892264,16.178786008960692,16.280948142317275,16.30945489556406,16.31960839005683,16.339558698165437,16.489046680767334,16.58956346930119,16.83794523916771
40,14.426561506268223,14.529097165565814,14.529097165565814,14.598117040029301,14.732916633555645,14.78620860906453,15.012601371525406,15.022578768102349,15.027903541010254,15.119855279543227,15.124393517914974,15.172600012113788,15.207738794109673,15.287832708526725,15.293904063929661,15.30952993154719,15.311466902290395,15.31495657569814,15.320970928144973,15.330557609544398,15.408589414337658,15.430449719227585,15.463015801322442,15.465898742528235,15.476114667964932,15.581441864742839,15.582916161622204,15.583682258416454,15.594955061596332,15.612561064443561,15.63971002236562,15.680055370291612,15.692066465539545,15.820292911653233,15.840220057072834,15.909117240352627,15.961157545098034,16.022667600611825,16.033772929519092,16.10266014547973,16.14967922671875,16.20239166573862,16.22362200130756,16.349002104215288,16.3934438614823,16.670137699730574,16.751119000307007,16.97469411014101,17.249897084589065
41,14.426561506268223,14.529097165565814,14.529097165565814,14.598117040029301,14.743759933130127,14.821463839007476,14.921724560847569,14.922049420165532,14.965286936215898,14.982766000351452,15.002207963856677,15.077058563508977,15.106149953675382,15.154239076476578,15.185889126739463,15.213862621793437,15.242932195796813,15.318672821857001,15.37439469372445,15.390610296231733,15.407092957507052,15.409828780713234,15.42113928251231,15.427698232367328,15.428328539830524,15.549857863188649,15.593745528297298,15.611446055083666,15.683608539373866,15.740054103919412,15.805779743386442,15.812390960196199,15.840823350162436,15.899881779474054,15.910896888765391,15.919813281367087,15.935404191294142,15.974897975475297,16.031219620296806,16.073529524856106,16.11622387475878,16.11759598832091,16.153094683053077,16.30919447744395,16.316230506634042,16.337024806533705,16.472033391584233,16.566191395002384,16.978171694540645
42,14.426561506268223,14.529097165565814,14.529097165565814,14.555042730936526,14.598117040029301,14.598117040029301,14.648844553194825,14.751261207704442,14.780695525979615,14.879302532230653,14.965316987841387,14.992032289030883,15.002207963856677,15.166439840033188,15.266277617480151,15.286688698402696,15.34518618639674,15.367145465329568,15.372356879245666,15.422849140411191,15.466415445083962,15.475120179099402,15.497186423905218,15.51774009391051,15.52270152003933,15.5345821665162,15.605192743067875,15.62164140730102,15.624757827216168,15.69547615442628,15.929425874662408,15.967433737965386,15.969545377298559,15.995880508771176,16.01839374027734,16.066943157357073,16.08591797097402,16.152181781764014,16.169789921830198,16.24193901702039,16.265808756771545,16.272047165551644,16.323693682626047,16.328245681737382,16.40700044065889,16.523719583915618,16.58821722390284,16.70878348112516,16.82261206134417
43,14.426561506268223,14.529097165565814,14.529097165565814,14.555042730936526,14.58097861910489,14.648844553194825,14.808012789957239,14.810283330263053,15.003313421746537,15.039097592797166,15.055443585794997,15.058859825020852,15.163422600909342,15.224140165616717,15.285392029748241,15.335881701173273,15.337479331710405,15.365205795878826,15.37984737471858,15.411540972363785,15.450405576263268,15.495517887217284,15.497186423905218,15.52255005126323,15.527627821124366,15.530887639597083,15.535552268251035,15.545341553657103,15.598513919522397,15.629732077879291,15.675773856722023,15.708600815838253,15.70886515125481,15.770929570468544,15.902149060361126,15.945239408015603,16.028465894247788,16.035933994572172,16.05900741141424,16.07749051394182,16.188204425875206,16.20563653437953,16.287348383433567,16.373474051848543,16.38651661886517,16.423855463580598,16.439334228805862,16.449680620793515,16.673184625852887
44,14.426561506268223,14.529097165565814,14.529097165565814,14.529097165565814,14.555042730936526,14.73870493016165,14.87789781185026,14.988335751966542,15.111552627806004,15.212975079898944,15.213164728920784,15.252383579420522,15.269677237674886,15.307673048152095,15.308101713104334,15.346160552391508,15.387929020354374,15.405778579248752,15.420682415051434,15.422625946684027,15.493670030069993,15.527467324500908,15.610946236451731,15.675867273019687,15.677546842705144,15.690474839285852,15.690539511697585,15.731680090237779,15.753350718013879,15.77837803986866,15.78589011871075,15.815208536398531,15.899216287779849,15.913930856559263,15.987037166539123,15.999427986277933,16.08084892095212,16.083864316470894,16.106376876767666,16.151707351475938,16.16808665630762,16.2205891136699,16.256519113450732,16.260976191958328,16.262983240537697,16.27094217042399,16.43370148036355,16.74157492451491,16.84842294440438
45,14.426561506268223,14.529097165565814,14.529097165565814,14.529097165565814,14.684055876687427,14.87789781185026,14.894142590703217,14.97302748671165,14.982983219131418,15.05786416433931,15.063279300405366,15.07999558704219,15.116666202046758,15.117668594816823,15.13544224127159,15.142209136467208,15.152835941374953,15.253143184149632,15.27449610598823,15.31488464782431,15.325816152112587,15.358587331900411,15.369240018008213,15.392747781499128,15.409049916547723,15.429949783651903,15.474268957678653,15.482198835864935,15.496034562729655,15.506475573093779,15.50976662820245,15.51190109729818,15.52906151781385,15.610210516109898,15.669322501363252,15.677546842705144,15.692038402567643,15.695989944918997,15.711813105258642,15.715775421101624,15.908876937711861,15.960193799455752,15.974509823680192,16.055698110607665,16.079382199796385,16.147379469645493,16.164100439017513,16.583579021522265,16.853781639240356
46,14.426561506268223,14.529097165565814,14.529097165565814,14.529097165565814,14.828244869754448,14.837312754378917,14.878238600827116,14.967554716528713,14.968923344021789,15.00982824668305,15.038590969763789,15.043079007505336,15.125888380851077,15.157175845386789,15.179343634844859,15.264504693529785,15.27449610598823,15.310054749129467,15.346746050132259,15.356013002233503,15.380125940113572,15.395649006915827,15.557673864545391,15.572771974039096,15.590839656289884,15.59848854436251,15.659157207787258,15.768291634731252,15.806992514567789,15.848661770062067,15.862737692095902,15.937288271482123,15.939701463415087,15.98117225665331,15.99152202000456,15.998961841194006,16.01735357710598,16.018520447542517,16.02812513967399,16.274073130988175,16.348059727640663,16.352655260528476,16.41571594713844,16.438018319693878,16.491146100623578,16.63466064896159,17.017781590251325,17.034157914009032,17.16817843338266
47,14.426561506268223,14.529097165565814,14.529097165565814,14.529097165565814,14.918059868442374,14.950173528880564,14.959041166661791,15.048752672561678,15.091825243032709,15.113357125356941,15.142326639074724,15.194089382323023,15.195852763390253,15.250610215671989,15.291523437408102,15.31731368057688,15.329749636385106,15.335713905536569,15.349844456137987,15.376610376281402,15.409401754664188,15.414664833577362,15.536098138482284,15.545591121004204,15.557950355236706,15.573163432072187,15.624600953960108,15.635624819370072,15.75872062704967,15.786047821805917,15.790556880233167,15.842777446560941,15.848661770062067,15.85636720491764,15.898131766531298,15.91277001567401,16.08614518126399,16.139620165223658,16.18540905306708,16.19482478084035,16.224819736840633,16.246082935407394,16.248717615926864,16.26787280925341,16.405115972381772,16.578929199746554,16.62897706264525,16.713692329240622,16.906793614132994
48,14.426561506268223,14.529097165565814,14.529097165565814,14.529097165565814,14.529097165565814,14.892974720512193,14.943042527226263,14.952020064552126,14.959041166661791,15.037012961158627,15.042162844041387,15.050776094847803,15.063258062590542,15.0648045096783,15.149953130613108,15.227679414561376,15.309442870577605,15.322310208632164,15.366505215398272,15.368680698576027,15.371835342130336,15.406733445544281,15.410326521085931,15.414664833577362,15.423310639249198,15.439395336354803,15.46031887668703,15.465133910235936,15.476843229617959,15.520042263067534,15.586400314728504,15.66006053520757,15.66104704997134,15.675177831941141,15.68992733353603,15.691766286342833,15.723544050188028,15.772023270987681,15.891636376350181,16.024320294607474,16.04674733755246,16.0603603052598,16.146878206634817,16.159628240653458,16.31833604946585,16.367423188460954,16.519823176449123,16.553231988615682,16.795865857601385
49,14.426561506268223,14.529097165565814,14.529097165565814,14.529097165565814,14.684177414298482,14.878913522869967,14.904456562115342,14.911953176705966,14.936354954439837,15.004824058795998,15.164792922613554,15.210443891426106,15.287089380184465,15.298199668999526,15.349523862950834,15.388950429606139,15.398678998515845,15.403483306772847,15.461869715918544,15.46322648811474,15.528136627271449,15.544334942805788,15.61169034532774,15.631644928766825,15.666669083870755,15.678726263721579,15.739953214330757,15.765911541359465,15.817196091280714,15.83701570732605,15.883809228369614,15.941876580584205,16.00088045562115,16.060105396102973,16.08670770254842,16.148310028621623,16.160222643646065,16.172810019215536,16.2213075459388,16.22701380455764,16.262335651251515,16.35277927758674,16.394486326853702,16.42927915767503,16.43471596842708,16.464035745586436,16.5011458218264,16.520992469833104,16.612073624813792
50,14.426561506268223,14.529097165565814,14.529097165565814,14.529097165565814,14.529097165565814,14.529097165565814,14.615438491377242,14.695560106065924,14.85330697144162,14.890298370889635,14.930774706537953,14.996717418511125,15.038247462778454,15.04259572107349,15.083457691939067,15.13196019191216,15.189598061927413,15.227812560106354,15.233023951068192,15.256669406364692,15.29803510612037,15.37423716240772,15.429185938795984,15.439300508779919,15.510784046635937,15.55165152249714,15.582354585983266,15.599402888283581,15.612152383391459,15.625856471777427,15.626486449387647,15.675367508100118,15.700990436646043,15.727819624314208,15.796953157907643,15.85452479262604,15.870542039697805,15.885199010960093,15.953068081243545,16.007043483934673,16.01014228460711,16.061247701965616,16.301502233916658,16.315292224548582,16.477594023126162,16.487475692046477,16.582343673744308,16.63619287403579,16.700364409485818
51,14.426561506268223,14.529097165565814,14.529097165565814,14.529097165565814,14.529097165565814,14.529097165565814,14.529097165565814,14.529097165565814,14.529097165565814,14.52969575899989,14.606355933584755,14.74940439107704,14.861098440113041,14.872982343561983,15.038247462778454,15.075964340918398,15.120152977393051,15.142481255237389,15.143725778754463,15.20115871767262,15.215626687790515,15.216004745404307,15.242380552135012,15.248140082838674,15.264293551939275,15.280328683684852,15.340472299482135,15.357358950902464,15.373946503175526,15.400171759164275,15.404494962612022,15.513787083770067,15.528300057192897,15.6410863954634,15.647439883751352,15.656534368674393,15.796757683871435,15.805106923629541,15.80698554589562,15.841987907238304,15.87804046393365,15.953096697511961,15.993356040413492,16.0551413114543,16.17728940509396,16.233089537404013,16.417409400855185,16.54108435202753,16.594305746581256
52,14.426561506268223,14.470443171042307,14.529097165565814,14.529097165565814,14.529097165565814,14.529097165565814,14.529097165565814,14.721960978939084,15.01430012329939,15.23543722075455,15.241364361742063,15.24735373612233,15.290153499600919,15.375719936926938,15.393769775943683,15.397921080242483,15.467404352827483,15.580827626605021,15.61425064674741,15.695467799170443,15.733746117437676,15.753296883709119,15.766073534265907,15.821220261684218,15.857406507825283,15.875605123349828,15.880155083800386,15.931552938455345,15.93593311987235,15.954026175161287,15.959645564071092,15.980888940974971,16.02420798576776,16.02458863966348,16.046090519461867,16.053902227627457,16.06670252794689,16.138756763240295,16.221832423150254,16.246093514778913,16.25585658174888,16.339783963406703,16.340313069511268,16.39255342278628,16.41856982047396,16.43154089499524,16.465714942260263,16.476782765627597,17.154480195721405
53,14.386957913004975,14.426561506268223,14.470443171042307,14.529097165565814,14.529097165565814,14.832954853785202,14.841200395487272,14.905943396484561,14.92464204485977,14.967321284575988,15.026595333550127,15.088648539408418,15.125862010386133,15.18957910968437,15.24786163743447,15.30470269123099,15.37178372894011,15.376490402235877,15.39103693479846,15.553921924544989,15.55979282609006,15.612061744936273,15.66454914144408,15.66956080117476,15.686333529406063,15.718453718736475,15.724720817893237,15.784997446671262,15.822909011952135,15.84919371985493,15.861677584622564,15.880155083800386,15.897174915401916,15.908481664018566,15.950593074726724,15.954512733222368,15.970484513747381,16.00124114646003,16.004797135593368,16.0145870065246,16.063094459795057,16.14123421758365,16.207841231079705,16.307586701503357,16.57683861184114,16.64647660411483,16.760011467530163,16.775416759606347,16.891034179164272
54,14.386957913004975,14.426561506268223,14.470443171042307,14.529097165565814,14.58247007447229,14.656874048158986,14.773170186126865,14.787483341919327,14.890010384725372,14.891067785525546,15.015121952711926,15.018368154311187,15.06061247797192,15.125443714032896,15.19587474757583,15.279981303627688,15.298774039699417,15.29907422390084,15.317736845420901,15.386091768435191,15.407400921435038,15.42749659555518,15.487348369042206,15.52092241535342,15.535068480819191,15.55745859400948,15.588292035480295,15.593321651170362,15.600665661708636,15.631790154886716,15.689118561929085,15.708800391792813,15.733116562578683,15.733870514586096,15.786057995871769,15.852384945701631,15.896573496620247,15.959503644707397,16.02603687153599,16.042553231382346,16.07111574932369,16.092994636458517,16.09427690589427,16.106018290291434,16.12030274756107,16.170079604136,16.371438891110195,16.43669284608202,16.44128651718605
55,14.355948015036768,14.386957913004975,14.426561506268223,14.470443171042307,14.529097165565814,14.77809523029832,14.867692676085337,14.889429574912954,14.968178775694705,14.99198872539986,15.007840953117684,15.065998805471512,15.086749206972502,15.125660815286764,15.206136872825601,15.32930304904307,15.44441218086066,15.453962594504508,15.455111509226835,15.457986374247259,15.485849018537634,15.539734085321477,15.55066842972257,15.628513772491415,15.71081711954245,15.718919149307933,15.742489631774086,15.776841177197765,15.776950126129655,15.806400959961483,15.837679100038448,15.854328181950835,15.894675298748714,15.939844090869368,15.95988719473793,16.00908542163292,16.042000400448952,16.06020412943202,16.092484347719545,16.103348647497466,16.210324978947718,16.396343952671046,16.401262063196995,16.479616980592567,16.618901321529638,16.664150634660533,16.688924737862855,16.835039506275994,17.16332186261153
56,14.355948015036768,14.386957913004975,14.426561506268223,14.470443171042307,14.524728034616016,14.529097165565814,14.803158363655342,14.903257905234973,14.91586265336879,14.934548071514175,14.988291069817345,15.0067517682506,15.007276051435175,15.013740398646325,15.150099871686034,15.15867946548861,15.232573643652486,15.238772462108555,15.243376966868215,15.307701061490661,15.378800455082573,15.47532829395496,15.479847127265451,15.512322874471622,15.593296843960648,15.604827650981804,15.685985963553076,15.776709698560612,15.809514853292333,15.816636865853436,15.847909778074524,15.922030334479048,15.97742254592931,16.008756800454577,16.013409406463825,16.01475512330178,16.03618601150232,16.062236746733515,16.065948035757955,16.137879253799657,16.159145606949377,16.176027958085836,16.1834077106207,16.199445656690475,16.23505415141255,16.301443985460303,16.307210623422577,16.335626065009436,16.673157927653627
57,14.347106745759225,14.355948015036768,14.386957913004975,14.426561506268223,14.470443171042307,14.51330053047156,14.636558575897466,14.659103337174725,14.6636846283437,14.729086607831057,14.826642024334241,14.86321952719997,14.897692157942801,14.902378649923428,15.012892178003078,15.034109761756698,15.098296222830246,15.09932763540357,15.13152601414276,15.29843100147404,15.30265366977162,15.328872601447282,15.338405831039372,15.382869168293237,15.465277182268835,15.502610917877831,15.51867901956783,15.557437525244922,15.568732203287539,15.602514831072083,15.645167329092175,15.779759026167401,15.783197201991195,15.852555511212142,15.855990344733009,15.892960708323756,15.9827371260084,16.022850963749704,16.06243454391559,16.070280053850595,16.07829410761442,16.083478466099876,16.105908224308664,16.1146718446877,16.122781830564733,16.13619752046698,16.192304865368694,16.557714073848963,17.01321984450644
58,14.047614769285536,14.347106745759225,14.355948015036768,14.386957913004975,14.386957913004975,14.426561506268223,14.481001022031878,14.551980187200359,14.636558575897466,14.659103337174725,14.714792318362793,14.829434539278935,14.83855323024067,14.883401327122304,14.9520659032587,15.047560012084437,15.052430477215207,15.056817167463008,15.072571662676351,15.10988940047672,15.16467380066045,15.177365518524056,15.19247914599314,15.453504929248629,15.570065291867492,15.592115989255367,15.615096292907015,15.619776468151327,15.705128411522862,15.7388793041079,15.805502814896414,15.866758948538337,15.93228466271811,15.985843141516815,15.990458814979863,15.998682990779969,16.01026236169597,16.062705862984615,16.109162014454178,16.114338005024216,16.201354462784394,16.220286904656668,16.242055047852645,16.24699880808958,16.264776821335435,16.283406100294062,16.35611845291606,16.385178778558796,16.709521776014324
59,14.047614769285536,14.347106745759225,14.347106745759225,14.355948015036768,14.386957913004975,14.481001022031878,14.835654521827879,14.848858403461701,14.975396572566613,15.00182406527456,15.015064853170912,15.030031931232788,15.090442887581238,15.105966584018752,15.168359535310206,15.19952047990122,15.240209015253402,15.283178837395766,15.303800295076167,15.321410031441921,15.34638206658983,15.373389714016886,15.378330240022814,15.393961173047666,15.42285105469421,15.454831388747909,15.486990257433245,15.504085377743243,15.51384097220547,15.555737876352257,15.568707329370893,15.569209378848642,15.643348577785707,15.673190209207895,15.697559546439898,15.721496621764885,15.777663231264702,15.825111680481754,15.842093045346338,15.92694683320871,15.927733656815935,16.09801962688776,16.1044175804007,16.133230274562894,16.16266043616382,16.175663231774198,16.209038411229066,16.29200908548525,16.343209802289298
60,14.047614769285536,14.347106745759225,14.347106745759225,14.355948015036768,14.548391084234193,14.623935168566602,14.679441966267643,14.796669803171985,14.841876453280097,14.863850495335528,14.872134451879997,15.014665375608512,15.099163456230519,15.115849930967967,15.214018366628002,15.260637417725215,15.26123605013881,15.302930356346714,15.362336971585647,15.376600249478331,15.411729463883313,15.451606885639594,15.452576666478748,15.46522916561238,15.48680950857841,15.49755917296634,15.502629355922595,15.553017942083013,15.56159392962399,15.583908170511442,15.622004199970474,15.640205101231764,15.644691217081034,15.685287349179777,15.70090871693058,15.738466992579928,15.820291733386465,15.825091793586358,15.826602050691582,15.835658328825343,15.856203975833767,15.901467773150236,15.980221008883783,16.044414648161954,16.096428481292225,16.18765802264253,16.205358898409848,16.438680124707037,16.49350738068761
61,14.047614769285536,14.347106745759225,14.347106745759225,14.347106745759225,14.355948015036768,14.608296887950036,14.637942700527033,14.670140634193634,14.702491704414692,14.789809847495764,14.79527509908445,14.840291047736025,14.938358259674672,14.989843509768136,15.048119753790024,15.080904695517678,15.163603335214255,15.197576712742658,15.198547523262707,15.214367340005664,15.381451865138244,15.44736195253556,15.45050204044433,15.451536478745862,15.451606885639594,15.46522916561238,15.517064143846317,15.534103176198139,15.602591403551362,15.786536863279405,15.844344386178378,15.862247471849344,15.885762716241597,15.891389689869689,15.935713080459788,15.943003562473884,15.949308852711988,16.08633535575231,16.091880241685693,16.107530474910035,16.114950596444093,16.161877304167216,16.217433942183384,16.22273397363222,16.256194710337983,16.26237111467225,16.380068110536385,16.55199743922626,16.621052224358525
62,14.047614769285536,14.047614769285536,14.347106745759225,14.347106745759225,14.347106745759225,14.604827881260018,14.713253247417574,14.723107058188939,14.853542723610182,14.9110676739874,14.967314153557135,14.99956192535624,15.019439890698722,15.042032099512598,15.198357442661878,15.296283981096979,15.303673569399345,15.353918482759754,15.381451865138244,15.417016250026602,15.432779087195158,15.456594331819753,15.47662126376441,15.50065818850507,15.503070249135417,15.597411797542401,15.61889902314052,15.679844717455143,15.704386171600579,15.716951722121273,15.752628871814705,15.791103607980588,15.798395617053911,15.80406057160381,15.89894486491135,15.904624841893162,15.931093183736152,15.94572131805002,15.977918692978104,16.033616611069334,16.066998946670918,16.079431157567907,16.22031092901809,16.294819571941403,16.338229856161238,16.401973964071477,16.424112137688184,16.458445682882235,17.083696378793757
63,14.047614769285536,14.047614769285536,14.347106745759225,14.347106745759225,14.517486894109293,14.82224437702287,14.834146547738921,14.857074722761855,14.908506740378858,14.942260851570014,14.967314153557135,15.020406912857403,15.065394058542362,15.08103814977704,15.116153948563793,15.134962588328573,15.144818099881668,15.18097234262494,15.247748978467493,15.349914973412574,15.35114399777414,15.356834510963813,15.370546078979935,15.397751408025515,15.44832091104885,15.495936893991974,15.49795226960034,15.505704886739155,15.512932944865856,15.555935860220305,15.565792413307793,15.578348145874568,15.60556200968791,15.630326832948818,15.646407155124937,15.768142486095913,15.777527655941508,15.806020182389602,15.810926028153952,15.81245056779253,15.83478359983326,15.857972828487426,15.954396638535826,15.983702635023311,16.047069201173386,16.126300559580166,16.15155519480009,16.25700653849816,17.033179750546406
64,14.047614769285536,14.047614769285536,14.347106745759225,14.347106745759225,14.456487403885593,14.734060668967441,14.743605664481906,14.793417147729935,14.811935343964105,14.81294014792049,14.897828024523557,14.928709104302474,14.986375102995893,15.032592464727678,15.041761907849132,15.065472564637888,15.101256382744408,15.153642285213428,15.161474790881153,15.178167513318305,15.215078214097222,15.321506029769264,15.330126763770366,15.355389588333818,15.373374311619493,15.426986710559662,15.5366326409508,15.580917331748164,15.600722574711753,15.61842805950202,15.663306253189463,15.672875184512685,15.691302095790588,15.711506278355516,15.737751268908,15.750172805162022,15.763484131641484,15.808685209814513,15.813368973137063,15.818019171254102,15.896921900622916,15.909852964419564,15.923727589033648,15.98492891748753,16.06795600196921,16.10280635879432,16.12649337280861,16.12823799721688,16.130950838871414
65,14.047614769285536,14.047614769285536,14.047614769285536,14.316665146153435,14.347106745759225,14.347106745759225,14.347106745759225,14.540115567494388,14.570736490619826,14.712287912037109,14.734060668967441,14.818270411504392,14.826485896099959,14.937183667582469,14.985283253461285,15.037413623176008,15.051579807740156,15.235032380844817,15.235591680695368,15.242637846803694,15.31903642609101,15.329163370808137,15.397086824500322,15.429262737507285,15.437091178671672,15.468869767722454,15.512454264327241,15.527435645531234,15.536966518671264,15.548890755292021,15.549516579731822,15.550802741881261,15.575937177427987,15.57960368751981,15.72567368507303,15.744390449901308,15.783340288264139,15.891269872077688,15.92920586059411,15.948771614240487,15.981631104880176,15.982193768121949,16.067572910161992,16.266512272374868,16.37830912107379,16.505945143380192,16.579291378661143,16.614050323240235,16.68670991174682
66,14.047614769285536,14.047614769285536,14.047614769285536,14.24657756210376,14.316665146153435,14.347106745759225,14.502743545145478,14.538607817825902,14.540115567494388,14.58656897971251,14.646144178455392,14.786829118340888,14.81189644353001,14.83223373342048,14.903615894373884,14.92615509338566,14.938924934887488,14.955040637178197,14.994408131122954,15.016814154443466,15.052827950287925,15.192167677073943,15.228403146799662,15.25508196826204,15.25643375944497,15.265330586462905,15.360631119501322,15.383690821089612,15.435219457137778,15.495165693335803,15.614763422928682,15.660772775682725,15.716795246427337,15.73981435721383,15.751664048786902,15.76349431163032,15.955652352747293,15.967443830648731,16.021287836238656,16.129818346990945,16.155873861618144,16.17920072400849,16.236806468026536,16.269290579648384,16.28096982322922,16.324168456067348,16.460790401495622,16.5813977069556,16.676465822571984
67,14.047614769285536,14.047614769285536,14.047614769285536,14.047614769285536,14.047614769285536,14.24657756210376,14.541877981313414,14.651722340125833,14.709253853302858,14.870493786751066,14.893736014814586,14.90053377914468,14.913235492228036,14.92615509338566,15.00297345500971,15.020632415273088,15.051002566129853,15.069496027987416,15.157234625876434,15.162120876200763,15.174442262741175,15.204060478857015,15.236991302714758,15.241837885728785,15.267277493767253,15.293923798694165,15.366230224408772,15.40248996123206,15.428822198720518,15.462297669718906,15.573782761339242,15.577098337616317,15.616857139295115,15.635171223632907,15.649232739899352,15.653172761890735,15.66629069029675,15.691223008913092,15.798038674930421,15.84193434054553,15.861527900311046,15.889036789383542,15.996878125563368,16.0142225283863,16.018837803795023,16.12869004028053,16.25232938399155,16.311730627946766,16.65725171300399
68,14.047614769285536,14.047614769285536,14.047614769285536,14.047614769285536,14.047614769285536,14.247314756578925,14.415818566666195,14.563904656296353,14.600160555443379,14.651722340125833,14.660392249881523,14.71811729275787,14.882319915749944,14.900844522280076,14.915728964813013,15.014239533937396,15.067553896991138,15.135697672873597,15.14159773309936,15.150496585018283,15.163895182792658,15.169702614393065,15.200470391743098,15.222371051171601,15.301190515654072,15.336532488612239,15.351527856444989,15.423362086448966,15.429813581427023,15.438461588196406,15.474709620838494,15.482164882646094,15.498423117296747,15.588007722358373,15.650629541286182,15.689201867719827,15.720391532822411,15.783206871169222,15.844523050625803,15.91034020304096,15.937652156125553,16.041668459525237,16.116630026960017,16.13630441478711,16.149140608338527,16.186940097594032,16.189687051869416,16.22412846123713,16.29616459103991
69,14.047614769285536,14.047614769285536,14.047614769285536,14.047614769285536,14.047614769285536,14.047614769285536,14.225938784686385,14.49522898322033,14.855991791299264,14.969705955353623,15.052922953055447,15.056763747085563,15.086857439147986,15.088497032621095,15.089904283696171,15.181685799205486,15.211684262127099,15.328279533178463,15.338674892907827,15.350640542173547,15.389759049848925,15.397162743336294,15.44392466558493,15.570598538796268,15.581879903175814,15.622610172667958,15.640946959028131,15.660139806948026,15.784645370639197,15.832697313061775,15.836478798503355,15.848404952507655,15.856715439449243,15.91030950809392,15.912091964952591,15.938701301451175,15.94151744138049,16.01817163807041,16.02523656997203,16.0722712423382,16.120241926922642,16.12531503081218,16.260368485759948,16.458483693365952,16.545957627297003,16.62167740968763,16.70560381026398,16.87907322633761,17.10186727819055
70,14.047614769285536,14.047614769285536,14.047614769285536,14.047614769285536,14.047614769285536,14.629166598931867,14.660790575009639,14.75697213066239,14.788827845941041,14.813212821811387,14.835010877849896,14.971121381421346,15.074372254458378,15.098165110603246,15.142698784803176,15.202960435226773,15.230413850906032,15.236691299767791,15.243596211068104,15.305167288602304,15.30644056898656,15.338674892907827,15.339929972284553,15.45181204574656,15.5231372545865,15.57875361250121,15.592377176351274,15.599703207378813,15.780343883363226,15.794887288403572,15.800071346361246,15.801351981295886,15.815663684857206,15.820843427908162,15.830732194573539,15.858235979094298,15.889060769791714,15.90613026038071,15.950682854173925,15.979808065313843,15.998948100795912,16.060001504905753,16.07040489267686,16.15619970455761,16.22215556485807,16.297295665066784,16.365937335283228,16.605551546486616,16.834872715436724
71,14.047614769285536,14.047614769285536,14.047614769285536,14.047614769285536,14.047614769285536,14.047614769285536,14.047614769285536,14.428823860448539,14.61029742492104,14.695169449560746,14.711635000411105,14.716108099924755,14.78074497849976,14.886701202370748,15.119246998341621,15.129775252527066,15.137651747334797,15.210794746672043,15.21560566042299,15.219620717575472,15.306856591941434,15.312564799285996,15.316723341400534,15.385865477931803,15.422011946520122,15.439429742561513,15.45011141173919,15.482716666990537,15.540036613525348,15.552172585446696,15.555167816188542,15.556151054319297,15.660669564231238,15.730593423413385,15.742061457082388,15.83069283836477,15.91127743342835,15.967502229122251,15.976877445944531,15.977369256950569,15.982773123072405,16.007544107568954,16.110521996748783,16.292492062537956,16.41082867607731,16.50417293366391,16.55922913970207,16.63066173137547,16.765818137220144
72,14.005781111705016,14.047614769285536,14.047614769285536,14.047614769285536,14.047614769285536,14.047614769285536,14.568966817793081,14.630835262700709,14.718641294421616,14.769527560246559,14.806717421176405,14.835473666875295,14.966468606675912,15.018650728456159,15.088792136942333,15.090455579982972,15.12073860878978,15.12774578593331,15.206207875945413,15.2323495916187,15.247640225243442,15.399228173006,15.399894431106844,15.403437101515413,15.434564579577692,15.45346345234131,15.475867948359307,15.47606145567989,15.499819757082495,15.575667221684833,15.596418327627775,15.66685588642465,15.694002485773185,15.734292663891928,15.752440546148952,15.788383724483438,15.855415399299561,15.861681788706324,15.892603978019034,15.919533446544639,15.969030516983052,15.979456818746101,16.017175610306236,16.186489505259928,16.187340551486432,16.381909734838544,16.39712397692446,16.472143344335784,16.557162116619224
73,14.005781111705016,14.047614769285536,14.047614769285536,14.047614769285536,14.047614769285536,14.855713420606891,14.865587390965294,14.914202082231256,14.944224131642795,15.016340904301515,15.024501965013659,15.114717055361906,15.11875024822396,15.130189663068538,15.14027900145673,15.165856814698241,15.247640225243442,15.282611246757957,15.289810330183956,15.295827651366023,15.319037520192486,15.429801141128452,15.43097820582082,15.436120450664099,15.454646499714435,15.50148583755116,15.521150502475006,15.526849503433645,15.538683673145634,15.613361343814908,15.655671404971482,15.743049993396777,15.751138350848795,15.766002869295335,15.890810525201235,16.00650512194634,16.006823767294808,16.046637773850463,16.08974979197522,16.107653543905947,16.11688007396473,16.206086027633205,16.32324999618861,16.333380836946382,16.443887420713402,16.485356434274596,16.606374380169623,16.627054210092123,16.702456312874062
74,14.005781111705016,14.005781111705016,14.047614769285536,14.047614769285536,14.047614769285536,14.23443693277601,14.58560654710396,14.771768176775545,14.869791500948565,14.892958758543863,14.905725902452613,14.99096126267802,15.009528639394965,15.07090106901152,15.080436301986493,15.140680655567115,15.154689235348433,15.160030885508741,15.184131540828197,15.222412877194074,15.223878031587784,15.239831007096821,15.325595246109867,15.3398913432468,15.342723061868735,15.35181017098208,15.386099125551722,15.426594244436634,15.434298107181515,15.46977078084135,15.514611821417049,15.540010798666684,15.55580966285608,15.565127657375202,15.577166568863019,15.601338153184003,15.6764022621413,15.749458892821577,15.756674067214929,15.779640151180462,15.895438315624816,15.924988166643706,16.013530767439267,16.085789247327522,16.162387896642553,16.200439729278006,16.242211510771114,16.556341364190363,17.036815718047983
75,14.005781111705016,14.005781111705016,14.005781111705016,14.005781111705016,14.047614769285536,14.047614769285536,14.392075604950064,14.458172258795432,14.470577525839701,14.76544370016262,14.886103470438055,14.986801418283047,15.016368274282918,15.07090106901152,15.1153083367975,15.144264871931451,15.144864725673642,15.147889979441558,15.236859862311263,15.28286750023527,15.291100145740987,15.307351483967285,15.338782170881526,15.422915567942589,15.456569577278662,15.476644244221568,15.47908493627635,15.492224608698082,15.533196885500725,15.586882975272939,15.61898439824898,15.64950170345857,15.651912861164908,15.67163719115755,15.676730681031776,15.780900379624239,15.789129523634893,15.830974764503175,15.861485813436321,15.868831321569433,15.889112112103525,15.96561099368261,15.969549343132824,16.020748296460134,16.090323669020854,16.162943790187764,16.237348612298803,16.5309534282671,16.686343345006335
76,14.005781111705016,14.005781111705016,14.005781111705016,14.005781111705016,14.005781111705016,14.392075604950064,14.826858334086756,14.892345343310476,14.90739119975893,14.956737855726814,14.968104522271512,14.984349103838715,15.100815589026068,15.105664876714203,15.123502084713117,15.174366217318555,15.18602187642226,15.215325338637879,15.267912021164998,15.270223717685969,15.287728586069104,15.312600655505241,15.323957797476368,15.342278787756344,15.378711128753753,15.385935016491715,15.437207555389728,15.453843189061653,15.474710491780028,15.500681676782877,15.540155511455655,15.550093819476372,15.58664084401071,15.586882975272939,15.600253427413735,15.717009932172035,15.772957915412997,15.780900379624239,15.813036629944127,15.831441089312259,15.853490772449591,15.882654250738007,15.948528083712892,16.003054002452068,16.111535785377402,16.220848447155333,16.225303180739246,16.388111444400817,16.50396601462632
77,14.005781111705016,14.005781111705016,14.005781111705016,14.005781111705016,14.005781111705016,14.692654301017708,14.705420953609172,14.875358615054694,15.02381291856458,15.032731310312581,15.07043946944152,15.07178423631878,15.100090079326911,15.13680441185673,15.137130965846515,15.144333377558135,15.158493508989032,15.185979187088531,15.20391472342046,15.222379555669322,15.223697662384957,15.288084848708444,15.340256144294209,15.370014779603558,15.378711128753753,15.405798826223652,15.420862263235097,15.424912061769428,15.505423721114076,15.524569911918142,15.52717648587044,15.530562628519487,15.575926709225532,15.577014396978036,15.581502117448887,15.599618692105619,15.60540379759669,15.621716123025736,15.692141977101684,15.71253590226463,15.744833315412796,15.768128803111134,15.927518484500386,15.941963751809746,15.954504565843006,15.954716274812847,15.96311663223538,16.034398427464406,16.44159112714241
78,14.005781111705016,14.005781111705016,14.005781111705016,14.005781111705016,14.005781111705016,14.379674524558677,14.740002158388268,14.852914141037216,14.951624068760964,14.967561012281754,14.975842657643193,14.987424880411822,15.003948847105484,15.010775846164298,15.05667672393513,15.063655702997345,15.091096536987298,15.14627546131628,15.18242375960469,15.223446189821207,15.23019203738275,15.268789622797883,15.276715933394106,15.331305209263451,15.351101222510344,15.397798336045005,15.406978462894777,15.413053372063434,15.440144761185003,15.451622830829873,15.470656145426343,15.498332269133538,15.516799443781343,15.546435819388282,15.59681939312399,15.653113343792583,15.657947921508498,15.660896504404445,15.684153831846986,15.686679639148608,15.704131561780438,15.708503440553903,15.766026140747089,15.90655387792109,15.915293397755784,15.927210293736971,15.954150815231294,16.026683454357933,16.448963956052058
79,14.005781111705016,14.005781111705016,14.005781111705016,14.005781111705016,14.005781111705016,14.509405919540717,14.666244395385347,14.722808485506947,14.884047765319428,15.00384979271979,15.028329115043814,15.043412244035192,15.066691298343148,15.084927063841718,15.109256881158355,15.127229421607879,15.132788598621952,15.138413162876544,15.153948536688732,15.182561166992064,15.243023068915349,15.24324395653661,15.248417787012578,15.251477163507666,15.254906961708418,15.26324969268468,15.307678435581762,15.313915484437718,15.35322298672834,15.42263520736456,15.429399234178065,15.433383826280656,15.447625928614828,15.449909400656495,15.5099836361047,15.515217489328064,15.539703560762257,15.615621174933942,15.666694667253356,15.694763627150115,15.738025073732537,15.739660744202338,15.805711661046784,15.827708292861173,15.926889204691259,15.93145964440903,16.046149275583428,16.443194502687465,16.585491792117136
80,14.005781111705016,14.005781111705016,14.005781111705016,14.005781111705016,14.005781111705016,14.005781111705016,14.005781111705016,14.505360164647735,14.614307304316752,14.66157117210724,14.720970428602802,14.836767422106313,14.902446654041054,14.934800697367775,14.954458498992523,15.009825597237047,15.043757528444807,15.047445070695453,15.058651584960684,15.066691298343148,15.148750316531343,15.153948536688732,15.155505936687339,15.16478250182432,15.181315310491483,15.185216424529715,15.19938911700523,15.232798884561785,15.251477163507666,15.264852005744858,15.286270597869489,15.292747341037275,15.314678550309027,15.32488118554603,15.482711806805224,15.483626213009519,15.515691472665653,15.536416871533415,15.552283685353022,15.567536328433812,15.703747387989136,15.757921953094733,15.850277836774499,15.855344428366186,15.996383092918359,16.005657438797456,16.143769944712364,16.439426731715077,16.608144084645883
81,14.005781111705016,14.005781111705016,14.005781111705016,14.005781111705016,14.005781111705016,14.005781111705016,14.005781111705016,14.278351292078275,14.744470413264771,14.863551374142295,14.891891551347289,14.907974659542363,14.914653267056096,14.929414380438036,15.04445234362086,15.05774794587404,15.071129062168504,15.089333919601906,15.106152496584416,15.106152496584416,15.115373349004143,15.124744278219381,15.14259124505831,15.186316972834174,15.234113287831644,15.235551217317376,15.30352659038667,15.329032413591731,15.378622177663036,15.390236980295871,15.415441015592608,15.420707485822819,15.436260208577735,15.438969540003662,15.441421828361948,15.464832831516903,15.472606246135296,15.477470467234566,15.503834245269093,15.579820717170701,15.582267160668264,15.584893175832764,15.667111265082124,15.66762029181295,15.702206769203467,15.97964456678527,16.02499122224781,16.11481661541371,16.290213743418068
82,14.005781111705016,14.005781111705016,14.005781111705016,14.005781111705016,14.005781111705016,14.005781111705016,14.358380345454188,14.744470413264771,14.769678671586323,14.874023274645893,14.907974659542363,14.926714411653252,14.952354723058606,14.99068940474568,15.037965013198393,15.059816760096053,15.062388841103571,15.100652351482216,15.110782961250235,15.115373349004143,15.172366282077174,15.173024733360437,15.19323604687337,15.232545113296975,15.251252526141906,15.30088320879853,15.312435203296657,15.321588823687835,15.327728153842834,15.35259209881674,15.364725533490816,15.381351109653254,15.400184902473002,15.417300327334408,15.429499006189781,15.458391504145604,15.46576173851867,15.487755975943715,15.52528122183689,15.525617374914452,15.531969728853296,15.557842022019436,15.562505334140154,15.608724769841956,15.652306187402651,15.739730035900127,15.814414840738241,16.01950402159911,16.086192572598744
83,14.005781111705016,14.005781111705016,14.005781111705016,14.005781111705016,14.005781111705016,14.005781111705016,14.358380345454188,14.620367620903165,14.777545018525453,14.778351755555247,14.80425642272049,14.804613213553797,14.829377685958733,14.842805163648862,14.93817019661709,14.943175746291695,14.976944018714622,15.044628540863359,15.063216874735227,15.070236764472252,15.072189267072261,15.100652351482216,15.100806104264095,15.141677938431327,15.142775827167856,15.143480975951471,15.18970298610974,15.191161376870383,15.19323604687337,15.198208037454442,15.221112796858352,15.224818082304903,15.312435203296657,15.328493847780031,15.356041439338682,15.390975242480812,15.466491950663514,15.486328404888791,15.487755975943715,15.491028705573848,15.50374538470117,15.509341084624381,15.52025952518092,15.593424629960179,15.634689150312619,15.65377275911866,15.816445099433393,15.933191170394023,16.096797086649676
84,14.005781111705016,14.005781111705016,14.005781111705016,14.005781111705016,14.005781111705016,14.005781111705016,14.005781111705016,14.005781111705016,14.00584788017174,14.006076373143546,14.006523593652851,14.506449999676848,14.656332984108724,14.778351755555247,14.778351755555247,14.84212929744623,14.879722806570332,14.906763867903894,14.934066057858612,14.983378428849717,15.01643150480782,15.036491814985043,15.043125333638313,15.044777690692198,15.072189267072261,15.079998042891694,15.100806104264095,15.103935454367248,15.114379191559443,15.148795515642616,15.15777668838637,15.184996165176964,15.235305937687377,15.257420618308112,15.271620256721988,15.288929759436003,15.304689045957936,15.360479748291036,15.374081823291128,15.389863377986185,15.487755975943715,15.487979763859611,15.578563919364068,15.613821229630375,15.652939983547135,15.708463717867682,15.796321567896287,15.814391798758301,15.88709427639072
85,14.005095797899664,14.005781111705016,14.005781111705016,14.005781111705016,14.005781111705016,14.005781111705016,14.005781111705016,14.005899004693893,14.006523593652851,14.164941576440151,14.349685032353907,14.486826478420149,14.559090660300585,14.755105926449504,14.778463132036174,14.84212929744623,14.8484090941706,14.875867812141527,14.906763867903894,14.906828703413073,14.934366003384463,14.958746265274067,15.01643150480782,15.016674797816307,15.037776146334858,15.072189267072261,15.114132606900412,15.143040491679319,15.224217329624185,15.247052950118054,15.257964891915792,15.262121529695566,15.295852583710698,15.304642432236685,15.321825325279631,15.362112443583465,15.421798204098403,15.430322319329616,15.623564539755854,15.687335205744334,15.70165894411803,15.781320232582951,15.786290219130231,15.813771553397963,15.891062250169597,15.904924169565671,15.94179844299484,16.04882044894397,16.170232730193796
86,14.005095797899664,14.005781111705016,14.005781111705016,14.005781111705016,14.005781111705016,14.005781111705016,14.005781111705016,14.005781111705016,14.006523593652851,14.087999701570956,14.164941576440151,14.478076216764693,14.486826478420149,14.622566474407279,14.778351755555247,14.852587723376418,14.875959671028111,14.890623668003819,14.906828703413073,14.90699764344365,14.941221340185493,14.947535845736216,15.018441421188063,15.053098429889122,15.060416872414914,15.11335885385479,15.12500156853962,15.140518669091449,15.243486106282,15.26319348314065,15.27916396099589,15.31672430118703,15.345180329853086,15.351915301546601,15.39572146956667,15.403307383140618,15.4444608195327,15.464836712092932,15.515567100595632,15.51567305455414,15.548112614279813,15.57245289343851,15.626856586346035,15.629591236535086,15.654297216339552,15.887365081558553,15.914781015861394,15.977458660012156,16.2695226895333
87,14.005095797899664,14.005781111705016,14.005781111705016,14.005781111705016,14.005781111705016,14.005781111705016,14.005781111705016,14.006523593652851,14.006523593652851,14.087999701570956,14.136998866133126,14.400873266356909,14.493090643422857,14.587749088476464,14.68808017086408,14.778351755555247,14.78712881069693,14.809927134302942,14.950129253188123,14.950129253188123,14.998788352394024,15.005672173268989,15.040188095726029,15.053098429889122,15.060416872414914,15.062673498596132,15.101022301974659,15.12500156853962,15.12500156853962,15.199734694875715,15.22462704604883,15.234530825925996,15.27916396099589,15.346369482592193,15.37009751566881,15.384787526550761,15.40388779708566,15.478633471055176,15.505443726437845,15.516949917895884,15.542855442334183,15.560986074844841,15.564213546465286,15.593718751170101,15.67089157416956,15.725074370345899,15.843445933036909,15.940916915694897,16.61216692830299
88,14.005095797899664,14.005095797899664,14.005781111705016,14.005781111705016,14.005781111705016,14.005781111705016,14.005781111705016,14.005781111705016,14.006523593652851,14.006523593652851,14.164941576440151,14.171153778929796,14.648330943421886,14.889089344623077,14.895025183996696,14.971344527614344,14.995410185064953,15.072972859457156,15.076093564679663,15.08778067180998,15.087943601731663,15.162732832611722,15.168591428995443,15.17112126912059,15.176863715323163,15.212152547209215,15.2129816569329,15.288509676929053,15.33335140288922,15.374443746014684,15.394520543043555,15.547920831433398,15.556113517682018,15.560986074844841,15.602223992900367,15.644915324628133,15.659114824321685,15.67465958271828,15.6926559959026,15.72069831852276,15.743590883477147,15.805223214614086,15.847040464101012,15.852723261757577,15.868556453417487,15.886180142198757,15.941831617627972,16.02499267276655,16.166206827908997
89,14.005095797899664,14.005095797899664,14.005095797899664,14.005095797899664,14.005095797899664,14.005781111705016,14.005781111705016,14.005781111705016,14.005781111705016,14.005781111705016,14.006523593652851,14.007209458708147,14.122038867063077,14.164941576440151,14.171296715811007,14.282752869209189,14.60710817973497,14.651117953892543,14.769103397956071,14.770202195858756,14.920011453470709,14.92058215203445,15.028763481051364,15.035905325302712,15.043840407737678,15.059127214019377,15.059127214019377,15.059348031409122,15.087943601731663,15.111270454157644,15.15982648164336,15.168591428995443,15.217288335805437,15.232831466972726,15.307458148883688,15.308049719692688,15.321150384010576,15.33335140288922,15.488008310406315,15.489873700815076,15.54002142630784,15.547920831433398,15.556113517682018,15.584282434421448,15.613091589200165,15.627685894511249,15.635569936301167,15.659114824321685,16.287242591552562
90,14.005095797899664,14.005095797899664,14.005095797899664,14.005095797899664,14.005095797899664,14.005095797899664,14.005095797899664,14.005095797899664,14.005095797899664,14.005095797899664,14.005095797899664,14.00554287123263,14.007209458708147,14.038123638131172,14.171296715811007,14.171296715811007,14.171296715811007,14.261529164788897,14.326361857588916,14.648330943421886,14.651117953892543,14.778863616256835,14.840241500571999,14.860102048402002,14.929359506793194,14.978901320999116,15.028763481051364,15.059127214019377,15.139276746139943,15.139535796546802,15.157421593694062,15.168371362068392,15.200706321241586,15.234973381106077,15.242386988493314,15.244492524046215,15.33335140288922,15.367139093741923,15.375093992821306,15.480472430426703,15.495649264781585,15.503949682024269,15.511139442865375,15.511482996292298,15.581008686850295,15.70156738424087,15.710887907722249,16.042060145714004,16.16229091612161
91,14.001969724206658,14.005095797899664,14.005095797899664,14.005095797899664,14.005095797899664,14.005095797899664,14.005095797899664,14.005095797899664,14.005095797899664,14.005095797899664,14.005095797899664,14.005095797899664,14.00554287123263,14.006523593652851,14.171296715811007,14.171296715811007,14.171296715811007,14.325022584970206,14.613623890051775,14.648330943421886,14.654483671855065,14.691816352392737,14.80725665304942,14.88446245823286,14.910074105693283,14.998650083270268,15.061502530631357,15.070244799568755,15.106695053781346,15.139535796546802,15.139594478980484,15.22173991282807,15.287799266716268,15.342077319895015,15.396065612687057,15.437951858375504,15.485640936222591,15.50231335352175,15.50392755480217,15.556568611651365,15.55681741450401,15.578873401769561,15.637088708359274,15.64426407607459,15.698695703852634,15.825363906322082,15.944581715672104,16.241413289661637,16.751557782152858
92,14.001208132397352,14.001969724206658,14.005095797899664,14.005095797899664,14.005095797899664,14.005095797899664,14.005095797899664,14.005095797899664,14.005095797899664,14.005095797899664,14.00554287123263,14.007915993849346,14.17063563169598,14.171168889007674,14.171296715811007,14.171296715811007,14.171296715811007,14.171296715811007,14.171296715811007,14.171296715811007,14.193434870220505,14.233353977498192,14.346147327398334,14.407788640391006,14.651117953892543,14.70807430024274,14.804105849281497,14.80720345769627,14.807946069201039,14.891837972315585,14.910074105693283,14.921094461501625,14.976683802234305,14.993843369391357,15.035470152190692,15.061949353269204,15.156096227532077,15.166735471922573,15.241079130648535,15.491499004375486,15.536501789904545,15.649089516723164,15.667532297842488,15.68869133952652,15.733040283491329,15.829625262829436,15.84740636451503,16.09939467554454,16.227190316379044
93,14.001208132397352,14.001208132397352,14.001969724206658,14.005095797899664,14.005095797899664,14.005095797899664,14.005095797899664,14.00510199595703,14.00554287123263,14.118856826734252,14.152113948756703,14.1703575324611,14.17063563169598,14.17063563169598,14.17063563169598,14.171296715811007,14.171296715811007,14.171296715811007,14.171297428255333,14.19155994364933,14.211595870036446,14.224127106847254,14.247521433427618,14.308423682122978,14.308423682122978,14.432997542031014,14.434498018304861,14.460785151114447,14.553241580401084,14.707333004729575,14.808148382141525,14.81044132517283,14.827909311186167,14.891837972315585,14.894323571464799,14.926394395243742,14.954633893884367,14.958032489904461,15.11075867070654,15.14921165071754,15.236372416180185,15.320979787631478,15.530698972996179,15.569543591002216,15.96104092962714,16.008342826590376,16.401115466118625,16.417914228966396,16.472785609725552
94,14.001208132397352,14.001208132397352,14.001208132397352,14.001217212939876,14.001969724206658,14.005095797899664,14.005500844700242,14.00554287123263,14.118856826734252,14.152114820469059,14.164347837444277,14.1703575324611,14.170618333964146,14.170618333964146,14.170618333964146,14.17063563169598,14.17063563169598,14.17063563169598,14.17063563169598,14.17063563169598,14.17063563169598,14.17063563169598,14.17063563169598,14.171168158207312,14.171293915244771,14.171296715811007,14.171296715811007,14.171297428255333,14.188383816843391,14.19155994364933,14.193434870220505,14.193870679170873,14.194755769468564,14.21178863096945,14.308423682122978,14.30900070189273,14.336989621366728,14.439286446222384,14.444529466817926,14.711359563616352,14.80779470604063,14.807955499988065,14.884113100284704,15.18554207838646,15.205216519587204,15.234373849804095,15.260009960306785,15.65247327708786,16.257790844073313
95,14.001208132397352,14.001208132397352,14.001208132397352,14.001208132397352,14.001208132397352,14.001217212939876,14.001969724206658,14.00554287123263,14.164347837444277,14.165231545360943,14.168877645444738,14.170618333964146,14.170618333964146,14.170618333964146,14.170618333964146,14.170618333964146,14.170632831325433,14.170632831325433,14.17063563169598,14.17063563169598,14.17063563169598,14.17063563169598,14.170746978614176,14.170889238707584,14.171168889007674,14.171296715811007,14.171297428255333,14.171297428255333,14.171297428255333,14.19153169846325,14.193468447793533,14.193496315134682,14.19457535246475,14.196082452422745,14.211513305467404,14.212093193762781,14.248066008163903,14.308423682122978,14.325022584970206,14.325022584970206,14.325022584970206,14.478654447215353,14.842041337362073,14.842317667453486,14.887333054605234,14.993993907676506,15.34726448504958,15.352953815381506,15.792467968386534
96,14.001208132397352,14.001208132397352,14.001208132397352,14.001208132397352,14.001208132397352,14.001208132397352,14.001208132397352,14.001208132397352,14.001217212939876,14.001217212939876,14.00554287123263,14.037420704031634,14.120336021058439,14.151785769803357,14.161085373276972,14.161085373276972,14.162314649531876,14.170482318454678,14.170618333964146,14.170618333964146,14.170618333964146,14.170618333964146,14.170618333964146,14.170618333964146,14.17063563169598,14.17063563169598,14.17063563169598,14.17063563169598,14.17063563169598,14.170889238707584,14.171296715811007,14.171297428255333,14.171297428255333,14.171297428255333,14.171297428255333,14.174838300163579,14.193434870220505,14.193434870220505,14.193434870220505,14.248075454623658,14.358327003956123,14.648066169084556,14.841856749090576,14.842126785155251,14.887561259078016,15.116866078919783,15.154431792220738,15.478120915609384,16.092549485954805
97,13.999157993334354,14.001208132397352,14.001208132397352,14.001208132397352,14.001208132397352,14.001208132397352,14.001208132397352,14.001208132397352,14.001208132397352,14.001208132397352,14.00155965384121,14.035786029489916,14.101576631765687,14.161024359994373,14.161053350778783,14.161085373276972,14.161085373276972,14.161085373276972,14.161085373276972,14.164594639541598,14.165051684509395,14.170618333964146,14.170618333964146,14.170618333964146,14.170618333964146,14.170618333964146,14.170618333964146,14.170618333964146,14.170618333964146,14.170618333964146,14.17063563169598,14.17063563169598,14.170880362882068,14.171297428255333,14.174883983869613,14.193434870220505,14.193468447793533,14.193496315134682,14.204321887147605,14.23831974694062,14.252868247419068,14.324644865427565,14.660252479438016,14.842126785155251,14.887341083028222,15.314146746421523,15.5797287474154,15.672715464214807,15.712031559540742
98,13.999157993334354,14.001208132397352,14.001208132397352,14.001208132397352,14.001208132397352,14.001208132397352,14.001208132397352,14.001208132397352,14.001208132397352,14.001567763766328,14.005781111705016,14.030912687170705,14.035786029489916,14.035786029489916,14.082367885114053,14.160500582314842,14.161024359994373,14.161085373276972,14.161085373276972,14.161085373276972,14.161085373276972,14.161085373276972,14.161085373276972,14.161085373276972,14.161085373276972,14.161085373276972,14.164076462719791,14.164347837444277,14.168669131711825,14.170618333964146,14.170618333964146,14.170618333964146,14.170618333964146,14.170618333964146,14.170618333964146,14.170618333964146,14.170618333964146,14.170992672321239,14.173447623210095,14.185286854431173,14.19339409584047,14.193468447793533,14.204263369301465,14.215306976371728,14.223502831904911,14.649134063859812,15.00265349758303,15.618009941087635,16.124384821494502
99,13.999157993334354,13.999157993334354,14.001208132397352,14.001208132397352,14.001208132397352,14.001208132397352,14.001208132397352,14.001208132397352,14.001208132397352,14.001567763766328,14.005237955908227,14.035786029489916,14.035786029489916,14.036243233896,14.036243233896,14.08696438135378,14.08696438135378,14.13168328833391,14.161024359994373,14.161024359994373,14.161024359994373,14.161085373276972,14.161085373276972,14.161085373276972,14.169543297499306,14.170618333964146,14.170618333964146,14.170618333964146,14.170618333964146,14.170618333964146,14.170618333964146,14.170618333964146,14.170992672321239,14.170992672321239,14.173447623210095,14.173447623210095,14.174883983869613,14.249927121149394,14.318175662242583,14.401552309576504,14.524661727847036,14.545557026051434,14.56403857873823,14.577180071545595,14.577180071545595,14.940962958402926,16.14626130707262,16.532105592691682,16.532323325840625
