From,To,Volume,EstimatedTT
442874,26384674,2393.43,0.9
442928,1803689295,0.0,0.03
26384674,264670999,784.94,0.57
26384674,534589,1608.49,0.83
1803689298,1803689295,0.0,0.04
1803689295,139470345,0.0,0.59
442936,15866840,843.75,0.59
15866840,1803689315,2478.27,0.94
264670999,534589,382.23,0.34
534589,534591,1990.72,0.41
534591,534626,1598.18,0.68
8083440,534911,1644.64,0.04
534626,534624,9.9,0.07
534626,534625,1588.29,0.08
534608,30409417,1447.57,0.89
30436919,30436908,1066.75,1.3
30409417,30409422,497.33,0.02
30409417,30403571,2714.68,0.25
534624,534608,1047.45,1.23
534625,30436908,1597.83,0.02
534625,534624,1037.55,0.07
30436908,30436907,1593.86,0.02
30436908,534628,1062.64,0.42
534628,534629,1552.21,0.24
534629,3595409680,1884.41,0.68
11769656,11769730,1215.44,0.2
3595409680,3855350,1430.9,0.01
3595409680,7128283652,453.51,0.04
3160432771,30409397,504.94,0.16
30409405,30409419,1152.27,0.72
534736,140605768,2190.19,0.17
534306820,2021890013,1732.82,0.19
140605768,534324288,2190.19,0.61
534329195,2021890013,1247.0,0.02
534329195,534306820,2190.19,0.37
3853550,3564765835,435.34,0.41
534742,534770,2022.81,0.6
534770,29138173,2976.1,0.11
534743,534744,591.6,0.07
534744,534747,2512.92,0.06
247994358,534742,904.87,0.08
534747,277692998,110.83,0.01
534747,2287846802,2402.09,0.38
277692998,288154283,2203.71,0.09
2287846802,29510418,0.0,0.04
2287846802,2287846804,2402.09,0.26
534749,25235133,2688.65,0.14
534749,7095690293,646.53,0.88
25235133,25235132,1107.32,0.01
25235133,534751,1608.8,1.13
7095690293,7095690318,1614.66,0.02
534751,534754,813.25,0.91
534754,3098430373,1206.27,0.19
29510455,25235132,1645.93,0.77
3098430373,16574394,901.47,0.04
3098430373,2260849842,1280.71,1.17
534758,25873172,1820.55,0.04
534758,2202559858,1531.56,0.64
25873172,25873173,2623.85,0.02
25873172,3100041009,1062.97,0.45
2202559858,25873172,1866.27,0.67
534769,546378258,1609.01,0.59
534769,534770,953.29,0.04
546378258,247994363,1026.95,0.06
546378258,290077155,582.06,0.24
29138173,1775338888,308.69,0.09
29138173,534773,2667.41,0.88
534773,2544089666,3182.65,0.04
534773,335716508,1009.72,0.29
2544089666,2544089665,2218.0,0.07
2544089666,16574602,964.65,0.04
335716508,534799,1009.72,0.51
534774,534804,522.57,0.15
244038933,534778,915.77,0.09
534804,18630111,3371.08,0.92
534804,16574613,347.12,0.05
534778,244038915,1392.5,0.02
534778,30058360,1505.06,0.26
244038915,534787,2066.5,0.3
244038915,244038942,1064.6,0.03
30058360,30056676,1657.69,0.95
30058360,30056684,699.37,0.02
534787,244038955,840.82,0.06
534787,244038923,1225.68,0.3
244038955,244038925,1266.66,0.05
244038955,2072816,862.54,0.42
244038923,244038955,1288.38,0.1
534790,30261537,890.13,0.04
534790,30409389,1871.47,0.04
30261537,30409389,596.81,0.05
30409389,30409397,2121.46,0.07
30409389,3160432771,346.82,0.18
534796,534790,960.44,0.05
534796,3160432775,1358.58,0.51
3160432775,534790,1801.17,0.21
534799,1501721437,345.28,0.02
534799,11769597,1141.54,0.43
1501721437,18630516,1264.45,0.01
1501721437,2071676,511.73,0.32
11769597,7128283648,1430.92,0.02
11769597,3595409680,0.0,0.02
18630111,280008666,2630.74,0.05
18630111,35711189,1553.7,0.92
16574613,534773,2153.44,0.05
16574613,16574619,603.59,0.15
534806,280008531,1822.39,0.02
534806,2287864441,3120.41,0.41
280008531,18630070,732.67,0.03
280008531,31197353,1089.72,0.05
2287864441,280221322,987.86,0.1
2287864441,24969587,2132.55,0.06
24669567,976932104,742.46,0.13
1854526402,27318980,814.95,0.05
27318980,27318981,879.39,0.07
534908,534911,264.55,0.05
534911,534914,1909.19,0.35
3853544,15511907,648.74,0.4
534914,442936,274.67,0.41
534914,15866840,1634.52,0.91
30409415,30409424,1035.98,0.05
536575,30409422,2855.85,0.19
30403571,10919767,2348.71,0.49
30409422,30409424,2334.92,0.01
30409422,30409415,1018.26,0.1
536584,30587893,1111.75,1.88
30587893,1619208224,968.43,0.6
536652,25479302,2044.76,1.92
536652,18629762,1386.58,0.11
25479302,18627237,1596.08,1.46
25479302,28796755,1269.25,0.11
18629762,264218470,1513.35,0.21
18629762,264223496,2516.83,0.05
25599929,2526224454,875.15,0.09
264218470,264223496,988.98,0.18
3899207524,309517759,1642.47,0.01
536663,21527849,3070.72,0.19
536663,536667,2008.33,2.85
21527849,2297622,2196.46,0.01
21527849,21552197,2278.5,0.28
21647397,2297615,1716.0,0.16
21647058,1632149359,206.75,0.28
536670,24945363,331.58,0.02
536670,2075220,3892.37,0.65
24945363,21660961,3502.85,0.02
2075220,25096430,3550.75,0.04
2075220,3869392962,1232.26,0.75
344434421,10919786,1438.1,0.22
1630023963,311941598,1843.01,0.31
3100041009,25873173,951.06,0.35
31296012,3148489413,935.28,0.12
536675,3148489416,1129.19,0.18
3148489416,3148489413,378.21,0.02
3148489416,31296012,1196.75,0.15
248219433,248219482,280.35,0.38
2071674,518252065,489.57,0.04
518252065,29348253,489.57,0.24
11769758,3853550,544.94,0.89
534316145,518252065,0.0,0.05
2071676,18178669,2169.42,0.88
18178669,534743,248.1,0.05
18178669,534744,1921.32,0.08
7101166877,16574525,996.38,0.26
2287857538,5824956622,886.12,0.07
2274921120,206133365,816.35,2.27
2072802,30151417,752.2,1.78
316507154,316507156,813.76,0.28
30151417,30151418,1890.49,0.05
2072807,1485594848,570.8,0.01
2072807,1485594778,870.2,0.12
1485594848,159725096,376.52,0.02
1485594848,11007703,1085.44,0.74
1485594778,1485594848,891.15,0.09
2072816,244038925,866.16,0.48
244038925,244038942,2132.81,0.31
2075215,25755498,628.17,0.02
2075215,2039066667,2549.87,3.61
25755498,25755497,1977.18,0.02
25755498,25755500,405.26,0.05
2039066667,25755506,2434.02,2.86
25096430,25096432,1724.41,0.02
25096430,10919799,3136.49,0.42
3869392962,25096430,1310.14,0.31
21540856,21647397,890.38,0.14
2297619,3790101104,1404.24,3.3
3790101104,21552197,0.0,0.12
3790101104,21527849,1404.24,0.09
2297622,21552199,1554.16,0.03
2297622,21527762,1971.41,0.07
21552199,21552200,2200.03,0.66
21527762,536663,2844.73,0.02
21527762,3146686054,1634.12,0.28
3411653,113794494,520.82,0.07
26165869,262185367,1289.06,0.08
113794494,15618026,529.11,0.02
113794494,26291274,1497.25,0.25
3411658,15618078,1127.06,0.16
3411658,25622663,1938.53,0.27
15618078,3030258494,1127.06,0.08
15618078,25622151,1583.96,0.05
25622663,25622670,1938.53,1.14
15511907,2071674,714.59,1.06
3855350,11769597,289.37,0.02
3855350,1501721437,1430.9,0.46
9100179,3137684026,765.94,0.75
3137684026,3137684031,918.26,0.39
3137684031,3137684026,573.15,0.21
9100190,9982673425,64.33,0.05
9982673432,2970916246,96.26,0.04
9982673425,9100190,96.26,0.05
10919218,8224298741,1235.09,0.01
8224298741,346633166,0.0,0.02
8224298741,346633485,1235.09,0.26
10919223,11008027,1472.55,0.55
25740441,25740442,747.04,0.11
11008027,2075215,2660.3,0.02
11008027,11008006,644.33,0.24
86684589,3121844724,182.23,0.05
10919237,10919235,0.0,0.06
10919237,10919238,644.33,0.07
10919238,10049596107,606.78,0.08
10049596107,10919237,644.33,0.01
3073762517,3877390797,94.14,0.03
10919767,536575,2457.45,0.51
126667225,18178749,480.46,0.11
126667225,31271217,537.88,0.04
3151457278,18178797,1598.56,0.27
2262218571,18178769,1242.26,0.68
3147805129,2262248282,1233.44,0.05
10919786,536663,2234.33,0.32
10919786,3146686054,441.46,0.01
3146686054,21552195,818.8,0.01
3146686054,21527733,1516.41,0.55
10919799,15613225,3135.43,0.06
10919799,1952603929,193.8,0.45
15613225,1698611463,3136.11,1.85
15613225,15613290,208.64,0.02
1952603929,15613225,209.32,0.44
10940911,773684928,1552.65,1.5
773684928,4186859645,1552.65,0.28
773684928,1758438692,0.0,0.48
10941033,26910102,0.0,0.43
10941033,10940911,0.0,0.11
26910102,12262641,0.0,0.01
26910102,26910582,0.0,0.26
3324432562,25621845,971.26,0.79
11004892,3780365870,950.75,1.65
3780365870,3879014011,1122.51,1.62
7260653744,2272203032,2322.0,0.21
11005259,1762496623,1370.07,0.12
1762496623,433065573,1992.43,1.07
11005798,25600624,234.98,0.73
312068888,312068717,1052.45,0.08
11007218,95145062,1731.93,0.47
95145062,159729140,920.98,0.02
95145062,1670657170,948.04,1.03
11007703,344624368,879.27,0.89
344624368,344625887,791.98,0.06
344624368,99089590,137.09,0.03
95145069,159725096,1172.03,0.88
11008006,2075215,606.78,0.24
11068788,828163530,933.91,0.01
11068788,25621138,1077.44,0.02
828163530,4862265262,2744.96,1.44
25621138,773660261,25.57,0.02
25621138,25621140,3247.44,0.41
203786445,415524744,143.46,0.03
2970916246,9982673432,64.33,0.04
3183738525,11070793,0.0,0.04
2241122861,2241123813,39.67,0.03
81580487,81580494,732.67,0.1
3137621725,28238725,1349.53,0.27
2078553223,85748936,759.35,0.07
9946740207,9946740209,555.25,0.06
11768081,376974958,980.46,0.19
376974958,30788689,0.0,0.04
376974958,288155029,980.46,0.24
11769730,11769758,206.34,0.32
11769730,29348253,1009.1,0.05
29348253,252007120,1009.1,0.29
29348253,534628,489.57,0.02
3121547154,534324289,1246.93,0.08
12262630,26910582,449.96,0.01
12262630,12262641,1238.29,0.27
26910582,26910090,0.0,0.01
26910582,656211460,449.96,0.43
12262641,12262886,329.22,0.01
12262641,248219548,909.07,0.64
12262886,26910102,0.0,0.01
12262886,839865307,329.22,0.03
248219548,211626783,322.67,0.36
248219548,248219582,586.4,0.15
839865307,10940911,1673.98,0.54
12961684,784730663,2007.41,1.85
64804962,33477280,373.35,0.96
784730663,12961684,2071.4,0.28
15017262,1363071246,0.0,0.02
15017262,15017430,0.0,1.08
1065689955,1363071255,0.0,0.04
1698611463,25272054,5573.7,1.55
15613290,10919799,192.74,0.01
15613290,15613314,3015.0,0.28
15613314,15613331,159.67,0.06
15613314,25096432,2855.33,0.07
15613331,15613353,1577.0,0.39
25096432,15613331,1417.33,0.06
25096432,24945369,3109.77,0.04
15613353,2338426490,1577.0,0.3
15613353,26730552,0.0,0.04
2338426490,15613573,2367.66,0.24
26730552,3025700050,0.0,0.06
15613573,1629974641,2367.66,1.41
1629974641,15866451,873.97,0.64
1629974641,25269438,1196.98,0.58
15614141,12262630,1410.18,0.7
15614141,10941037,0.0,0.1
15618026,24973521,484.16,0.02
15618026,282973002,2981.48,2.72
24973521,113794494,1505.54,0.02
24973521,3411653,1289.06,0.1
282973002,24969633,2031.25,0.1
282973002,1516305879,950.22,0.14
25622151,2503004249,1583.96,0.49
15866433,25269437,1548.34,0.11
15866433,15866451,4.31,0.64
25269437,25096273,3245.99,1.52
15866451,903673001,878.27,1.18
1803689315,1803689298,480.32,0.03
1803689315,442928,1997.95,0.05
16573458,3840043618,1635.69,0.58
16573467,16573472,949.59,0.3
3840043618,16573467,921.53,0.5
16573472,25622670,0.0,0.02
16573472,16573581,1583.96,0.42
25622670,16573458,1938.53,0.39
16573581,15618078,1583.96,0.09
16573581,25622663,0.0,0.1
3844764355,3844764341,109.42,0.08
16574244,26165880,664.89,0.02
16574244,3861801989,1236.1,0.18
26165880,262185376,921.2,0.44
3861801989,26165886,2327.13,0.46
3861801989,2260731086,1366.68,1.41
16574394,29510455,910.52,1.49
16574394,7093468874,1130.96,0.08
16574525,7101166877,1012.6,0.27
16574602,2544089665,977.63,0.03
16574602,534774,915.77,0.17
2544089665,534804,3195.63,0.05
16574619,1775338888,1595.85,0.62
1775338888,357917181,1904.55,0.04
21596886,1690044417,1132.3,0.26
18178769,21684322,2397.0,0.77
21684322,534758,1509.08,0.01
21684322,25873175,2336.01,0.05
25873183,2262218571,1166.08,0.59
25873183,7193964013,1751.16,0.29
18178797,534749,328.4,0.01
18178797,2287846803,3191.72,0.99
2287846803,29510418,2671.18,0.05
2287846803,2287846804,604.69,0.03
18178969,11768081,0.36,0.04
18178969,534329196,1158.67,0.84
534329196,534329195,989.31,0.02
534329196,21566459,2169.06,2.47
18627237,18627247,1263.09,0.04
18627247,33477280,1614.3,0.03
18627247,12961684,682.52,0.98
33477280,28796755,1987.65,1.85
297481606,3057282550,533.78,1.07
3057282550,33477164,554.46,1.09
264223496,534806,2321.21,0.94
264223496,35711189,1184.61,0.03
18630070,31197353,2807.78,0.03
18630070,7095690304,862.62,5.55
31197353,280008754,495.32,0.04
31197353,18630098,3402.17,0.4
7095690304,7095690344,27.47,0.01
7095690304,3952754484,1460.68,0.2
18630098,280008754,418.23,0.03
18630098,3808565717,3402.17,1.08
280008754,280008666,100.19,0.04
280008754,18630111,813.36,0.03
3808565717,16574619,992.26,0.37
3808565717,16574613,2409.91,0.22
280008666,280008531,0.0,0.03
280008666,534806,2730.94,0.19
35711189,244038931,1127.2,2.46
35711189,536652,1611.1,0.03
18630516,534799,335.7,0.02
18630516,335716505,928.75,0.5
335716505,335716508,0.0,0.01
335716505,16574602,928.75,0.24
18631911,18631929,40.3,0.03
18631929,1853296305,0.0,0.01
18631929,2628479841,40.3,0.02
1853296305,1853296309,9.24,0.03
2628479841,1853296305,9.24,0.02
21271513,25272050,3133.03,0.14
21271513,442828572,336.25,0.15
25272050,25272065,3647.71,1.37
442828572,25272050,514.68,0.19
21527686,21527743,673.75,0.02
21527686,21552190,1468.65,0.54
21527743,209128004,1974.98,3.03
21552190,21597988,1847.67,0.02
21527733,1620726747,1751.16,0.09
1620726747,1620726770,513.47,0.06
1620726747,21552195,1237.69,0.06
7193964013,25873183,1516.41,0.04
209128004,21552198,1974.98,0.22
21527766,299844554,1641.17,0.39
21596461,21568117,978.49,1.13
21552197,209128661,2278.5,0.51
2272203032,7260653744,1932.45,3.33
1150742708,27279384,1099.96,0.12
1150742708,24969757,561.88,0.07
21540513,21540519,0.0,0.13
21540519,209128004,0.0,0.19
21540517,21540519,0.0,0.04
21540517,1229568988,0.0,0.14
21552187,21552188,370.15,0.2
21552188,21552190,379.02,0.02
21552188,21527743,1301.23,0.56
21597988,21597987,72.59,0.02
21597988,248219490,1705.84,2.25
21552195,10919786,1237.69,0.01
21552195,1620726770,818.8,0.04
1620726770,344434421,1332.27,0.19
209128661,21540517,0.0,0.24
209128661,21527686,2278.5,1.85
21552198,21552199,645.86,0.05
21552198,2297622,1329.12,0.04
21552200,21527766,808.31,0.58
21552200,21566429,1632.07,2.03
21566429,534329195,2574.5,1.13
21566459,126667225,110.98,0.52
21566459,21568117,1584.87,2.33
21568117,21527762,2563.36,0.23
311494772,7091784429,847.16,0.04
1690044417,126667225,727.74,0.03
1690044417,31271217,404.55,0.04
21597987,21597992,428.81,0.18
21597987,21552188,1310.1,0.03
21597992,21552187,0.0,0.04
21597992,3148489417,428.81,0.7
248219490,248219434,372.95,0.44
248219490,221995898,1776.53,0.93
3148489417,3148489416,445.77,0.02
3148489417,536675,957.29,0.23
316299769,316299777,152.72,0.03
21647047,21647107,1031.65,1.02
21647107,1632149360,610.01,0.38
21647051,271287016,1238.52,0.05
21647051,278451621,1947.16,0.14
271287016,141678998,2304.58,0.1
278451621,21647047,127.57,0.06
278451621,1632149375,1819.59,0.06
1632149359,1632149349,2616.51,1.85
1632149359,1632149367,18.84,0.03
1632149360,1632149359,2428.6,0.05
1632149360,21647057,269.57,0.25
21647146,25269444,1458.82,1.48
25269444,25269438,445.33,0.45
25269444,25269437,1697.65,0.9
21660961,78454176,317.18,0.01
21660961,21647051,3185.68,2.14
78454176,536670,3892.37,0.03
78454176,1636482042,181.95,1.0
25873175,534758,1843.03,0.04
976932104,940312649,742.46,0.04
24945369,2075220,890.65,0.02
24945369,24945363,3137.73,0.51
24953131,536670,331.58,0.98
1636482042,3025631931,1028.31,0.72
3998373587,25622934,942.96,0.2
24953181,10919797,18.06,0.09
24953550,29510428,37.75,0.1
288154942,288154914,255.44,0.04
29510428,7117637080,1986.02,1.1
24969587,309467020,1636.59,0.02
24969587,280221322,502.31,0.04
309467020,24969591,1636.59,0.05
280221322,2526224456,1490.17,0.33
24969591,2090038527,761.33,0.01
24969591,24969686,1636.59,0.47
2090038527,1833913224,761.33,0.04
2090038527,24969672,0.0,0.04
24969686,8378156321,1888.12,2.28
24969610,24969615,2471.58,0.05
24969610,301388728,1625.71,0.05
24969615,4030574404,1624.63,0.74
24969615,24969629,2446.49,0.24
301388728,24969615,1537.0,0.05
4030574404,24969629,1114.56,0.12
24969629,24973521,2310.44,1.62
24969629,24969633,1250.61,0.05
24969633,24969610,1986.82,0.12
24969633,24969615,62.54,0.04
24969633,1516305879,1232.51,0.04
1516305879,8378156320,2182.73,0.26
24969672,1833913224,2182.73,0.03
1833913224,24969678,2944.06,0.1
24969678,2569452639,6.34,0.02
24969678,18630070,2937.72,0.44
2569452639,309467020,0.0,0.04
2569452639,24969587,6.34,0.03
8378156321,24969672,2182.73,0.16
24969731,439989272,1102.12,0.11
439989272,1150742708,1095.92,0.11
439989272,27279384,6.21,0.1
24969757,4030574419,561.88,0.21
4030574419,4030574417,561.88,0.06
4030574419,24969731,0.0,0.06
24973452,3137721924,1770.16,0.07
3137721924,262185372,1770.16,0.24
2255742337,24969757,0.0,0.07
25433992,1703242714,982.48,0.07
311651883,2572637252,1246.72,0.49
25096273,1698611463,2437.58,0.62
25096273,151013228,1060.66,0.18
151013228,151013145,918.61,0.3
151013228,15613290,142.05,0.6
25235132,18178797,1753.66,0.02
25235132,3151457278,999.59,0.53
25269438,60395691,904.93,1.41
60395691,1758438692,0.0,0.61
60395691,773684938,1263.53,0.48
25272045,15613290,2857.05,0.27
25272045,26730552,0.0,0.51
25272065,25272045,2857.05,0.22
25272065,2338426490,790.66,0.36
25272054,27254446,4995.32,0.19
25272054,27598015,578.38,0.29
27254446,2414808767,6091.8,0.6
25272057,2454004902,0.0,0.81
25272081,15613573,0.0,0.43
25272081,151013145,0.0,0.17
151013145,24945369,918.61,0.23
1703242714,1150742708,1403.31,1.54
28796755,18629762,2643.6,1.28
28796755,25479302,820.56,0.06
25599928,25599929,1053.08,0.12
2526224454,2526224463,805.48,0.03
2572637252,311651883,1276.34,0.54
10584342336,2526224463,353.89,0.05
2628479858,18631911,36.63,0.02
246859505,246859538,205.96,0.03
25621131,824105653,0.0,0.63
824105653,1147969960,155.11,0.22
824105653,824109954,800.57,0.1
773660261,11068788,722.61,0.01
773660261,773660264,0.0,0.03
25621140,25621145,2282.86,0.01
25621140,29812910,964.58,0.87
25621145,31347711,294.91,0.01
25621145,2453232134,2282.86,0.03
29812910,3912609301,1065.39,1.99
31347711,25621140,0.0,0.01
31347711,2453232137,294.91,0.01
2453232134,824109954,2579.32,0.68
25621845,1586186718,1853.04,0.02
1586186718,1586186709,78.26,0.02
1586186718,4862265259,1774.77,0.63
25621848,11004892,1071.55,1.67
25622934,3844764334,1140.23,0.46
3844764334,3020440809,1450.47,1.9
529723416,3861801996,865.55,0.09
25694685,3866868163,1232.26,0.27
3866868163,3866701865,1456.35,0.5
25694759,1115569637,126.11,0.03
364757216,30332565,318.07,0.04
1115569637,4516060826,527.98,0.04
3842071988,1115569637,720.26,0.6
3859885311,3859855174,0.0,0.04
25740442,10919223,806.87,0.12
25755497,11008027,1832.07,0.02
25755497,25740441,1401.59,0.54
25755500,10919218,1085.02,0.4
25755506,25755507,2434.02,0.63
25755507,25755500,679.75,0.09
25755507,25755498,1754.27,0.06
25873173,25873183,2126.82,0.7
25873173,21684322,1448.09,0.03
25935156,26164161,1582.42,0.38
26164161,779052658,19.04,0.01
26164161,440369967,1563.37,0.39
25949480,31314454,3050.4,2.63
31314454,317611132,1861.66,0.18
31314454,317611131,1188.74,0.1
3840142105,1785077919,0.0,0.05
25950253,26164148,994.08,0.44
25950253,25935156,3.69,0.91
26164148,26164147,3235.19,0.09
26164147,317611131,719.52,0.02
26164147,25949480,2515.67,2.22
317611131,25935156,1578.73,0.04
317611131,317611132,329.54,0.08
779052658,773669977,1030.66,0.01
779052658,773669974,19.04,0.03
440369967,440369970,1710.41,0.04
262185367,3137721924,0.0,0.18
262185367,262185372,1689.44,0.03
262185376,26165869,520.82,0.05
262185376,262185367,400.37,0.02
26165886,26291274,671.3,0.03
26165886,15618026,2327.13,0.26
26291274,3861801989,1912.24,0.16
26291274,26165880,256.31,0.14
3025700050,25272081,0.0,0.15
26910090,12262630,278.08,0.01
26910090,839866856,0.0,0.03
839866856,10941037,0.12,0.45
656211460,3688082991,449.96,0.01
6207267154,6207267170,650.28,0.04
3907572085,3907447115,2524.72,0.41
258315627,258315633,18.61,0.09
6207267153,6207267162,817.87,0.02
2414808767,25950253,702.36,0.1
2414808767,440337754,5705.28,0.65
27254447,442838541,516.59,0.01
442838541,27254446,1096.48,0.18
335688683,442838541,579.9,0.02
27598012,151083532,0.0,0.02
3907571845,4533984370,1872.68,0.24
27279384,25433992,1106.16,0.08
277060338,257756770,12.8,0.04
27410733,27252028,0.0,0.05
292884983,292884981,219.22,0.05
3879014012,33325660,297.79,0.05
257756769,277060367,578.57,0.05
27413455,668019917,0.0,0.23
909453442,3516471210,0.0,0.04
151083532,442828559,0.0,0.03
442832879,151083532,990.47,0.03
28238725,2986258962,523.55,0.05
28238725,3899207524,825.98,0.14
2986258962,3137621725,1574.08,1.32
28796744,206127721,1393.37,0.08
30151418,28796761,1707.52,0.32
206127721,2274921120,487.35,1.84
206127721,30151417,1138.3,0.03
28796761,18627247,1033.72,1.32
28796761,28796744,952.23,0.4
29348250,534625,1047.1,0.02
29348250,8083440,1644.64,0.78
252007120,30436907,1009.1,0.06
252007120,295686008,0.0,0.05
29401767,2259858942,0.0,0.02
29510418,95789943,2092.88,0.05
29510418,95789730,578.3,0.05
95789943,277692998,2092.88,0.56
95789730,95789943,0.0,0.05
7117637080,2849823382,1986.02,0.68
29812911,2453232140,591.36,0.83
3912609301,3912609299,953.34,1.09
2453232140,2453232134,296.45,0.04
2453232140,25621145,294.91,0.03
30056676,18630516,0.0,0.23
30056676,2071676,1657.69,0.17
30056684,30058362,1529.97,0.02
30056684,30058364,885.88,0.3
30058362,30058361,2074.85,0.02
30058362,7117637008,798.46,0.04
30058364,30058362,1343.34,0.23
30058361,30058360,851.99,0.02
30058361,244038915,1738.6,0.29
7117637008,30058361,515.74,0.03
7128283652,3855350,289.37,0.04
3020440809,444059536,1059.63,0.37
30332565,3612398319,672.11,0.03
3612398319,2610458800,849.0,0.6
30404993,30409387,1095.83,0.38
30409387,534796,2319.01,0.08
30405010,2970538973,1065.37,1.83
2970538973,1458120323,2118.82,0.31
30409397,30409387,1223.18,0.03
30409397,30409405,1152.27,0.38
30409419,30409417,1764.44,0.02
30409419,30436919,1546.83,0.88
30409424,30409419,2275.07,0.04
30409424,30404993,1095.83,0.74
30436907,29348250,1017.42,0.02
30436907,295686008,1585.54,0.07
295686008,534316143,1585.54,0.25
1619208224,18627204,1135.75,1.17
31350685,31350684,71.42,0.11
10712397266,10712397264,1251.06,0.11
30788689,18178969,1159.03,0.18
1942977739,497259722,92.42,0.03
74069309,2072807,908.89,0.24
31350684,31350685,131.73,0.1
31271217,21566429,942.43,0.88
31272925,246859505,208.44,0.04
3148489413,21552187,370.15,0.66
3148489413,3148489417,943.35,0.06
317611132,440337754,1420.26,0.26
3879014011,33325660,1089.06,0.03
2453232137,2246314929,450.01,0.19
31353295,31353296,268.29,0.04
31353296,81580487,295.6,0.06
9976058363,9976058359,585.82,0.05
296239234,6697990,0.0,0.03
33325660,1514362559,1245.31,1.49
1514362559,25621848,1244.8,0.06
1514362559,3979445014,0.51,0.05
244038931,534778,1981.79,0.03
244038931,244038933,522.57,0.09
1758438692,150577963,0.0,1.23
773684938,15614141,1263.53,1.24
159733475,2072802,875.41,2.52
159733475,206133365,97.79,0.01
81580494,31353295,673.91,0.06
81580688,3193824078,0.0,0.04
250923558,32547462,764.77,3.23
84465051,84465051,0.0,0.09
3193824080,81580688,474.08,0.04
85748936,11305234,815.76,0.03
85807521,3498130773,0.0,0.57
1054691691,1363071255,0.0,0.05
3121844724,560450644,325.74,0.05
3121844724,10919230,0.0,0.05
159729140,99089590,816.35,0.03
159729140,95145069,1018.77,1.24
1670657170,60577293,102.48,0.04
1670657170,159733475,845.55,0.08
10712397264,10712397266,1322.73,0.13
159725096,74069309,1016.44,0.27
159725096,2072807,532.1,0.02
290077166,290077168,578.3,0.03
99089590,95145062,137.09,0.02
99089590,344625887,816.35,0.04
344625887,11007218,1608.33,0.36
1211691752,3074985402,94.14,0.12
133281288,316299769,248.9,0.04
140603409,140605768,0.0,0.07
140603409,534736,1732.82,0.13
534324288,534324289,740.9,0.06
534324288,3121547154,1449.29,0.08
141678998,78454176,3757.14,2.53
442828559,27254448,1475.12,0.05
206133365,159729140,914.14,0.6
248219543,248219560,796.97,0.03
271246517,271246516,0.0,0.03
221995898,248219540,751.67,0.4
221995898,248219546,1003.65,0.47
248219540,248219546,341.11,0.29
248219546,839864966,1344.76,0.88
244038942,244038931,1377.17,0.02
244038942,536652,1820.24,1.33
247994363,534742,1117.95,0.03
247994363,247994358,1107.16,0.16
248219482,21597987,1666.32,2.29
1657949311,248219560,2.6,0.05
248219560,248219582,799.57,0.3
839864966,839865307,1344.76,0.05
839864966,12262886,0.0,0.02
248219582,1626653378,1385.97,0.6
1626653378,248219482,1385.97,0.58
797425334,1458180457,491.56,0.04
255886139,1458120226,816.3,0.39
1458120226,1458180620,2381.86,1.1
262185372,262185374,647.67,0.02
262185372,3840988371,2811.93,0.25
262185374,262185376,0.0,0.01
262185374,16574244,1169.29,0.24
3840988371,262185374,521.62,0.03
392656728,3516121147,252.67,0.05
271246516,271246517,0.0,0.07
288154283,29510428,1948.27,0.08
288154283,24953550,255.44,0.1
1632149375,21647047,904.08,0.04
1632149375,1632149360,2088.16,0.04
2526224456,3930292765,766.44,0.04
2526224456,25599928,723.73,0.05
280221394,24969686,398.04,0.06
280221394,24969591,761.33,0.04
288154914,247994363,1198.15,0.25
288155029,288154914,942.71,0.04
288155029,288154942,37.75,0.04
290077155,290077168,582.06,0.03
290077155,290077166,0.0,0.03
290077168,30788689,1159.03,0.22
3912609284,3324432576,922.41,0.08
292890400,3411658,2667.87,0.5
534316143,29348250,1674.31,0.28
2626739932,6697990,0.0,0.04
297497348,297497356,0.0,0.07
297497348,2970916284,1026.58,0.09
2970916284,2970916275,485.21,0.09
3147881709,2262248294,21.59,0.15
3147881709,21596461,1378.41,0.15
309517759,2233985754,950.6,0.14
309517759,2986258962,691.87,0.07
7091784429,3147881709,82.8,0.14
7091784429,2262248294,1156.85,0.02
311941598,1632149367,2606.37,0.46
1632149367,1632149375,1172.65,0.03
1632149367,141678998,1452.56,0.76
316507156,316507154,841.1,0.28
752186307,3884698667,164.09,0.04
440337754,440337822,6486.84,0.9
346633166,2482228323,1256.49,0.02
346633166,2482228310,104.79,0.15
2482228323,10919218,150.08,0.02
2482228323,25755497,1256.49,0.46
2482228310,2482228323,150.08,0.14
346633485,346633166,1361.28,0.11
357917181,3506480443,0.0,0.07
357917181,534769,1991.41,0.08
3506480443,534769,570.89,0.05
380950155,11769656,1430.92,0.67
433065573,2970751883,1410.74,0.3
433065573,30405010,463.11,0.03
2970751883,433065575,570.11,0.03
2970751883,3160483032,840.63,0.29
2970916275,2970916280,598.44,0.04
433065575,255886139,570.11,0.03
433065575,30405010,602.26,0.28
440337822,25621090,1084.9,1.04
440337822,2453207682,4194.31,0.33
2453207682,25272057,0.0,0.1
2453207682,828163535,3099.79,0.95
440348653,21271513,3153.86,0.67
440369970,773669974,679.75,0.06
440369970,779052658,1030.66,0.05
773669974,440348653,698.79,0.36
444059536,3998373587,116.83,0.09
444059536,25622934,942.8,0.19
461740603,198189803,0.0,0.04
497259722,497259745,92.42,0.03
497259745,2001551742,0.0,0.03
497259745,2208582202,92.42,0.01
2001551742,2208582202,0.0,0.03
2208582202,497259755,85.32,0.02
497259755,497259722,0.0,0.01
497259755,1942977739,85.32,0.03
2021890013,534329196,1999.7,0.01
2021890013,11768081,980.11,0.82
534324289,140603409,1987.83,0.52
3688082991,1277308096,449.96,0.01
3688082991,3688082989,0.0,0.06
1798264163,3516471196,0.0,0.03
715865371,839866356,0.0,0.36
839866356,839866856,0.12,0.05
839866356,26910090,278.08,0.03
715865377,1277308096,0.0,0.03
715865377,715865371,0.0,0.04
1277308096,656211460,0.0,0.01
1277308096,715865371,0.0,0.03
773660264,25272057,0.0,0.19
773669977,26164148,2241.11,0.44
773669977,26164161,0.0,0.02
773684897,773684938,0.0,0.29
773684897,4186859645,0.0,0.33
4186859645,15866433,1552.65,1.83
1458180457,3907572085,2232.3,0.19
1147969960,2453232137,155.11,0.02
1147969960,31347711,0.0,0.01
824109954,824109969,3379.89,1.2
824109969,773669977,1210.45,0.32
824109969,440348653,2455.07,0.1
4862265262,1586186709,1932.9,0.57
828163535,828163530,1811.04,0.04
828163535,11068788,1288.74,0.02
903648589,4810580223,1020.92,0.1
5824956622,24973504,497.95,0.04
903648936,903648589,445.8,0.03
2260849842,16574394,1140.01,0.23
940312649,940312683,742.46,0.03
940312649,940312652,0.0,0.01
940312683,940312652,717.92,0.03
940312652,940312669,717.92,0.05
940312669,940312673,0.0,0.03
940312669,940312676,717.92,0.01
940312660,24669567,717.92,0.08
940312660,976932104,0.0,0.01
940312673,940312676,0.0,0.03
940312676,940312660,717.92,0.01
1269612832,10241100023,0.0,0.17
1363071255,1363071233,0.0,0.71
4516060826,25694759,461.45,0.03
3074985402,1211691752,313.61,0.12
10241100023,1269612832,0.0,0.17
1363071233,1363071246,0.0,0.05
1363071233,15017262,0.0,0.04
1458180620,1458180457,1448.64,0.05
1458180620,797425334,933.22,0.05
1458120227,2970538973,1053.45,1.86
1458120227,2968328004,1931.4,1.18
2968328004,2968174745,2561.72,0.21
1458120254,255886139,246.2,0.08
1458120254,433065575,602.26,0.08
1458120323,11005259,1137.44,0.35
1458180627,1458120227,2984.85,1.42
3901577931,1458180627,1015.56,0.06
1458181076,297497348,1026.58,0.46
1458181076,1458120226,1565.55,0.93
8378156320,24969610,1888.12,0.1
1539238905,1626653378,0.0,0.4
1586186709,3324432576,961.62,0.02
1586186709,3912609284,1049.55,0.26
3324432576,25621845,881.78,0.01
3324432576,3324432562,1014.56,0.79
4862265259,25621138,2195.57,0.76
1632149349,311941598,840.16,0.09
1632149349,1630023963,1776.35,1.85
3025631931,24953131,790.09,0.32
1693649283,29954400,0.0,0.03
1774541634,1774541625,0.0,0.03
1774541634,31384856,0.0,0.02
3516471211,3516471196,0.0,0.02
3516471196,909453442,0.0,0.02
1800459098,3686207071,462.91,0.03
1800459098,1800459126,3.38,0.01
3686207071,1800459126,540.52,0.02
1800459126,1800459108,543.89,0.03
1800459108,3686207058,537.03,0.03
1800459108,1800459129,6.86,0.01
3686207058,1800459129,536.73,0.03
1800459129,1800459098,466.28,0.01
9946740209,9946740207,488.36,0.06
1853296309,2628479858,6.2,0.02
1853296309,18631911,3.04,0.01
2043723883,3907572087,1872.68,0.31
4533984370,3907571845,1666.9,0.21
3907572087,2043723883,1666.9,0.46
3025805502,2187198469,582.75,0.05
2187198469,2187198440,989.55,0.05
2246314929,773660261,450.01,0.03
2246314929,773660264,0.0,0.04
2260731086,26165886,671.3,0.24
4810580222,15618026,1411.2,0.28
2262248282,7091784429,392.48,0.01
2262248282,311494772,962.2,0.07
2262248294,3147805129,1178.43,0.05
2262248294,2262248282,0.0,0.01
2968174745,1458181076,2592.13,0.42
2287846804,534749,3006.78,1.6
2480982239,15017249,0.0,0.03
2480982239,2480982236,0.0,0.04
2526224463,280221394,1159.37,0.06
3930292765,25599928,329.35,0.02
2594166957,25622151,0.0,0.14
2849823382,30056684,1716.48,0.61
3160483032,1458120254,848.46,0.14
2970916280,3371924911,74.91,0.04
2970916280,2970916282,523.53,0.04
2970916282,2968328004,630.33,0.4
3866701865,3866868163,1494.95,0.15
3073762516,3877390797,623.38,0.04
3877390797,3877390786,717.52,0.13
9976058359,9976058363,673.25,0.05
3183738530,3183738525,0.0,0.04
3498136595,85807521,0.0,0.52
7095690295,18630098,418.23,2.67
3688082989,715865377,0.0,0.03
3861801984,529723416,13.29,0.05
3866868160,25694685,1310.14,0.64
3877390786,3073762517,405.64,0.17
3907447115,1458180627,1969.29,0.07
3907447115,3901577931,555.44,0.04
3912609299,2574657979,425.74,0.03
3912609299,29812911,527.6,0.03
3952754484,7095690344,968.13,0.29
7095690344,25235133,27.47,0.73
7095690344,7095690293,968.13,0.02
4030574417,24969731,1102.12,0.15
6207267162,6207267172,817.87,0.03
6207267170,6207267165,650.28,0.03
6207267172,6207267154,817.87,0.05
6207267172,6207267170,0.0,0.01
6207267165,6207267153,650.28,0.02
6207267165,6207267162,0.0,0.01
7095690318,7095690304,625.54,0.02
7095690318,7095690295,989.12,1.43
442874,442928,0.0,0.01
442928,442874,2393.43,0.24
442928,1803689298,8.04,0.02
1803689298,442928,555.25,0.02
1803689298,9946740209,488.36,0.03
442936,264670999,710.83,0.08
442936,2071683,465.02,2.14
264670999,442936,1030.26,0.09
264670999,30403571,1020.65,2.89
2071683,442936,714.67,2.17
2071683,27318981,814.95,0.46
2071683,11297162,1340.47,2.2
534591,8083440,392.54,0.02
8083440,534591,0.0,0.02
8083440,534908,392.54,0.05
534608,30436919,302.76,0.02
30436919,534608,754.91,0.02
30436919,534635,302.76,0.36
534629,11769656,71.99,0.02
534629,534635,202.18,1.44
11769656,534629,534.38,0.02
534635,30436919,274.83,0.36
534635,3160432771,504.94,0.23
534635,30409405,0.0,0.29
534635,534629,71.99,1.44
3160432771,534635,346.82,0.22
30409405,30404993,0.0,0.02
30409405,534635,0.0,0.29
534736,534306820,1732.82,0.55
534306820,534736,2190.19,0.77
534738,534329195,585.61,0.81
534738,3853550,419.08,0.83
534738,534888,481.54,0.56
534738,21596884,776.28,0.95
534329195,534738,799.45,1.05
3853550,534738,462.83,0.84
3853550,15511907,310.09,0.03
534888,534905,1370.28,0.45
534888,3564765835,560.06,0.74
534888,24669567,742.46,0.62
534888,534738,274.35,0.53
21596884,534738,725.87,0.88
21596884,1242395773,717.92,0.38
21596884,21596886,2033.49,2.1
534743,247994358,248.1,0.11
247994358,534743,591.6,0.13
534751,3952754481,995.22,0.66
534751,29510455,1577.01,0.07
534754,16574555,0.0,0.19
3952754481,3952754484,989.77,0.01
3952754481,16574555,604.27,0.9
3952754481,534751,442.1,0.62
29510455,534751,1334.58,0.04
29510455,25873175,1843.03,0.21
16574555,534754,393.02,0.2
16574555,3952754481,0.0,0.78
16574555,3098430373,975.91,0.38
3098430373,16574555,0.0,0.18
2202559858,2071682,1531.56,0.47
534774,244038933,915.77,0.99
244038933,534774,522.57,0.97
244038923,30151413,1225.68,0.13
30261537,30058364,889.83,0.66
3160432775,30151413,1358.58,0.1
534905,1854526402,149.13,2.38
534905,27318980,879.39,2.15
534905,534888,1273.04,0.36
3564765835,3853544,669.05,0.16
3564765835,534888,474.65,0.7
24669567,534888,717.92,0.6
1854526402,27318981,149.13,0.02
1854526402,534905,0.0,2.38
27318980,534905,814.95,1.92
534908,8083440,0.0,0.05
534908,3853544,392.54,1.29
3853544,3564765835,148.3,0.13
3853544,534908,264.55,1.26
535357,30409415,1035.98,0.78
535357,25479300,2.7,0.9
535357,536582,1016.03,1.76
30409415,535357,1018.26,0.75
25479300,535357,8.33,0.9
25479300,301887305,864.77,1.57
25479300,2072816,866.16,0.9
536582,301887305,1022.6,0.62
536582,30848648,841.45,3.35
536582,535357,1028.12,1.81
536575,30403571,374.44,0.02
30403571,536575,772.84,0.02
30403571,264670999,988.22,2.86
301887305,536582,987.44,0.61
301887305,536584,1058.54,0.93
301887305,25479300,874.02,1.59
30848648,74069309,908.89,1.89
30848648,536582,888.69,3.65
30848648,31350684,131.73,0.74
536584,18627204,726.47,0.02
536584,301887305,1157.36,1.11
18627204,536584,1937.05,0.21
18627204,30587934,963.63,0.6
30587893,2072800,1062.71,1.36
536655,27145651,1084.11,0.57
536655,25599929,875.15,0.86
536655,264218470,988.98,0.52
536655,3899207524,1642.47,0.63
27145651,6207267154,650.28,0.38
27145651,29535607,753.95,1.19
27145651,536655,1198.31,0.7
25599929,536655,1053.08,1.12
264218470,536655,1513.35,1.39
3899207524,536655,825.98,0.5
536667,21647397,1716.0,0.77
536667,21647058,2426.67,0.49
21647397,536667,890.38,0.17
21647058,21647057,2403.77,0.06
21647058,536667,1243.96,0.23
536672,344434421,1438.1,0.79
536672,1630023963,1843.01,1.68
536672,903656551,589.01,0.56
536672,3100041009,951.06,1.5
344434421,536672,1332.27,0.76
1630023963,536672,1776.35,1.61
903656551,536672,649.6,0.58
903656551,311941598,763.36,2.48
903656551,16574525,1012.6,1.11
3100041009,536672,1062.97,1.91
536674,21540524,1196.75,0.3
536674,31296012,935.28,0.85
21540524,2297619,684.19,1.94
21540524,21527766,2175.56,2.64
21540524,536674,935.28,0.27
31296012,536674,1196.75,0.92
536675,248219433,207.61,2.77
248219433,248219434,436.9,0.06
248219433,536675,394.14,2.81
2071674,11769758,1585.54,0.04
2071674,534316145,1674.31,0.06
11769758,2071674,1449.29,0.03
11769758,3121547154,1246.93,0.3
534316145,2071674,1585.54,0.06
534316145,534316143,1674.31,0.05
2071682,7101166877,455.93,1.04
2071682,2287857538,1642.85,1.12
2071682,7093468874,0.0,0.05
2071682,2202559858,1866.27,0.91
7101166877,2071682,315.22,0.98
2287857538,24973504,1245.61,0.09
2287857538,2071682,1304.82,0.82
7093468874,2071682,1130.96,0.06
27318981,1854526402,814.95,0.04
27318981,2071683,1028.53,0.7
11297162,11306937,553.17,0.81
11297162,2071683,1337.69,2.19
11297162,2071687,0.0,0.36
2071687,11297162,0.0,0.36
2071687,11297128,0.0,0.52
11297128,11306937,2.08,1.21
11297128,2071687,0.0,0.52
2072800,2274921120,897.16,0.68
2072800,30709473,1322.48,0.09
2072800,30587893,919.4,1.33
2274921120,2072802,772.29,0.02
2274921120,2072800,621.87,0.53
30709473,2072800,1454.45,0.1
30709473,31350685,71.42,0.77
30709473,10712397266,1251.06,1.31
2072802,316507154,813.76,0.27
2072802,2274921120,826.0,0.02
316507154,2072802,841.1,0.27
1485594778,10919238,606.78,0.31
2072816,25479300,862.54,0.9
2039066667,30847942,2549.87,1.82
3869392962,25694685,1232.26,1.36
2297615,21540856,1951.57,1.18
2297615,270909880,802.01,0.94
21540856,2297619,1363.35,1.33
21540856,2297615,329.97,0.12
270909880,2297615,707.61,0.87
270909880,270909809,1268.7,1.17
270909880,21647107,610.01,0.4
270909880,133281288,767.21,0.54
2297619,21540524,683.82,1.94
2297619,21540856,681.56,0.48
3411653,26165869,1289.06,0.47
26165869,3411653,520.82,0.37
15511907,3853550,244.24,0.03
9100179,3137684031,176.55,0.68
9100179,4385377370,426.05,0.09
3137684026,1703242714,1329.86,0.32
3137684031,9100179,426.05,0.7
3137684031,25949615,913.99,0.86
4385377370,9100179,942.49,0.09
4385377370,11298793,2028.73,0.68
4385377370,24973474,1606.42,0.48
9100190,9982673432,96.26,0.23
9982673432,9100190,64.33,0.23
9982673425,3371924911,873.69,1.11
10919223,25740441,73.01,0.02
25740441,10919223,738.69,0.02
25740441,1587510067,785.47,0.2
10919230,86684589,273.09,0.01
10919230,560450644,162.91,0.03
86684589,10919230,162.91,0.01
86684589,10919252,0.0,0.99
560450644,25319455,488.65,0.43
560450644,10919230,273.09,0.03
10919238,1485594778,644.33,0.32
10049596107,11008006,606.78,1.54
10919252,3073762517,0.0,1.4
10919252,86684589,0.0,0.99
3073762517,3074985402,405.64,0.02
3073762517,10919252,0.0,1.4
10919767,30847942,2348.71,1.81
30847942,10919767,2457.45,2.01
30847942,2039066667,2434.02,1.63
30847942,1942977739,92.42,0.51
10919780,10919782,941.65,0.6
10919780,126667225,203.01,0.56
10919780,3151457278,1598.56,1.04
10919782,2262218571,1242.26,0.54
10919782,3147805129,1233.44,0.25
10919782,10919780,998.45,0.68
126667225,10919780,549.91,0.56
3151457278,10919780,999.59,0.76
2262218571,10919782,1166.08,0.53
3147805129,10919782,1178.43,0.22
10919797,3864841571,18.06,0.1
3864841571,10919797,0.0,0.1
3864841571,3866701865,2027.02,0.51
3864841571,3864841558,1618.84,0.35
1952603929,25106277,193.8,0.5
11004470,3324432562,952.4,3.12
11004470,415524744,536.24,0.87
11004470,27252041,1173.65,3.67
3324432562,11004470,972.0,3.21
415524744,3878906071,999.5,0.05
415524744,11004470,473.58,0.87
27252041,1621457361,656.97,0.59
27252041,11004470,1216.72,3.97
27252041,1620070195,224.79,1.0
11004892,7260653744,2322.0,6.46
3780365870,25621848,267.59,0.01
7260653744,11004892,1932.45,3.9
11005259,11005395,1137.44,2.67
11005395,29138057,602.37,2.63
11005395,11005259,1370.07,3.13
11005395,11298154,808.08,3.25
1762496623,2970916246,846.44,0.35
1762496623,1458120323,468.84,0.02
29138057,312068717,1984.16,1.07
29138057,11005395,767.04,3.2
29138057,11297938,1597.13,0.11
11298154,11005395,1074.16,3.56
11298154,81580487,1585.03,7.2
11298154,2241123813,566.85,3.41
11005798,312068717,939.31,0.04
11005798,1458180754,1646.18,3.56
11005798,312068888,1694.71,0.24
312068717,11005798,1984.16,0.06
312068717,29138057,1991.76,1.08
1458180754,11005798,1624.82,3.52
1458180754,255886038,909.05,0.43
1458180754,3901577931,1012.37,0.36
312068888,3123615192,1694.71,0.23
312068888,11005798,906.21,0.06
25600624,2628479858,36.63,1.09
25600624,246859505,205.96,0.15
25600624,25600626,211.77,0.28
11007218,3877452744,291.93,0.52
3877452744,33476661,611.66,2.36
3877452744,3877390786,265.85,0.56
3877452744,11007218,483.59,0.52
11007703,95145069,1315.71,0.06
11007703,99094266,13.31,1.82
95145069,10712397264,1322.73,1.37
95145069,11007703,1104.57,0.04
99094266,1211691752,94.14,0.86
99094266,3121844724,325.74,0.68
99094266,11007703,89.27,1.82
11008006,10049596107,644.33,1.57
11069287,11069422,933.58,7.33
11069287,28196757,368.78,0.53
11069287,203786445,659.75,2.46
11069422,2970916246,933.58,6.4
11069422,11069287,983.37,8.12
28196757,11069287,462.05,0.53
28196757,78031855,368.78,1.19
203786445,11069287,1013.12,5.21
203786445,3878906071,516.29,0.04
2970916246,11069422,983.37,6.88
2970916246,1762496623,807.74,0.34
11070701,31353312,0.0,0.1
11070701,3183738525,1.64,0.89
31353312,11070701,0.0,0.1
3183738525,3183738527,1.64,0.03
3183738525,11070701,774.44,1.26
11070793,3183738502,1027.63,1.27
11070793,3183738527,0.0,0.03
3183738502,3183713693,740.23,0.86
3183738502,2134245708,252.54,2.77
3183738502,11070793,514.28,1.14
3183738527,3183738525,774.44,0.04
3183738527,11070793,0.0,0.03
3183738527,3183738530,0.0,0.02
11306937,9946740207,555.25,1.99
11306937,11297162,488.36,0.78
11306937,11297128,0.0,1.21
11297673,33476661,757.81,0.65
11297673,3061333822,816.85,1.21
11297673,60577293,98.24,2.14
33476661,10581412104,732.81,3.54
33476661,3877452744,390.45,2.09
33476661,11297673,816.85,0.72
3061333822,3212482939,924.39,3.21
3061333822,3884698667,1358.1,1.83
3061333822,11297673,759.78,1.2
60577293,11297673,73.08,2.14
60577293,159733475,127.65,0.04
11297938,2241123813,776.95,0.03
11297938,29138057,1671.35,0.11
11297938,2241122861,820.18,0.04
2241123813,11297938,606.52,0.03
2241123813,11298154,776.95,3.44
2241122861,11297938,1064.84,0.06
2241122861,32547463,820.18,5.72
81580487,31353295,852.36,0.02
81580487,11298154,1641.01,8.18
11298793,255886038,1274.07,1.87
11298793,4385377370,2332.79,0.88
11298793,25599933,1178.28,1.55
11298793,3137621725,1349.53,0.06
255886038,1458180754,1347.8,0.47
255886038,797425334,491.56,0.26
255886038,11298793,1276.97,1.88
25599933,2572637252,1276.34,2.84
25599933,10584342336,683.24,0.34
25599933,11298793,1301.53,1.96
3137621725,11298793,1574.08,0.07
11305234,2078553223,759.35,0.05
11305234,1587510067,815.76,1.17
2078553223,11305234,0.0,0.04
2078553223,85890601,0.0,1.06
1587510067,25740441,796.6,0.2
1587510067,11305234,759.35,1.11
1587510067,2482228310,150.08,0.47
9946740207,11306937,488.36,1.94
7128283648,380950155,1430.92,0.14
3121547154,11769758,1449.29,0.32
12961684,64804962,2638.7,0.05
64804962,12961684,1892.2,0.03
64804962,3057030904,2265.35,0.3
784730663,3057282550,2007.41,0.72
15017249,15017262,0.0,0.01
15017249,2480982236,0.0,0.02
15017262,15017249,0.0,0.01
2480982236,15017249,0.0,0.02
15017430,1065689955,833.0,0.02
15017430,25319473,0.0,1.38
1065689955,15017430,870.77,0.02
1065689955,1054691691,833.0,0.05
25319473,15017430,0.0,1.38
25319473,25319455,0.0,2.07
15612128,24953182,0.0,0.26
15612128,3150424525,0.0,0.28
24953182,3150424525,143.38,0.35
24953182,25106277,208.64,0.39
24953182,3866974284,1.27,0.48
24953182,15612128,0.0,0.26
3150424525,15612128,0.0,0.28
3150424525,24953182,209.91,0.35
3150424525,4516060826,143.38,1.16
903673001,21647146,1595.45,0.03
903673001,270909591,600.2,0.29
16573458,16573467,1600.37,0.03
16573458,21529707,1426.7,3.64
16573467,16573458,1669.5,0.03
16573467,3844764341,1437.61,0.48
3840043618,25949482,1635.69,1.93
21529707,2272203032,1014.58,2.32
21529707,1150742708,1340.02,2.47
21529707,3013520884,871.48,2.52
21529707,16573458,1054.73,1.8
3844764341,16573467,1183.48,0.44
3844764341,3844764334,1437.61,0.1
16573543,3846282157,449.64,0.07
16573543,3844764355,505.74,0.29
3846282157,16573543,505.74,0.07
3846282157,2187198469,989.55,1.08
3844764355,3844764334,396.32,0.08
3844764355,16573543,449.64,0.29
16574244,25623811,477.72,0.1
3861801989,3861801984,1877.99,0.12
25623811,16574244,1209.42,0.32
25623811,529723416,865.55,0.12
25623811,2503004249,0.0,0.14
16574525,903656551,996.38,1.06
18178749,21596886,2115.6,0.04
18178749,299844554,1386.77,0.37
21596886,21596884,1705.62,1.67
21596886,18178749,1311.17,0.02
299844554,3147881709,1386.77,0.65
299844554,18178749,1710.73,0.71
18178769,25873183,963.26,0.02
25873183,18178769,1689.26,0.03
30587934,18627204,1038.46,0.67
30587934,18627237,1159.2,0.37
30587934,28796744,1273.9,2.23
18627237,30587934,1492.18,0.71
18628215,25600626,381.13,1.46
18628215,297481606,684.77,1.38
18628215,3057282550,1531.72,0.69
18628215,3212449669,1348.94,1.12
25600626,3123615192,591.45,0.31
25600626,18628215,333.56,1.44
25600626,25600624,4.73,0.28
297481606,33477164,684.77,0.03
297481606,18628215,618.0,1.29
3057282550,784730663,2071.4,0.75
3057282550,18628215,1478.11,0.67
3057282550,2628479841,9.24,0.65
3212449669,752186307,846.05,0.07
3212449669,18628215,1382.74,1.14
3212449669,3884698667,1133.16,0.11
3212449669,3686207058,536.73,1.11
2628479841,3057282550,40.3,0.65
442828572,442828559,336.25,0.13
21527733,7193964013,1516.41,0.6
7193964013,21527733,1751.16,0.68
21527766,21596461,1014.28,0.25
21527766,21540524,1841.94,1.85
21596461,21527766,1529.24,0.84
21596461,311494772,847.16,0.17
21527804,24944059,119.41,1.58
21527804,221994427,1162.78,0.79
21527804,21616650,286.59,2.62
24944059,248219538,104.44,1.17
24944059,21527804,135.24,1.58
24944059,21528488,203.98,1.35
221994427,248219434,1215.2,0.23
221994427,248219538,97.36,1.2
221994427,21527804,822.34,0.39
21616650,3516121147,138.7,0.37
21616650,316299769,152.72,0.61
21616650,21527804,537.59,2.85
21528488,24944059,239.68,1.36
21528488,25306315,21.55,0.56
21528488,21528509,333.74,1.78
25306315,25283723,21.55,2.37
25306315,21528488,0.76,0.56
21528509,270909591,1009.1,3.3
21528509,21528512,1022.98,0.28
21528509,21528488,345.93,1.78
270909591,903673001,1064.97,0.33
270909591,392656728,1049.03,0.69
270909591,21528509,765.47,2.09
21528512,25272871,859.66,2.01
21528512,21528509,1278.79,0.51
21528512,25283723,0.0,1.81
25272871,21647146,883.18,5.47
25272871,21528512,834.69,1.92
25272871,25281950,841.47,2.68
25283723,21528512,0.0,1.81
25283723,25306315,0.76,2.37
25283723,25281950,30.92,3.85
2272203032,2968174745,2592.13,3.88
2272203032,3942350550,2149.21,0.58
2272203032,21529707,1129.95,3.14
1150742708,2255742337,1770.16,0.13
1150742708,21529707,805.68,1.9
3013520884,21529707,918.49,2.75
3013520884,3160439147,609.69,0.09
3013520884,297497356,850.61,1.46
3013520884,25949615,384.11,0.31
311494772,21596461,962.2,0.21
1242395773,21596884,742.46,0.39
1242395773,940312683,717.92,0.22
3516121147,270909809,2.07,0.05
3516121147,21616650,293.53,0.38
316299769,21616650,248.9,0.61
21647107,270909880,1031.65,0.44
271287016,21647057,1238.52,0.37
21647057,271287016,2304.58,0.72
21647057,21647058,1427.81,0.03
21647146,25272871,758.61,4.18
21647146,903673001,261.2,0.02
25873175,29510455,2336.01,0.31
248219538,248219540,178.57,0.14
248219538,24944059,84.57,1.17
248219538,221994427,162.26,1.2
24953131,1636482042,458.51,0.02
1636482042,24953131,0.0,0.02
24953179,3998373587,942.48,1.12
24953179,24953181,18.06,0.17
24953179,3864841558,331.52,0.13
24953179,3043453331,929.06,0.96
3998373587,24953179,116.36,1.06
24953181,24953179,0.0,0.17
3864841558,24953179,964.21,0.25
3864841558,2187198440,1326.07,1.32
3864841558,3864841571,1617.84,0.35
3043453331,3866868163,541.64,0.6
3043453331,30332565,672.11,0.9
3043453331,24953179,908.77,0.92
3043453331,461740603,145.13,0.98
25106277,1952603929,209.32,0.5
25106277,3866974284,50.69,0.64
25106277,24953182,143.11,0.39
3866974284,25106277,0.69,0.64
3866974284,3866868160,775.17,1.02
3866974284,24953182,0.27,0.48
24953550,288154942,255.44,0.16
288154942,24953550,37.75,0.16
301388728,24973474,1621.68,0.62
4030574404,4030574417,1102.12,0.5
8378156321,8378156320,1888.12,1.25
24973452,2255742337,0.0,0.24
2255742337,24973452,1770.16,0.5
2255742337,1150742708,0.0,0.06
24973474,301388728,1532.97,0.6
24973474,25433992,433.15,0.71
24973474,4385377370,1818.81,0.72
25433992,24973474,556.83,0.76
24973504,2287857538,1793.7,0.32
24973504,311651883,1743.56,0.74
311651883,24973504,1793.7,0.76
27598015,27254447,1825.16,0.02
27598015,442832879,990.47,0.32
25281950,25272871,701.56,2.03
25281950,25283723,2.37,3.85
25281950,668019917,1276.98,1.86
668019917,1798264163,0.0,0.04
668019917,25281950,708.18,1.48
25319455,25319473,0.0,2.07
25319455,560450644,273.09,0.41
25319455,86661782,488.65,1.96
86661782,1054691691,870.77,0.69
86661782,85807931,229.3,0.59
86661782,25740442,806.87,1.15
86661782,25319455,273.09,1.85
1703242714,3137684026,909.03,0.25
28796755,29535607,1501.79,0.96
2526224454,3930292765,329.35,0.01
2526224454,10584342336,836.11,0.04
2572637252,25599933,1246.72,2.68
10584342336,25599933,836.11,0.39
10584342336,2526224454,329.35,0.03
2628479858,25600624,6.2,1.09
246859505,25600624,208.44,0.15
3123615192,25600626,336.84,0.27
3123615192,312068888,1958.66,0.27
3123615192,3212482939,1364.61,1.3
29812910,29812911,242.79,0.01
25621848,3780365870,439.35,0.02
25621848,3979445014,770.5,0.05
3979445014,27410712,770.5,1.21
3979445014,25621848,869.22,0.05
2503004249,25623811,1583.96,1.13
3844764334,3844764341,1074.06,0.09
3844764334,3844764355,449.64,0.08
529723416,25623811,13.29,0.07
25694685,3869392962,1310.14,1.39
3866868163,3866868160,1778.32,0.04
3866868163,3043453331,809.36,0.81
25694759,364757216,335.33,0.28
364757216,3612398319,176.89,0.03
364757216,25694759,0.0,0.28
25694763,3842071988,596.96,0.73
25694763,1785077919,667.91,0.72
25694763,3859885311,68.97,0.58
3842071988,2610458800,620.63,0.08
3842071988,25694763,528.53,0.7
3842071988,335688683,2023.92,2.55
1785077919,3840043623,667.91,0.06
1785077919,25694763,665.93,0.72
3859885311,3859855171,68.97,0.04
3859885311,25694763,139.38,0.58
25740442,86661782,747.04,1.09
25949480,3840142105,1377.75,1.09
25949480,3942350550,1073.45,4.61
3840142105,3840043623,1377.75,0.07
3840142105,25949480,1885.11,1.86
3942350550,25949480,1154.88,5.32
3942350550,3840043623,994.33,4.24
3942350550,2272203032,2060.45,0.54
25949482,3840043623,1635.85,0.44
25949482,30156768,221.98,0.89
25949482,3840043618,921.53,1.16
3840043623,3942350550,987.01,4.17
3840043623,1785077919,665.93,0.06
3840043623,3840142105,1885.11,0.12
3840043623,25949482,1137.79,0.29
30156768,198189803,887.27,0.72
30156768,3020440809,835.27,0.08
30156768,25949482,5.88,0.89
25949615,3137684031,818.37,0.84
25949615,3013520884,583.55,0.34
25949615,3160439147,330.44,0.3
3160439147,3160483032,848.46,1.05
3160439147,25949615,434.26,0.31
3160439147,3013520884,498.04,0.08
440369967,277060367,1569.8,1.68
6207267154,27145651,817.87,0.48
29535607,3057030904,1896.4,1.15
29535607,27145651,927.3,1.45
29535607,28796755,1459.3,0.95
29535607,258315633,1354.26,0.97
27145655,3907572085,740.29,2.26
27145655,258315627,592.54,1.27
27145655,6207267153,817.87,0.13
27145655,2233985754,910.53,0.27
3907572085,3907572087,1116.4,0.27
3907572085,27145655,592.32,1.92
258315627,27279339,776.23,0.12
258315627,27145655,316.15,1.26
6207267153,27145655,650.28,0.13
2233985754,2986258962,910.53,0.08
2233985754,27145655,1502.47,0.35
27252028,27410728,920.3,0.09
27252028,31342626,942.77,3.34
27410728,27252028,942.77,0.09
27410728,27410733,468.26,0.05
27410728,292884981,211.91,0.05
27410728,292884983,923.47,0.11
31342626,27252028,920.3,3.19
31342626,3878906071,628.92,0.54
31342626,3879014011,1089.05,2.29
1621457361,27252041,764.71,0.67
1621457361,8832171454,682.99,3.53
1620070195,27252041,91.2,1.0
1620070195,27252049,0.0,0.11
1620070195,30752442,533.99,2.73
27252049,1620070195,0.0,0.11
27254447,27598015,762.14,0.01
27254447,335688683,1647.59,0.19
335688683,27254447,1444.02,0.13
335688683,3842071988,1647.59,1.99
27254448,27598012,1475.12,0.01
27598012,27254448,0.0,0.01
27598012,442832879,1475.12,0.15
27279339,3123815945,901.83,1.48
27279339,3907571845,1872.68,0.34
27279339,258315627,742.92,0.12
27279339,258315633,1113.04,0.09
3123815945,27279339,833.08,1.3
3123815945,3057030904,0.0,1.47
3123815945,31272925,907.25,2.31
3907571845,27279339,1666.9,0.3
258315633,27279339,1354.26,0.1
258315633,29535607,1131.65,0.91
27410692,277060338,698.03,1.71
27410692,27410694,493.97,0.45
27410692,5723810625,376.99,0.6
277060338,27410779,685.23,0.06
277060338,27410692,686.15,1.69
27410694,297712356,493.97,0.1
27410694,297712369,0.01,0.12
27410694,27410692,503.51,0.45
5723810625,292884981,277.1,1.25
5723810625,27410692,457.21,0.62
5723810625,4862265262,175.57,0.43
297712356,297712369,0.0,0.07
297712356,27410694,500.34,0.1
297712356,1359769517,493.97,1.79
297712369,297712356,0.0,0.07
297712369,1359769521,0.01,1.96
297712369,27410694,3.17,0.12
27410712,1359769517,500.34,0.05
27410712,1359769521,270.15,0.03
27410712,3979445014,868.71,1.43
1359769517,27410712,493.97,0.05
1359769517,297712356,500.34,1.79
1359769517,1359769521,0.0,0.02
1359769521,297712369,3.17,1.96
1359769521,27410712,374.74,0.04
1359769521,1359769517,0.0,0.02
27410733,3879014012,468.26,1.26
27410733,27410728,216.32,0.05
292884981,27410728,496.32,0.05
292884981,5723810625,211.91,1.24
292884983,27410728,913.48,0.11
292884983,3912609284,922.41,0.55
3879014012,3879014011,170.46,0.04
3879014012,27410733,216.32,1.26
27410779,277060367,955.69,0.05
27410779,277060338,686.15,0.06
27410779,257756770,535.23,0.05
27410779,257756769,0.0,0.06
277060367,27410779,1569.8,0.06
277060367,440369967,1534.26,1.65
257756770,27410779,1046.26,0.08
257756770,2574657979,544.56,1.12
257756769,27410779,0.0,0.06
27413455,909453442,0.0,0.17
27413455,27413456,0.0,0.05
909453442,27413455,0.0,0.17
27413456,27413455,0.0,0.05
442832879,27598012,0.0,0.04
442832879,27598015,1475.12,0.37
78031855,30814232,0.0,1.45
78031855,28196757,462.05,1.22
78031855,30752442,426.0,0.9
2986258962,2233985754,551.87,0.07
28796744,30151418,912.18,0.04
28796744,30587934,1015.74,1.23
30151418,28796744,1095.16,0.06
206127721,1619208224,810.69,0.51
28796761,33477164,452.51,0.43
33477164,297481606,1151.77,0.06
33477164,28796761,643.75,0.44
29401767,8832171454,0.0,0.01
8832171454,29401767,0.0,0.01
8832171454,1621457361,768.1,3.96
95789730,290077166,578.3,0.24
3057030904,64804962,1892.2,0.22
3057030904,3123815945,19.69,1.47
3057030904,29535607,2249.86,1.53
29812911,29812910,480.8,0.01
29812911,2574657979,242.79,0.02
3912609301,2209463058,1074.31,0.16
2574657979,29812911,544.56,0.02
2574657979,257756770,668.53,1.19
29954400,29954442,556.24,2.33
29954442,29954445,0.0,0.13
29954442,149442439,431.83,0.05
29954442,29954400,442.18,1.57
29954445,149442439,0.0,0.04
29954445,29954442,0.0,0.13
29954445,29954503,0.0,2.89
149442439,149440544,431.83,1.64
149442439,29954445,0.0,0.04
149442439,29954442,394.49,0.05
29954503,29954445,0.0,2.89
30058364,30261537,596.51,0.51
30058364,7128283652,289.37,0.92
7117637008,30151413,597.21,0.46
7128283652,30058364,453.51,0.92
30151413,7117637008,91.92,0.41
30151413,3160432775,1801.17,0.12
30151413,244038923,1288.38,0.13
198189803,30156768,618.42,0.71
198189803,3859855171,887.27,0.04
3020440809,30156768,888.02,0.08
30332565,3043453331,318.07,0.73
3612398319,364757216,0.0,0.03
30404993,30409405,0.0,0.02
1619208224,206127721,643.37,0.4
31350685,30709473,131.73,0.77
10712397266,30709473,1322.73,1.51
30752442,1620070195,426.0,2.59
30752442,78031855,533.99,0.95
30814232,78031855,0.0,1.45
1942977739,30847942,85.32,0.51
74069309,30848648,1016.44,1.94
31350684,30848648,71.42,0.73
31272925,246859538,0.0,0.04
31272925,3123815945,818.82,1.97
246859538,31272925,205.96,0.04
3878906071,415524744,369.21,0.03
3878906071,31342626,762.37,0.6
3878906071,203786445,1013.12,0.06
3879014011,3879014012,216.32,0.04
3879014011,31342626,1076.64,2.24
31353295,81580487,1345.41,0.07
31353295,9976058363,585.82,0.59
31353296,264590513,0.0,1.48
9976058363,31353295,673.25,0.66
264590513,31353296,0.0,1.48
31384856,296239234,1317.65,0.02
31384856,1774541625,0.0,0.02
296239234,31384856,1236.99,0.01
296239234,2626739932,1317.65,0.06
1774541625,31384856,0.0,0.02
32547462,32547463,764.77,0.13
32547463,34030529,843.01,4.35
32547463,32547462,0.0,0.09
32547463,2241122861,1104.5,8.6
34030529,149435529,504.6,6.85
34030529,32547463,499.87,3.44
34030529,34030520,0.0,0.71
10581412104,3073762516,623.38,1.76
10581412104,1098659654,732.81,1.65
10581412104,33476661,528.73,2.89
34030507,34030520,0.0,1.75
34030520,34030529,0.0,0.71
34030520,34030507,0.0,2.1
149435529,149440544,767.12,2.1
149435529,81580581,935.02,4.31
149435529,34030529,267.55,6.41
159733475,60577293,0.0,0.04
81580494,81580581,732.67,2.97
81580581,149435529,768.39,3.21
81580581,3183713693,119.93,1.16
81580581,3193824078,474.08,0.87
81580581,81580494,673.91,2.76
3183713693,81580581,311.71,1.17
3183713693,3183738502,454.05,0.6
3183713693,9976058359,673.25,1.47
3193824078,3193824080,474.08,0.02
3193824078,81580581,0.0,0.82
81580688,250923558,764.77,1.13
250923558,81580688,0.0,0.81
84465051,3193824080,0.0,1.01
3193824080,3193824078,0.0,0.02
3193824080,84465051,0.0,1.01
85748936,85807931,759.35,0.36
85807931,86661782,111.34,0.59
85807931,85807521,988.65,0.15
85807931,85748936,815.76,0.39
85807521,85807931,927.09,0.13
3498130773,3498136595,0.0,0.15
85890601,2078553223,0.0,1.06
1054691691,1065689955,870.77,0.05
1054691691,86661782,833.0,0.66
3121844724,99094266,182.23,0.67
10712397264,95145069,1264.85,1.35
290077166,95789730,0.0,0.2
1211691752,99094266,313.61,0.87
133281288,316299777,0.0,0.02
133281288,270909880,497.36,0.41
316299777,133281288,152.72,0.02
149440544,149442439,394.49,1.62
149440544,2134245708,204.77,3.25
149440544,149435529,663.52,1.84
2134245708,3183738502,304.11,2.78
2134245708,3536865195,106.26,1.66
2134245708,149440544,146.28,3.25
442828559,442828572,514.68,0.13
3859855171,461740603,164.41,0.04
3859855171,3859885311,139.38,0.04
3859855171,198189803,618.42,0.04
3859855171,3859855174,799.78,0.04
211626783,248219543,1185.98,0.04
211626783,271246517,1184.19,2.03
248219543,211626783,893.7,0.02
248219543,1657949311,564.71,0.05
271246517,211626783,1153.8,2.01
248219434,221994427,809.85,0.1
248219434,248219433,1215.2,0.13
248219540,248219538,223.6,0.14
248219540,1657949311,930.23,0.19
1657949311,248219543,927.64,0.08
1657949311,248219540,564.71,0.18
797425334,255886038,933.22,0.37
3840988371,292890400,2667.87,0.07
392656728,270909809,796.36,0.05
392656728,270909591,1270.17,0.79
270909809,3516121147,0.0,0.05
270909809,392656728,1270.17,0.06
270909809,270909880,796.96,0.95
3912609284,292884983,1049.55,0.76
292890400,3840988371,0.0,0.01
534316143,534316145,1585.54,0.05
2626739932,346633485,1317.65,4.63
2626739932,296239234,1236.99,0.05
297497356,2970916284,850.61,0.11
297497356,3013520884,809.83,1.36
2970916284,2970916282,1391.98,0.1
2970916284,297497356,809.83,0.11
3147881709,299844554,69.57,0.2
311941598,903656551,840.16,2.91
316507156,752186307,813.76,1.52
752186307,3212449669,654.62,0.06
752186307,316507156,841.1,1.57
2482228310,1587510067,104.79,0.47
346633485,2626739932,1236.99,3.96
3506480443,7095690295,0.0,0.52
380950155,7128283648,0.0,0.02
433065573,2970916275,523.53,0.25
2970916275,433065573,410.29,0.24
461740603,3043453331,164.41,0.98
461740603,3859855171,145.13,0.04
3861801996,3861801984,2436.75,0.1
3861801996,3025805502,2355.71,2.24
1798264163,668019917,0.0,0.04
1798264163,3516471211,0.0,0.02
3884698667,3212449669,1358.1,0.17
3884698667,3061333822,1297.25,1.79
4862265262,4862265259,538.83,0.02
4862265262,5723810625,320.98,0.44
903648589,5824956622,290.69,0.17
4810580223,4810580222,2082.5,1.66
4810580223,903648936,1371.91,0.3
5824956622,903648589,865.82,0.34
903648936,2260849842,1140.01,0.06
903648936,4810580223,1066.81,0.14
2260849842,903648936,1280.71,0.08
3516471210,3516471211,0.0,0.02
940312683,1242395773,742.46,0.22
940312673,1269612832,0.0,0.72
1269612832,940312673,0.0,0.72
1098659654,10581412104,1152.1,3.76
4516060826,3150424525,209.91,1.16
3074985402,3073762517,94.14,0.02
1458120323,1762496623,1450.22,0.07
3901577931,1458180754,552.24,0.23
8378156320,8378156321,2182.73,1.83
4862265259,4862265262,118.03,0.01
3025631931,3866701865,1028.31,1.74
3516471211,1798264163,0.0,0.02
3516471211,3516471210,0.0,0.02
3686207071,3212482939,462.91,0.13
3686207058,3212449669,537.03,1.11
9946740209,1803689298,555.25,0.03
1874531382,2209463058,0.0,0.03
2209463058,3912609301,972.22,0.13
2209463058,1874531382,0.0,0.03
2043723883,4533984370,1666.9,0.04
4533984370,2043723883,1872.68,0.05
3907572087,3907572085,1260.86,0.28
3536865195,2134245708,99.35,1.66
2187198440,3025805502,2445.28,0.04
2187198440,3864841558,1957.77,1.85
3025805502,2187198440,2169.32,0.03
3025805502,3861801996,2048.92,1.71
2187198469,3846282157,582.75,0.58
2260731086,4810580222,1366.68,0.84
4810580222,4810580223,1366.68,0.75
4810580222,2260731086,671.3,0.16
2968174745,2272203032,2561.72,3.77
3930292765,2526224454,766.44,0.02
2610458800,3842071988,1648.78,0.1
2610458800,3859855174,620.63,0.68
3859855174,3859855171,620.63,0.04
3859855174,2610458800,799.78,0.68
3160483032,3160439147,840.63,1.03
3371924911,2970916282,873.69,0.05
3371924911,9982673425,1145.64,1.98
2970916282,2970916284,809.83,0.03
2970916282,3371924911,1070.73,0.07
3866701865,3025631931,790.09,1.1
3866701865,3864841571,2226.63,0.61
3212482939,3123615192,1373.96,1.32
3212482939,3686207071,540.52,0.13
3212482939,3061333822,837.44,2.88
3073762516,10581412104,0.0,1.49
9976058359,3183713693,585.82,1.31
3183738530,3183738527,0.0,0.02
3498136595,3498130773,0.0,0.15
7095690295,3506480443,570.89,0.59
3861801984,3861801989,2423.46,0.19
3861801984,3861801996,1877.99,0.06
3866868160,3866868163,775.17,0.03
3866868160,3866974284,468.18,1.01
3877390786,3877452744,577.73,0.57
3952754484,3952754481,1040.91,0.01
4030574417,4030574404,561.88,0.47
