From,To,Volume,TT,Fitness:,10.50355920186509,Total Demand:,23356.704720280155,TSTT:,6459.048776305876
3984547307,9784949118,293.18691319147536,0.04270339392899901
4091044900,9784949143,151.15691714151032,0.05276929849308734
1067571026,2916372149,68.39888393519476,0.04098309889994379
1067571015,2370546572,709.0128850811255,0.038817305258703985
2370546572,1067571056,709.0128850811255,0.44756608007541365
3992697239,6019551947,236.90968842417914,0.14031127605330468
3992697239,7674928571,874.9512566482944,0.07786049815980788
2916372149,3029841304,62.48759870436146,0.034278057621831025
2916372149,1331315681,733.0771029831257,0.0869098710832734
1067571056,2370546591,287.50066743799624,0.21881849051217642
2370546591,2370546572,0.0,0.031906
2370546591,1067571015,467.56688335345206,0.04464271004222426
3980689115,9783698738,386.15555166844143,2.231339921440433
9771229436,9016911523,708.1327404988015,0.15320075214146273
1073220447,1073220575,1846.4869742566702,0.07331965903886094
1073220575,1073220929,1848.615484983705,0.4426423763687218
1073220455,3980567292,1260.9260740609666,0.010222018961342599
3980567292,3405474001,0.0,0.027078
3980567292,1073265181,1260.9260740609666,0.1204571716532894
1073220929,1073220773,587.6082275521969,0.06274404570512084
1073220929,3405474001,1261.007257431509,0.1968034539716041
1073220583,1073220575,2.1285107270351418,0.01792700000004057
1073220583,1073220447,783.2862949012426,0.04141952846653684
1073220659,1073220455,1260.9260740609666,0.08702654071441764
1073220710,2916396459,1659.2955218383559,0.1043254570963012
2916396459,1073220791,1689.8773300218359,0.7550021749863236
1073220773,1073265181,587.6082275521969,0.05537139237723186
1073220773,1073220710,0.0,0.06624600000000001
1073265181,2916398205,76.46804168145559,0.80392228139652
1073265181,1073220710,1659.2955218383559,0.06454413672682704
1073220791,1073220583,785.4148056282779,0.007600026003819444
1073220791,2916353513,904.4625243935577,0.4152162497315394
2916353513,1331315681,172.8411220512474,0.04825202419440775
2916353513,3029841304,904.4625243935577,0.1024940597594342
3405474001,3405474003,1261.007257431509,0.007530754198784764
3029855824,2916330938,0.0,0.19323500000000002
2916398205,2916398217,30.581808183479897,0.2640660695887831
9784527896,9784527903,76.46804168145559,0.04319444495635266
9784060897,9784060911,0.0,0.024936
1330605009,1330605566,475.23650071722494,0.44507431510794193
1330605566,3416239363,588.8102293635294,0.49642314600859794
1330605166,1330605388,256.6692760673282,0.013250303261453062
1330605166,3989846958,654.0502469535239,0.026910134521019813
1330605388,3989929957,815.496876647897,0.015018946412884576
3989846958,1330605388,558.8276005805691,0.02794258201470394
3980386435,3980386437,332.14980094520206,0.03907375971102905
3988788460,3988795029,411.220347972515,0.04719714629278454
3989929957,3416239360,184.5695814067115,0.015589448708364033
3989929957,1334516810,630.9272952411859,0.025623553542137734
1330605474,1335061028,340.20583887370515,0.022093810136966933
1335061028,1330605166,910.719523020852,0.023591041617670103
9784010390,9784010392,342.04432592701977,0.03600788153905538
1334516810,3416239360,727.9884286674553,0.027102479686089333
1330605641,3032776825,990.1181177218643,0.44033199784960986
3032776825,1330605641,959.02191068949,0.42870892961168167
3032776825,7635344834,990.1181177218643,0.13752395848050922
7635344825,7635344827,620.9263002645134,0.024476182441965696
1331315637,2916365919,727.1658177522924,0.07154285078006715
1331315637,6749367530,201.3648151056367,0.06183020605019071
2916365919,6749367530,180.0662159154558,0.002807646561255329
2916365919,2916372149,727.1658177522924,0.13292276706538483
6749367530,2370546591,180.0662159154558,0.44732633722774506
6749367530,1067571031,203.92333288908776,0.03888741293471905
1331315653,9771229466,0.0,0.041427
9771229466,9771229477,0.0,0.012235
9771229466,9771229470,0.0,0.015570999999999998
1331315681,1067571010,7.997254602732569,0.04171800009524638
1331315681,3029651126,897.9209704316405,0.21880922188778706
3029651126,1073220447,1048.1146405974102,0.19431230959758874
3416239360,1335060974,912.5580100741669,0.004671333843674885
9074525746,9784010387,515.4461708907462,0.062063288933746484
1338457101,4256570954,47.57902869798403,0.039716113602807114
9770768344,9770768319,447.65256701083814,0.04835807551825546
1334565566,3982830207,472.7445010823925,0.04308249356729948
3982830207,3982830213,0.35314532182748903,0.0217730000000001
3982830207,3982833158,472.3913557605649,0.01638819368598313
1335060974,1335061028,570.513684147147,0.01579763570803227
1335060974,1330605474,342.04432592701977,0.024553840693656487
3988880743,3988880750,0.0,0.03197
1335061003,3988880782,365.06453984065206,0.12937362160259266
3989680428,9784060883,515.739573098784,0.07261246955571629
3988880782,3988867788,18.058504460644546,0.022731000728315885
3988880782,3988880784,347.0060353800074,0.031978085433174694
3988859211,9784060896,40.82359097562519,0.13190311037573385
9783820471,9783820480,202.71589472832818,0.031070799991695743
4020011665,9019188138,167.0609890581548,0.022800349508776203
1338456909,4256531766,266.18934259921605,0.035532658313340966
1338457022,9784032134,733.7626892357448,0.0918280069953107
4256531766,3526691229,270.9221355513531,0.007635532686180374
4256531766,9784032134,142.3216327121366,0.04612908658036534
1338456932,9783883952,477.0906552176932,0.11665082956321801
9783883952,9783883950,568.0262994154574,0.0058756874740743545
3999732216,3999734820,178.0867857719906,0.021288449311234303
9784032134,3526691217,876.0843219478813,0.08920448076289986
9784108632,9784108651,404.27450371637406,0.03423834500636352
4256570954,3526690811,734.1285615537984,0.007945557966721438
4256570954,4173224932,96.63953856029406,0.12337724203090664
1338457143,9784108631,424.01327524075896,0.11716803570381432
9783820461,9783820470,421.0618235615549,0.08780270555165039
9784108631,9784108639,794.6119267271736,0.008380694607796668
9784949127,9784949147,425.38410321242003,0.05838130820650791
9098857474,9783820474,688.786993893786,0.05439226582182342
1392107009,9784101195,0.0,0.07852599999999998
9784101195,9784101200,0.0,0.007633
9784101195,9784101197,522.2155097145503,0.02792290258692708
1392107018,4124403485,116.87742380780304,0.05542211569775458
4124403485,4250418571,0.0,0.010395
4124403485,3982483979,219.28754827832353,0.11133450993059209
3982530847,3982532685,455.32635966753435,0.03245491371886131
3982463149,10801510405,499.2609041826497,0.11777614953020231
1392550038,3409128252,527.3723292462597,0.3571947377241469
9784527820,9784527880,0.0,0.18159999999999996
3097356289,4404070983,1201.5168098783274,0.04898201519790232
4126284489,9770768343,593.2804983463618,0.11363286716322711
1837501367,9784126694,543.8598932980464,0.0607214271621287
9784126694,4007324411,543.8598932980464,0.12035183513840593
9784126694,9837102189,0.0,0.020894
9784143128,9784143142,205.89389018113624,0.08957947539842434
1837501419,3982994349,227.09353411873875,0.026333083710843395
3986867504,9074525779,201.3176021460837,0.020488134180828226
3982994352,3982994349,117.99154308910772,0.035002043834296656
3982994349,1837501498,345.08507720784644,0.02458559429218923
1837501498,3986867504,302.08172524255616,0.05278810516310074
3980634482,9783972302,248.3899850679476,0.28924814472789423
3982994351,9074525779,135.67454589389763,0.027833841164847935
3526691077,9783684680,6.043955959556219,0.01916600000770532
1876012697,3526686370,130.19549043363543,0.03419948396845827
3526691045,9771229491,159.3610327285976,0.061493128913621624
3526686370,9016737893,127.23341937017197,0.009131335478333398
3526686370,1876012739,487.03354419798075,0.13705094408967275
1876012739,9016737893,490.34228769539936,0.13455015489586503
9016737893,3526690835,617.5757070655714,0.008858837526007735
3526691405,3526691231,487.03354419798075,0.12096074507540057
1877378924,3526691015,201.5917116889255,0.025283574398863796
3526691015,3526691399,35.1628974526228,0.006851003155489205
3526691015,3526691030,387.3979805404642,0.41381908298085096
3097356292,3097356289,1022.6058670945033,0.07948596044986275
9783883951,9783883964,518.0364520397899,0.020887172324740202
9783865799,9783865811,531.4490457247607,0.022380001154276408
1908801841,3982567594,211.92661926432717,0.058092333125037414
9784126634,9784126644,10.441403574259677,0.007171000047574751
3982567594,9019188138,62.07953866550926,0.005230043356766515
3982567594,4020011665,259.88983470297325,0.025459945579599942
1910224505,2867470429,114.72516184090307,0.1725686846072069
2867470429,1910224505,536.7328241422828,0.1848475540487778
9784655837,9784655823,108.25412119514559,0.025451950863193636
4016894943,9784655819,10.030180444617537,0.10033800030596696
3979578162,9784143144,318.282848459482,0.06520899898494631
3980734217,9783684657,18.466657324179643,0.09671600338864134
9783684667,9783684688,0.0,0.010319000000000002
3982483978,4250418572,0.0,0.03275
2887261923,4250423777,0.5093325090162405,0.03895700000000146
2370340774,9784126640,455.8356921765506,0.06982156999449786
3982530845,4124408498,116.87742380780304,0.15371764163529042
9784126640,9784126638,455.5165699117024,0.027418100102195832
9784126640,9784126628,0.31912226484813505,0.0336280000000001
10801462893,10801462890,219.28754827832353,0.06482613127995261
3982483979,3982483141,528.1467480957268,0.06842630107626578
4250423777,4124408498,0.0,0.008960000000000001
4250423777,3982530845,455.8356921765506,0.15922154380885292
2916348987,2916353513,172.8411220512474,0.5133115726359389
3029841304,2916372157,786.883907182464,0.259372177217991
3029841304,2916365919,180.0662159154558,0.09831165546314366
2916372157,3029654294,693.9874052888371,0.5269974723080529
2916372157,2916373220,56.1189472533336,0.6354125176505766
2916379851,2916381747,172.8411220512474,0.23901000065991254
2916399036,2916396459,30.581808183479897,0.4761481254783267
9784655826,9784655848,0.0,0.02942
3029654255,1331315637,928.530632857929,0.39244927347798036
7635344834,7674928571,236.86121312865012,0.006711358412424791
7635344834,3992697239,779.9590444261171,0.07228617611825006
4404070983,3097356292,120.74499985927622,0.035989304604364565
9098857403,4404070983,166.91518438046114,0.04929352512980045
9784949173,9784949172,241.5293913416409,0.03004696625726152
3405474003,1073220659,1261.007257431509,0.08861711741677476
3405474003,1073220455,0.0,0.026075
3405629188,9074525791,386.15555166844143,0.0681947758151483
9783698738,3980689115,508.99292675401597,2.24166137556431
9074525791,6019587428,292.5333027094224,0.005367330173437468
9074525791,6019587427,444.4446837841416,0.05672306622800258
3408966780,4248963845,0.7536450241922102,0.017727000000003195
4248963845,3988790672,0.360813537077207,0.02276400000000012
4248963845,4256526768,77.18452557549915,0.01958138789760395
9784527864,9784527927,349.02592867195204,0.02333888373528199
3526686366,3526690811,146.20491120229147,0.02483541848485198
3526686366,3526691060,109.1824543415363,0.03403753328445277
3526690811,4256531766,151.9521821029218,0.007942466824761874
3526690811,3526691060,728.381290653168,0.02182801114528646
3526691060,1338456909,837.5637449947046,0.014069079572704434
3526686392,3526690832,32.393381452739426,0.02866800348031676
3526686392,3526691229,726.2629890599724,0.02245220468512098
3526690832,1338457101,246.3894346479565,0.016514902611804966
3526691229,4256570954,783.1890714161084,0.008465168044319068
3526691229,3526690832,213.99605319521703,0.020943486417359256
3526690817,3526691244,100.03079365130303,0.008786491006600651
3526690817,3526691405,490.34228769539936,0.13894901446780944
3526691244,3526691235,130.19549043363543,0.023956841536423957
3526691244,9771229491,603.0178123153091,0.00944572707230083
3526690835,3526691069,19.458041484083907,0.009123000729953925
3526690835,3526691079,598.1176655814872,0.12463519596806054
3526691069,3526686370,483.46422632069505,0.008466694324537033
3526691069,3526691037,3.391328117513581,0.01867200000137858
3526691079,3526691035,623.3672175652086,0.10447892108704344
3526691399,9771230519,594.5666416902911,0.020112349429572896
3526691030,3526691399,559.4037442376685,0.40887541868508404
3526691021,3526691237,137.65266872308695,0.26590052535575154
10712670084,10712670089,0.0,0.031167999999999998
3526691237,3526691015,113.07275707144679,0.020907376807799336
3526691237,1877378924,104.68089318379066,0.023640855246420765
3526691226,9771229485,387.3979805404642,0.1620163352566904
3526691035,3526691037,155.969704611084,0.031677066682962725
3526691035,3526691069,467.3975129541246,0.024032796021853438
3526691037,1876012697,159.3610327285976,0.01457824612676234
9771229491,9771229485,202.97510080623815,0.008662198779891064
9771229491,3526691226,559.4037442376685,0.17066395365779732
9783684680,9783684668,0.0,0.035521000000000004
9783684680,9783684692,6.043955959556219,0.023402000009408327
9771229433,9771229471,598.1176655814872,0.0904616999531241
3526691217,3526686392,758.6563705127119,0.10874482775634757
9784010378,9784010373,876.0843219478813,0.07058382814197314
9771229485,3526690817,590.3730813467025,0.009781276545671711
3526691231,3526691244,395.1912002873196,0.021985966386686366
3526691231,3526691235,0.0,0.037736
3526691235,3526691045,130.19549043363543,0.036318823809634
9771230519,3526691237,80.10098153215056,0.007077087775772784
9771230519,3526691021,467.96722250029586,0.26642131776379446
9784143144,9784143162,0.0,0.024039
9784143144,9784143154,318.282848459482,0.017278258176158322
3979618651,9770694199,543.8598932980464,0.09197917815470211
9030532853,9784646155,311.9685639645941,0.18852647834699643
9770694199,9770768347,238.5595812332919,0.033309471753127824
9770694199,9770768346,305.3003120647544,0.01634266489803773
3980386437,3992634306,565.1292913266655,0.05757211515346121
3980386437,7635344822,408.1344388454288,0.008699118532871787
3992634306,7635344822,494.5483622915435,0.05629280279075894
7635344822,7635344825,449.86716613837234,0.021665085994796638
7635344822,7635344827,452.8156349985999,0.00717373013539289
9783972302,3980634482,262.1408999044107,0.2944664304657987
3980687542,9074525798,609.4058170385412,0.16779044927294745
9074525798,9771179013,859.8153615791383,0.006876835479519012
9783684657,9783684658,18.466657324179643,0.008136000285061269
10801510405,10801510406,952.3985352273396,0.00964240184861992
3982483141,4250418571,527.6374155867106,0.03936321890069098
3982483141,3982483988,0.5093325090162405,0.03813300000000077
4250418571,3982483988,0.0,0.011969
4250418571,4250418572,527.6374155867106,0.010365528252829818
3982483988,3982483978,0.5093325090162405,0.024413000000000917
4250418572,4124403485,72.31105591917635,0.00862213157946167
4250418572,1392107018,455.32635966753435,0.0540236552237213
4124408498,4462012265,116.87742380780304,0.00837047056767906
3982532685,4124408499,455.32635966753435,0.03279323897423271
3982532685,3982532695,0.0,0.03757499999999999
4124408499,4250423777,455.32635966753435,0.008806586138320235
4124408499,3982532695,0.0,0.025253999999999995
3982532695,2887261923,0.0,0.009932000000000002
3982567564,4020019490,54.080794531154496,0.01993805138400607
4105357827,9784126635,88.10553612782259,0.10026882030821387
4020019490,3982568189,54.080794531154496,0.033186085526613764
4020019490,3982568181,0.0,0.032962000000000005
9019188138,4020011667,229.140527723664,0.007245012572515551
3982568181,3982567594,52.29791298877769,0.0056600127563955875
3982568181,3982568189,88.73707860706374,0.02935201579175407
3982568189,1908801841,1395.4907633459866,0.0725734749450881
3982820563,3982820935,136.2172400940527,0.018091876467248576
3982817753,3982820935,0.0,0.012367
3982820935,3982820577,136.2172400940527,0.03639477482142858
3982820577,3982820585,188.707427756259,0.039458069541326975
3982820585,3982817753,188.707427756259,0.014074375183858463
3982820585,3982820591,0.0,0.019504999999999998
3982824758,3982826865,0.0,0.025676000000000004
3982824759,3982826865,0.0,0.04231499999999999
3982826865,3982826871,0.0,0.029455
3982829760,3982830370,226.68183143438904,0.03676522354061857
3982826871,3982824758,0.0,0.05150600000000001
3982828439,1334565566,503.33271059173313,0.040788702866990455
3982830370,3982833161,214.45868668810172,0.05461978740215986
3982830370,3982833158,12.223144746287296,0.047999000322803416
3982830213,3982829760,273.49973343402706,0.06054789885667403
3982833158,3982833161,420.4287992336149,0.010930937105613152
3982833158,3982830213,273.14658811219954,0.019567762018462987
3982833158,3982828439,8.877750962624418,0.021543000074692897
3982830357,3982830958,781.2222282609321,0.028163649351683803
3982830958,3982828439,494.45495962910877,0.05802140278687309
3982830958,3982833158,286.7672686318233,0.050180032707235096
3982833161,3982830357,634.8874859217166,0.07108216156817454
9074525779,9074525778,336.9921480399813,0.0313774469578415
9784949118,9784949143,549.963514886999,0.008101584960539325
9784949118,4091044900,101.40514039679564,0.05995390993098
3988788459,4248963854,411.5102696255104,0.11708087485666596
4248963854,4256526769,488.69479520100947,0.00320819842402464
3988795029,4051684131,313.14983960587364,0.018190549947531536
3988795029,3988807213,98.0705083666414,0.03214589586227994
3988788468,3988788460,411.5102696255104,0.05436366058188961
3988790672,3988788459,313.51065314295084,0.09957999691765468
4051684131,4256526768,313.14983960587364,0.003055827858095081
4051684131,3988807213,77.18452557549915,0.021195419870778606
3988807213,3408966780,175.25503394214059,0.01805049956863687
9784060896,9784060904,0.0,0.0076820000000000005
9784060896,3989680428,43.58373040602955,0.10018110890732107
3988867784,3988867788,637.1119396116281,0.05729883114017015
3988867784,3988873852,16.93830734189551,0.06720000166656948
3988867788,3988873852,315.7763738234934,0.03081004684060905
3988867788,3988880784,211.82156520056168,0.014405732263067147
3988867788,3988881057,914.9911658748341,0.03435739041187131
3988873852,3988880743,332.7146811653889,0.04890322030847814
3988880784,3988880744,558.8276005805691,0.1146906855896949
3988881057,1335061003,914.9911658748341,0.14651337128858358
3988880750,3988867788,0.0,0.039252999999999996
3988880750,3988881057,0.0,0.042769999999999996
3988880744,3988867784,654.0502469535239,0.07834158045470041
9784060883,9784060904,515.739573098784,0.02231370149026386
9784060883,9784060910,0.0,0.025335000000000003
11180744356,9055646749,0.0,0.025558
6019551947,6019551932,473.7709015528293,0.5653776367409467
7674928571,7674928570,874.9512566482944,0.006186389315224097
7674928571,6019551947,236.86121312865012,0.10514761797291566
6019551932,7635344838,110.77279387409882,0.6394150047866611
4008989102,9784949179,548.3028405594816,0.04204557283310062
3999712034,9783865798,114.29358868152369,0.0881575320916994
8992756578,9783883955,448.017793054379,0.08239007574771837
9783865798,9783865792,645.7426344062847,0.005790225595682601
3999732215,3999732230,556.0875281857004,0.09878738715282243
8982677490,9783826354,375.0558626761699,0.03977672497447379
3999732230,4124550035,208.3143696526314,0.007651033449138841
3999732230,3999732216,728.9929135271224,0.08604746326055632
3999734820,4124550035,161.14588241248953,0.056142403909075454
3999734820,3999734826,16.940903359501117,0.06374200158177994
4124550035,4124550036,307.0797571307894,0.00712403456476406
4124550035,3999734826,62.38049493433149,0.021962185621562994
3999734167,4124550036,305.29803617924586,0.04655365197571802
4124550036,3999732230,237.3219306338653,0.008319704572431074
4124550036,3999732215,375.0558626761699,0.09239656084015184
3999734826,3999734167,79.32139829383262,0.027696611983579644
4007324411,1837501367,205.89389018113624,0.17138374328971534
9784646155,9784646170,649.9345670815043,0.05505048722423309
9784655819,9784655833,0.0,0.009064000000000001
9784655819,9784646188,118.28430163976314,0.010708631525538375
4016894944,4016895630,109.52850113665086,0.08752579489641762
9784143147,9784143151,118.28430163976314,0.017416027084166112
4016895630,9784655827,109.52850113665086,0.008731378570423694
9784655827,9784655856,0.0,0.008564
9784655827,9784655833,0.0,0.033960000000000004
9784655827,9784655822,109.52850113665086,0.037887642712068716
4020011667,3982568181,141.0349915958415,0.004625021143099082
4020011667,3982567564,88.10553612782259,0.053734975519777836
4256526768,3988790672,313.14983960587364,0.01639335811238011
4256526768,4248963854,77.18452557549915,0.008055159568724777
9784949143,9784949141,701.1204320285093,0.007966629268377668
9784126635,9784126633,150.38109480247806,0.007513157451129447
4462012265,4124408499,0.0,0.008903000000000001
4462012265,3982530847,116.87742380780304,0.06535567413846619
9770768343,9770768345,814.7341712752242,0.006897320914159144
4173224932,3526686366,255.38736554382783,0.09602391216916316
9784949176,4008989102,493.42304473948315,0.03728416717597482
9783826349,9783826362,511.8045602530823,0.05721957314841192
4256526769,4051684131,77.18452557549915,0.008216162758118284
4256526769,3988788468,411.5102696255104,0.011032500639072112
4248963864,3988788468,0.0,0.011882000000000002
7635344838,7635344831,84.07065404119595,0.020773312644677994
7635344838,7674928570,26.702139832902887,0.020705003171272874
6019587427,6019587428,336.9921480399813,0.05658400939911491
9074525778,1837501419,444.4446837841416,0.05362203529926348
6019587428,9074525798,250.40954454059715,0.005297267803744927
6019587428,3980687542,379.11590620880656,0.16627304883005817
7635344827,3980386435,346.50887795757274,0.04216133232442858
7635344827,3980386437,641.1139292268922,0.008273733101042463
7635344831,3032776825,959.02191068949,0.11179853900993603
7674928570,7635344831,874.9512566482944,0.014814155166981095
7674928570,7635344834,26.702139832902887,0.009177001405591459
9783826354,9783826363,375.0558626761699,0.030935329061354495
9783826354,9783826361,0.0,0.037311
9783883955,9783883963,65.83205341248092,0.04975128153055472
9783883955,9783883974,382.1857396418981,0.03545041787007886
9016911523,9016911524,708.1327404988015,0.0082916767399933
9016911524,9771229476,84.76552293359275,0.00915626384206643
9016911524,9771229433,623.3672175652086,0.10182241886066515
9771229476,9771229475,0.0,0.014590999999999998
9771229476,9771229477,682.88318851508,0.008322879257792466
9784010387,9784010388,758.6563705127119,0.007367611599059399
9771179013,9074525791,350.82243482512246,0.005245831995917829
9771179013,3405629188,508.99292675401597,0.06954083553379459
9783820474,9783820479,443.80762294807136,0.024853135964483734
9783820474,9783820472,244.97937094571432,0.030249790158799545
9770768347,9770768344,429.46512775673034,0.02793540811654611
9770768346,9770768319,294.7758033346556,0.0067473138908913256
9770768346,9770768347,190.9055465234383,0.022288915865065633
9770768319,9770768343,221.45367292886291,0.007617515748368241
9770768319,4126284489,372.67801166592204,0.11528413464255251
9770768345,9770768346,502.76560731063057,0.007746301895214127
9770768345,3979618651,311.9685639645941,0.09285021822562375
9771229471,9771229476,598.1176655814872,0.0136732520259181
9771229471,9771229475,0.0,0.020781
9771229477,9016911523,0.0,0.009144999999999999
9771229477,9771229470,690.2919433132714,0.010404093466211926
9771229470,9771229436,690.2919433132714,0.12255407082894229
9771229475,1331315653,0.0,0.040097
9783684658,9783684692,3.953296210035899,0.0075750000010327175
9783684658,3526691077,14.513361114143748,0.03846600051418943
9783684692,9783684693,9.997252169592118,0.007875000023699941
9783684692,9783684668,0.0,0.018674
9783684688,9783684693,0.0,0.016940999999999998
9783684688,9783684686,0.0,0.026312000000000002
9783684668,9783684667,0.0,0.012454
9783684686,3980734217,9.732694120595198,0.07155200019343194
9783684693,9783684657,0.0,0.007660999999999999
9783684693,9783684686,9.997252169592118,0.022079000066447113
9783820470,9783820473,602.5189859890089,0.0057350187613059616
9783820473,9783820479,138.19650742049777,0.005036553411406206
9783820473,9098857474,464.32247856851103,0.07640216145044286
9783820480,9783820470,181.45716242745385,0.005049648883309454
9783820480,9783820461,424.01327524075896,0.08839654697301506
9783820472,9783820471,404.72277089291936,0.014683745679274114
9783820479,9783820480,354.9936495712633,0.005468038441628215
9783820479,9783820472,159.74339994720492,0.016485233521248248
9783826329,9783826342,645.7426344062847,0.06319154600479052
9783826342,9783826343,809.3147025158805,0.007846056468002831
9783865789,9783865778,831.999400355099,0.08203505073066346
9783826343,9783826363,253.2271743301802,0.006915836222668012
9783826343,8982677490,556.0875281857004,0.07367824466470227
9783826363,9783826362,483.7669082116131,0.007191746854582727
9783826363,9783826361,556.1932114691066,0.032115466014690335
9783826362,9783826342,163.57206810959624,0.006705678348412321
9783826362,9783826329,831.999400355099,0.0695934990811953
9783826361,9783826349,556.1932114691066,0.020133922719151646
9783865778,9783865790,448.017793054379,0.042506769012762936
9783865778,9783865796,383.9816073007202,0.06315696217262505
9783865790,9783865800,448.017793054379,0.006727682778004031
9783865790,9783865796,0.0,0.030628000000000002
9783865796,9783865799,383.9816073007202,0.0171081005162559
9783865800,9783865798,531.4490457247607,0.007470445638727941
9783865800,9783883918,448.017793054379,0.018570712142442897
9783865792,9783865790,0.0,0.007097000000000001
9783865792,9783865789,645.7426344062847,0.11642857657709073
9783865811,9783865800,531.4490457247607,0.023516444786118685
9783865811,9783883918,0.0,0.028775999999999996
9783883918,3999712034,448.017793054379,0.07486280377238877
9783883937,1338456932,803.4618425967162,0.09331866653309333
9783883950,8992756578,114.29358868152369,0.1158549559889202
9783883950,9783883974,453.7327107339337,0.007100085693497508
9783883974,9783883953,438.6963234062199,0.0060730216972308135
9783883974,9783883963,397.2221269696118,0.035701311808585635
9783883964,9783883953,90.93564419776425,0.024525936066882262
9783883964,9783883937,427.1008078420256,0.05097092479444139
9783883953,9783883952,90.93564419776425,0.00698326652619934
9783883953,9783883937,438.6963234062199,0.03538248005819191
9783883963,9783883951,463.05418038209274,0.007268865760615958
9784010373,9784010377,535.8784830741763,0.024036572480926072
9784010373,9784010391,340.20583887370515,0.03823939405671232
9784010377,9784010392,535.8784830741763,0.007529844830086916
9784010377,9784010391,0.0,0.026090000000000002
9784010391,9784010390,340.20583887370515,0.008829491767529524
9784010392,9784010387,243.21019962196564,0.007250635188030071
9784010392,9074525746,634.7126093792303,0.06430137486979348
9784010388,9784010377,0.0,0.007216
9784010388,9784010378,758.6563705127119,0.09125659718525442
9784060904,9784060905,515.739573098784,0.00373597217371774
9784060904,9784060910,0.0,0.018009999999999998
9784060910,9784060897,0.0,0.024326
9784060911,9784060905,0.0,0.015765
9784060911,9784060916,0.0,0.027154000000000005
9784060905,9784060896,189.72208052081953,0.007619506119845859
9784060905,9784060916,326.01749257796445,0.024769017713450636
9784060916,3988859211,326.01749257796445,0.1071424323445228
9784101184,9784101190,312.92604440308435,0.07724952762863221
9784101190,9784101189,595.5933920734412,0.10377975592764654
9784101189,9784101198,606.34791173703,0.007496342557720442
9784101198,9784101195,522.2155097145503,0.008061293025841687
9784101198,1392107009,480.4450369877418,0.08114197119363327
9784101203,9784101208,312.92604440308435,0.027091039373625378
9784101200,9784101189,10.75451966358882,0.007803000058262209
9784101200,9784101184,0.0,0.027455999999999998
9784101197,9784108647,323.6805640666732,0.0161704685825002
9784108647,9784101200,10.75451966358882,0.015122000112910561
9784108647,9784101184,312.92604440308435,0.036499140671666305
10801510408,10801510417,522.2155097145503,0.0067073290809328764
9784101208,9784108633,20.477871285717008,0.04103200217388234
9784101208,9784108652,292.4481731173673,0.032419288126312916
9784108633,9784108632,62.01350114791974,0.023114102989803428
9784108652,9784108651,387.3859713315953,0.007547867123904758
9784108652,9784108633,41.53562986220273,0.017922016071032908
9784108639,9784108652,199.01853465373236,0.007712643730580724
9784108639,9784101203,595.5933920734412,0.059957046881880596
9784108651,9784108631,370.5986514864144,0.007745771655035943
9784108651,1338457143,421.0618235615549,0.12185314371445655
9784126628,9784126634,285.6773152376799,0.024501750675643363
9784126633,9784126638,33.50367099467506,0.0075700053238613165
9784126633,2370340774,116.87742380780304,0.0932212406734494
9784126638,9784126639,105.91494963155033,0.0075862876179650564
9784126638,9784126628,285.3581929728318,0.015189007693772554
9784126644,9784126639,7.477673532361727,0.028338000049453433
9784126644,9784126649,2.963730041897949,0.03304000000076801
9784126639,9784126635,62.27555867465549,0.007630064055487449
9784126639,9784126649,51.11706448925654,0.017273035530842865
9784126649,4105357827,54.080794531154496,0.08714222458145532
9784143121,9784143128,543.8598932980464,0.062489843020286776
9784143142,9784143146,205.89389018113624,0.0066656070534708975
9784143141,9784143142,0.0,0.006669
9784143141,9784143121,425.57559165828314,0.030260128870135326
9784143146,9784143154,109.52850113665086,0.0066762894669738365
9784143146,3979578162,96.36538904448537,0.08051609184660398
9784143162,9784143147,109.52850113665086,0.0114784976785389
9784143154,9784143141,318.282848459482,0.005879121693495728
9784143154,9784143162,109.52850113665086,0.018880818624395754
9784143151,9784143141,0.0,0.016187
9784143151,9784143121,118.28430163976314,0.039957356425372216
9784499507,9784527849,382.77529208986755,0.03575879082538211
9784527849,9784499499,117.26478237288619,0.04154836686637134
9784527880,9784527903,222.35461372745954,0.005258870182244021
9784527880,9784527896,30.581808183479897,0.05025801324438988
9784527853,9784527920,382.77529208986755,0.02809252637333067
9784527920,9784527919,377.52294535943815,0.005119138280602013
9784527920,9784527880,237.01349302949512,0.13207044672724513
9784527927,9784527921,231.76114629906579,0.020818080064302157
9784527927,9784527932,117.26478237288619,0.02831661309924673
9784527903,9784527818,214.60598330892296,0.15748557840812666
9784527903,9784527919,84.21667209999204,0.13525504980866718
9784527919,9784527922,461.73961745943024,0.005168830906851277
9784527922,9784527921,0.0,0.0050869999999999995
9784527922,9784527864,461.73961745943024,0.04535271519367054
9784527921,9784527920,231.76114629906579,0.005154476554382505
9784527921,9784527932,0.0,0.017012
9784527932,9784527853,117.26478237288619,0.011061630142707684
9784646170,9784646180,543.8598932980464,0.04454704207291625
9784646170,9784646175,106.074673783458,0.027296041127775318
9784646180,9030532853,543.8598932980464,0.0966624524209675
9784646176,9784646180,0.0,0.020687
9784646188,9784655828,0.0,0.04791000000000001
9784646188,9784655856,118.28430163976314,0.02894570702980787
9784655828,9784655826,0.0,0.017342
9784655856,9784655857,118.28430163976314,0.00864450979704461
9784655856,9784655828,0.0,0.029943
9784655818,9784655819,108.25412119514559,0.009085696408334546
9784655818,9784655842,0.0,0.016297000000000002
9784655842,4016894943,0.0,0.08095799999999999
9784655833,9784655818,0.0,0.004693
9784655833,9784655822,0.0,0.020294000000000003
9784655822,9784655837,109.52850113665086,0.026516129830800962
9784655823,9784655818,108.25412119514559,0.016638275304949015
9784655823,9784655842,0.0,0.019177999999999997
9784655848,9784655857,0.0,0.016888999999999998
9784655848,9784655855,0.0,0.023241
9784655857,4016895630,0.0,0.008487
9784655857,9784655855,118.28430163976314,0.01240473155050224
9784655855,4016894944,118.28430163976314,0.07765657968071589
9784949147,9784949118,370.2343265701009,0.007382556222973478
9784949147,3984547307,336.8863917740055,0.040316786148952156
9784949141,9784949147,281.7366151316862,0.007471181778575832
9784949141,9784949127,419.38381689682296,0.06382334749459717
9784949163,9784949173,99.2951493967962,0.03148170807970021
10712670088,10712670087,0.0,0.019308
10801462890,10801510409,27.761490101962707,0.03623800648499175
10801462890,10801462904,191.52605817636078,0.041562842820239136
10801510409,10801510410,22.645535488702464,0.007767000615400434
10801510409,10801462904,132.15450589031227,0.017610997776176536
10801462904,10801510408,323.6805640666732,0.020584346486396937
10801510406,10801510409,424.2517871316129,0.007907445975907021
10801510406,10801462893,528.1467480957268,0.10045389146620073
10801510417,10801510410,522.2155097145503,0.026515821594948776
10801510417,10801510425,0.0,0.030126000000000003
10801510410,10801510425,47.91358586702452,0.021936034831024718
10801510410,10801510405,453.13763104469024,0.007935453238685525
10801510425,3982463149,47.91358586702452,0.09348814844469543
865549575,865549742,195.01524510942164,2.1475020929173776
865549575,2634400797,0.0,4.479963
865549575,1334565418,321.7125968713757,7.537581216241575
865549742,3031023103,100.46774392753335,7.356505262038339
865549742,865549575,321.7125968713757,2.2427571293548416
865549742,1334565544,243.58696070408723,9.141849980275218
2634400797,865549575,0.0,4.479963000000001
1334565418,3984824680,349.53857449425027,6.108414378352293
1334565418,865549575,195.01524510942164,7.217442863316156
1334565418,9770768344,447.65256701083814,19.778595974105716
3031023103,3982837980,275.5387719880901,8.990225023721896
3031023103,3978840923,412.5050562933902,1.0344707589916653
3031023103,865549742,355.44120563813016,7.918642610533606
1334565544,3982816392,562.0290271321069,0.49251695002186946
1334565544,1334565161,620.8661284476249,11.375929502098131
1334565544,865549742,115.31085075544426,8.87717631446675
865589486,3984508658,309.04499014261665,2.345596316894839
865589486,1880751300,648.275380609266,0.06810364565484213
865589486,4045620602,556.3438135061472,0.6818280842037536
3984508658,865589486,201.38422961707707,2.2646129468127727
3984508658,3410701291,447.66102252980926,1.1183602983061232
3984508658,4043580004,475.3593800564599,5.17089518436662
1880751300,3097371617,648.275380609266,4.491052065178993
1880751300,865589486,504.26851004767923,0.04825100832261872
4045620602,865589486,693.8120524642104,0.987433779677398
4045620602,4045640072,611.1591089108811,0.6983696549697949
4045620602,3982816392,706.3214083469453,8.75697835426314
865589509,3984547307,293.18691319147536,2.615802493492944
865589509,4045640072,767.1284933069704,1.9895347695234626
865589509,4091044900,453.5885659717301,2.5764140526700374
3984547307,865589509,336.8863917740055,2.736150192507799
4045640072,3410701712,496.97780222514217,2.093188856944438
4045640072,4045620602,881.7430717002833,1.6342261649126866
4045640072,865589509,746.7754791632055,1.862652673264833
4091044900,865589509,430.2421015329648,2.493225132287298
976675651,976675719,0.0,0.7779469999999999
976675651,976675664,492.15672765045605,2.0102253239497694
976675651,1334516738,422.1007628899876,1.1579493985359144
976675719,976675651,2.1691594238748504,0.7779470001538142
976675719,976675679,87.91230708002381,0.2830879279627384
976675719,1334516840,20.777859316413505,0.9001544983069528
976675664,976675651,422.1007628899876,1.8068319236052803
976675664,976675679,700.706827460894,2.0330990983802635
976675664,976675665,1190.8332330219425,1.1588708096871179
1334516738,1334516858,218.0215591652697,1.0722295660048013
1334516738,976675651,489.98756822658123,1.2833243585215373
1334516738,3999647774,771.9167599229216,0.3586496232920901
976675679,976675719,20.777859316413505,0.28293747094935445
976675679,976675664,748.634811099781,2.216890288383886
976675679,1331315906,679.9289681444805,0.9141588453006044
976675665,3988608601,579.7528470280154,0.7637135962913011
976675665,3982887220,820.672457497538,3.5492170023833522
976675665,976675664,1039.8796094430259,0.7805073522398198
3988608601,976675665,643.295009093075,0.9615854946266179
3988608601,3992662851,356.49093505679696,1.7943505099679122
3988608601,3992634306,494.5483622915435,0.5074371102574136
3982887220,3992715510,1137.854254042808,2.6883952173979244
3982887220,976675665,951.081577179005,4.817347817048799
3982887220,3423433532,377.450517042947,4.961860750923603
1331315906,1330605009,274.96589046494125,0.8324268769695863
1331315906,976675679,660.7225040197573,0.8870537954732016
1331315906,1334516823,535.5844919908762,0.10378299203086797
1334516840,1334516858,40.916180416543426,0.015387385137271635
1334516840,1334516823,101.65943400184759,0.4997722446307338
1334516840,976675719,90.08146650389865,0.9006823456887177
1067571010,1067571026,347.4297483589067,0.07716466422135927
1067571010,1331315698,912.4636695586616,0.3309846117004979
1067571026,1067571010,904.4664149559289,0.16404528722916142
1067571026,1067571031,287.50066743799624,0.08417846606433599
1331315698,3029651126,160.47192600939425,0.01469853407984505
1331315698,1073220447,762.2699993928913,0.27412812252603475
1331315698,1067571010,347.4297483589067,0.15272718031875684
1067571015,3992697239,467.56688335345206,0.851641046350108
3992697239,1067571015,709.0128850811255,1.5353559880423109
1067571031,1067571056,287.50066743799624,0.25486726249805924
1067571031,1067571026,912.9362179702135,0.1850998916866147
1067571056,1067571031,709.0128850811255,0.5473153587204701
1070584116,2916319151,292.59081700882246,3.8640641828161724
1070584116,3980689115,397.701126304449,0.5411814363845989
1070584116,9771229436,708.1327404988015,10.757820331718255
2916319151,1070584116,191.5747442518413,3.670315425033625
2916319151,1392550038,527.3723292462597,1.0269325861899041
2916319151,3982994352,292.59081700882246,0.3074742104174004
3980689115,1070584116,516.5579962469601,0.5834079248050988
9771229436,1070584116,690.2919433132714,10.43706718577604
1073220447,1331315698,347.4297483589067,0.17621885668437465
1073220659,1875985673,1261.007257431509,0.20833564003052504
1875985673,1875985777,487.8852476133793,1.901282965070317
1875985673,3980634482,773.1220098181296,1.9434178298727043
1875985673,1073220659,1260.9260740609666,0.20829181897844223
1073264921,3029855824,0.0,1.400668
1073264921,2916398205,30.581808183479897,0.5140181673216787
1073264921,9784527896,76.46804168145559,0.4521135057645784
3029855824,1073264921,0.0,1.4006679999999998
2916398205,1073264921,76.46804168145559,0.5141007209092258
9784527896,1073264921,30.581808183479897,0.4520409059988879
1330604921,1330604939,55.3983349322127,1.7244210356901672
1330604921,1335060980,6.569492719957854,0.9140740152051235
1330604939,9784060897,0.0,0.47230499999999986
1330604939,1330605408,55.3983349322127,1.0333039079780078
1330604939,1330604921,0.0,1.724276
1335060980,1330604921,390.82441559717324,1.0181470711022864
1335060980,3988880743,0.0,1.461699
9784060897,1330604939,0.0,0.47230500000000003
1330605408,3988759017,103.88723958456744,0.8728680414698937
1330605408,1330604939,0.0,1.0332169999999996
1330605408,1335987976,0.0,0.409611
1330605009,1330605639,226.21934052719166,0.0661689331223171
1330605009,1331315906,297.68602284590503,0.8407708133125325
1330605566,1334516810,727.9884286674553,0.24915503991259644
1330605639,3416239363,0.0,0.058256
1330605639,1330605009,724.1759736253807,0.15197558517259996
1330605639,1330605665,678.5167219748787,2.4512490543827266
3989846958,3988880744,654.0502469535239,0.6147283162138035
1330605260,3980386435,332.14980094520206,0.43218162593650794
1330605260,3988788460,411.220347972515,0.36999776120354605
1330605260,2370355022,588.7257886165532,2.203704293919701
3980386435,1330605260,346.50887795757274,0.4365998134025032
3988788460,1330605260,411.5102696255104,0.37012430288481896
2370355022,1330605641,990.1181177218643,3.0330518380419385
2370355022,1330605260,574.0767899511874,2.1262215029635594
2370355022,3992662851,349.45216808673456,0.4156428603492978
3988759017,3988769037,0.0,0.5386539999999999
3988759017,1330605408,441.1336227144549,1.1668502620748449
3988759017,3988759010,103.88723958456744,0.05347356709673799
1335987976,1330605408,352.44020341888654,0.46605199221535215
1335987976,3988859211,40.82359097562519,0.7034944187605294
1335987976,3988759010,326.01749257796445,0.8725055870163481
1330605474,9784010390,342.04432592701977,1.063895597828648
9784010390,1330605474,340.20583887370515,1.0624911421705148
1334516810,1330605566,630.9272952411859,0.18669884152741428
3416239363,1330605639,588.8102293635294,0.09201084705500624
1330605665,3988769037,0.39283148711500326,2.046012000000435
1330605665,1330605639,587.6631257095381,1.9095140408601712
1330605665,7635344825,620.9263002645134,3.0909873500344367
1330605641,2370355022,959.02191068949,2.734122982401973
3988769037,3408966780,0.39283148711500326,0.39537900000008414
3988769037,3988759017,0.0,0.5386540000000001
3988769037,1330605665,174.89422040506335,2.063107872263423
7635344825,1330605665,449.86716613837234,2.1562078917466607
1331315653,3089395032,0.0,1.129162
3089395032,1331315653,0.0,1.129162
3029651126,1331315698,10.278255843623905,0.014612001456359573
1334516823,1334516840,20.138321100129932,0.4992967333856161
1334516823,1331315906,736.3720433810778,0.13763556808785424
1334516823,9074525746,515.4461708907462,0.5648231512248156
1334516858,1334516840,191.74090050574625,0.015572735218287413
1334516858,1334516738,266.0072450260394,1.0980186524083781
1334516858,1338457101,47.57902869798403,0.6631343476587018
3999647774,3097374451,614.0271713168778,2.282560203719769
3999647774,1334516738,750.0812242328066,0.3341013518022209
3999647774,4008989102,548.3028405594816,1.444269593847818
9074525746,1334516823,634.7126093792303,0.6460813094553226
1338457101,1334516858,246.3894346479565,0.6849288480051623
1334565161,1334565544,465.59719798636974,8.129754386643171
1334565161,1837352264,116.20320555079492,0.2945406605701961
1334565161,1336000140,4.484790737908718,0.5014620009779145
1837352264,1334565161,160.9711625858319,0.29523446739795606
1837352264,1334565617,284.0070149390065,0.1814403811738906
1837352264,1336000140,169.28295915681872,0.6452547727672853
1336000140,1334565161,197.44804606974088,0.5051360366759002
1336000140,9783820471,202.71589472832818,5.310727322204859
1336000140,1837352264,167.80380938821173,0.6450927206643258
3984824680,1334565418,241.0286619864043,5.791083570157377
3984824680,1334565617,436.70711648930967,6.658625186091101
3984824680,1335060887,0.0,1.0233519999999998
9770768344,1334565418,429.46512775673034,19.288207532131185
3982816392,3982820563,429.4085244033672,2.0968725902557868
3982816392,1334565544,589.0218476447187,0.5255315477400564
3982816392,4045620602,575.789533770432,6.090059027405293
1334565566,4141357247,502.9795652699057,1.5298648644001636
4141357247,3982826871,0.0,0.289102
4141357247,1334565566,472.3913557605649,1.4063679285119084
4141357247,3982820591,476.443459713964,1.438312755285668
1334565617,1837352264,330.2541217426507,0.18601110760567766
1334565617,3984824680,439.63376800591556,6.685520962445196
1334565617,1336000150,185.8768562530628,3.8733822275467173
1336000150,4020011665,167.0609890581548,13.338607307844303
1336000150,1334565617,307.80342056999785,4.017863704611728
1336000150,1392107193,18.815867194908037,7.649762562994834
1335060887,3984824680,0.0,1.023352
3988880743,1335060980,332.7146811653889,1.6216647714050587
1335061003,3989680428,515.739573098784,2.8069656864816195
3989680428,1335061003,43.58373040602955,2.0931494069561363
3988859211,1335987976,326.01749257796445,0.7417950351771967
3988759010,1335987976,393.26379439451176,0.9228495514835922
3988759010,3988788459,411.5102696255104,0.6391847542527789
3988759010,3988759017,441.1336227144549,0.07148348068263839
9783820471,1336000140,404.72277089291936,5.9491752077009314
4020011665,1336000150,259.88983470297325,13.5809462544491
1392107193,1392107009,0.0,1.5413189999999999
1392107193,3982463149,499.2609041826497,0.07255917104361152
1392107193,1336000150,47.91358586702452,7.650114050505152
1338456844,3097383808,357.03178815342176,0.3931101664942491
1338456844,4043580004,532.4072548235577,0.19839231351825248
1338456844,4031800308,653.4744092044216,0.37414095103534806
3097383808,1338456844,369.061449971594,0.3971575741450162
3097383808,3097383794,368.89769498769965,0.18268952163545912
3097383808,4031800308,0.0,3.4162000000000012
4043580004,1338456844,515.2869972483334,0.19160430752272964
4043580004,7934673746,121.61328187686848,1.9107706534500317
4043580004,3984508658,415.9531190841433,4.500854242791223
4031800308,3097383808,0.0,3.4162000000000012
4031800308,1338457008,830.3784111868551,2.6793133394091497
4031800308,1338456844,745.8597196734288,0.4376228111752168
1338456889,1338457094,256.1118664151588,2.665054666369942
1338456889,4003122284,279.64473941510244,0.6458923754138388
1338456889,3410725727,128.49133055129178,0.28412184106724986
1338457094,3410725815,302.39912901653594,2.6759689307900723
1338457094,1338457019,478.98563175153924,0.5827909336271513
1338457094,1338456889,414.67855206252597,2.9830653725945457
4003122284,3410725727,311.58870480413884,0.3919754624045212
4003122284,1338456889,103.82236986530911,0.6277483988103693
4003122284,1338457135,551.98423395896,2.2053334236267825
3410725727,3414299966,440.0800353554306,0.07584574295669055
3410725727,4003122284,126.18058894700349,0.3623594817711921
3410725727,1338456889,91.55037876522768,0.28384508797009184
1338456909,1338457022,837.5637449947046,0.04657262719822734
1338457022,1338456909,266.18934259921605,0.025150801059483707
1338457022,3410578516,837.5637449947046,0.6590185540097979
1338456932,3097401911,517.2573146573282,2.4439362936549234
3097401911,3097401999,86.48896249874144,1.2906886567419407
3097401911,1338456985,157.10683280406792,0.5283872237838193
3097401911,1338456932,190.88612727830503,1.8285727519741517
1338456950,1338824491,802.2739365243332,0.8619131813079822
1338456950,1338457135,660.5576090421796,5.580811849976561
1338456950,3999732216,178.0867857719906,0.6991194291844898
1338824491,3410701291,494.38776894219535,3.383391535334299
1338824491,1338456950,365.6525138003893,0.3123712436245765
1338824491,1338456985,378.31771256377374,4.91054947858113
1338457135,3410725815,0.0,3.8212409999999988
1338457135,4003122284,660.5576090421796,2.921805253149039
1338457135,1338456950,551.98423395896,4.212310485259416
3999732216,1338456950,728.9929135271224,1.6429380451306979
1338456985,3097401999,232.39262455519983,0.7605520532504654
1338456985,3097401911,180.66847213902935,0.5295458413297666
1338456985,1338824491,156.24828592916276,4.173236802945507
3097401999,3097383794,382.8747126659966,2.7212670941691055
3097401999,1338456985,297.8347366067256,0.7784555940174867
3097401999,3097401911,0.0,1.2900440000000002
1338457008,7493203324,0.0,2.0356629999999996
1338457008,3410586942,780.961538902355,1.0503639898790256
1338457008,4031800308,875.6559691756886,2.9684776513654207
7493203324,1338457008,0.0,2.035662999999999
3410586942,3410578516,966.8502286623788,0.8997054882226349
3410586942,1338457008,830.9260982537312,1.167528822542459
3410586942,3410586928,523.664944461421,0.7028058341856106
1338457019,1338457250,493.55094236215854,3.647778898523515
1338457019,2916340037,0.0,0.23796299999999998
1338457019,1338457094,591.1120891105219,0.738420110612159
1338457250,1338457086,404.27450371637406,0.45194303100267574
1338457250,1338462710,0.0,0.9805380000000002
1338457250,1338457019,609.5214995791932,5.323282169519318
2916340037,1338457019,0.0,0.23796299999999998
3410578516,1338457022,999.9520318349607,0.9749566313617085
3410578516,3410586942,893.2275999688854,0.7515303918897593
3410578516,3410586927,178.73223392450635,0.3285330976102266
1338457086,9784108632,404.27450371637406,5.149059090487627
1338457086,1338457250,62.01350114791974,0.40041554427856585
1338457086,2898828154,0.0,4.782100999999998
9784108632,1338457086,62.01350114791974,4.5619982095218825
2898828154,1338457086,0.0,4.782101
3410725815,1338457094,381.49351368923755,2.9610268705992353
3410725815,4173430717,302.39912901653594,6.529967516391973
3410725815,1338457135,0.0,3.8212409999999988
1338457143,9783820461,421.0618235615549,3.870412728244093
9783820461,1338457143,424.01327524075896,3.884843042350765
1338462710,1338457250,0.0,0.980538
1338457281,3414299966,232.75921413191125,3.0611799551426917
1338457281,9784949127,425.38410321242003,3.992959696764006
1338457281,9098857474,688.786993893786,0.7229439510665108
3414299966,3410725727,217.73096771223106,0.06492786717965408
3414299966,1338457281,463.2240157727832,3.688426823044281
3414299966,3410701712,555.0611020104443,8.981376960388157
9784949127,1338457281,419.38381689682296,3.962890881020387
9098857474,1338457281,464.32247856851103,0.4244247588321463
3410701291,3984508658,498.45150953533164,1.2157806920548293
3410701291,1338824491,283.2786375907892,2.708437987795732
3410701291,3410701712,570.1269153626199,1.4014648033822175
1392107009,1392107193,480.4450369877418,1.937197098311974
1392107018,3982530847,455.32635966753435,0.8220848433220941
3982530847,1392107018,116.87742380780304,0.6815985687005834
3982463149,1392107193,47.91358586702452,0.05583741854492792
1392550038,2916319151,0.0,0.748016
3409128252,9098857403,539.975927406463,23.732538535410175
1837433732,9784527820,274.89204324409235,2.814001141679281
1837433732,3992715510,317.8713377797257,0.5122573056866604
1837433732,2916373220,151.18244225507945,0.30236710566160163
1837433732,2370546617,0.0,0.18819
9784527820,9784499499,274.89204324409235,0.08830352758713848
9784527820,1837433732,266.9908688013245,2.8057008013129345
3992715510,1837433732,409.8709198613748,0.5546501048544666
3992715510,3982887220,1172.2247349666036,2.9423561791401416
3992715510,3029654294,928.530632857929,1.0332631422271656
3992715510,6019551932,110.77279387409882,0.09417430364014305
2916373220,2916379851,172.8411220512474,0.12367895228598345
2916373220,1837433732,67.08403461619831,0.301017434101748
2370546617,1837433732,0.0,0.18819
1837501338,3097356289,633.2304087659188,12.554416098845476
1837501338,4126284489,593.2804983463618,4.363942226306574
1837501338,1915033722,0.7698000522821021,13.434632000022749
3097356289,1837501338,584.7262869833879,11.058154746683412
3097356289,9098857403,12.708688571029512,0.03829100481497188
4126284489,1837501338,372.67801166592204,2.98627516414357
1915033722,1907455564,10.502494172877299,7.804622848013812
1915033722,3980734217,18.466657324179643,24.749074874137186
1915033722,1837501338,269.8764085152527,13.778173778913347
1837501367,9784143128,205.89389018113624,0.18858568504170486
9784143128,1837501367,543.8598932980464,0.2658165753813743
1837501419,3986867504,518.776965847968,0.008294597876629683
1837501419,3982994352,718.9470734981011,0.059203960307382564
3986867504,3982994351,515.9107811610469,0.028313728935051782
3986867504,1837501419,455.84100950287495,0.0074276215076626885
3982994352,2916319151,718.9470734981011,0.6794647965377396
3982994352,1837501419,174.5992739197148,0.025992925174054472
1837501498,3031023056,345.08507720784644,0.945507763897618
3031023056,1875985777,0.0,1.2626669999999998
3031023056,9784527818,345.08507720784644,2.0443229778932346
3031023056,1837501498,302.08172524255616,0.9205344507112173
1875985777,1875985673,515.9107811610469,2.0033928521126976
1875985777,3031023056,0.0,1.262667
1875985777,3982994351,487.8852476133793,1.2794367491577623
3980634482,1875985673,745.0152928999204,1.8399769889217026
3982994351,3986867504,352.21070171948145,0.022671706021241276
3982994351,1875985777,515.9107811610469,1.348149899348711
1876012646,4024115730,14.513361114143748,0.4718590369317994
1876012646,3526691077,6.043955959556219,0.14975000096326568
4024115730,1876012646,6.043955959556219,1.024972012214577
4024115730,10712670087,14.513361114143748,0.9263772725063567
3526691077,1876012646,14.513361114143748,0.14975003202822962
1876012697,3526691045,159.3610327285976,2.72303741617217
3526691045,1876012697,130.19549043363543,2.7143904326558057
1876012739,3526691405,487.03354419798075,2.5372340782212
3526691405,1876012739,490.34228769539936,2.543523362664135
1877378924,3097356292,104.68089318379066,11.623035066602542
3097356292,1877378924,201.5917116889255,11.708792106621775
1880725026,3097417754,0.0,4.840491
3097417754,1908801649,0.0,0.048287
3097417754,3097418337,54.78634374303445,1.762780818831658
3097417754,1880725026,0.0,4.840491000000001
3097371617,1880751300,504.26851004767923,2.7487854226936634
3097371617,7934673746,501.5632213778026,0.15677913865825413
1907455214,1907455564,103.58881030238612,2.163270093903223
1907455214,1910224621,333.98562466995355,5.776211659773134
1907455214,4023640212,0.0,2.293635
1907455564,9009545450,111.92301610171035,3.8229776489463054
1907455564,1907455214,333.98562466995355,2.291750580480222
1907455564,1915033722,288.3430658394325,8.28642686072079
1910224621,1907455214,103.58881030238612,5.452384760397433
1910224621,3979578162,318.282848459482,2.95418833145284
1910224621,1910280487,12.39263013228721,1.0515352214924565
4023640212,1907455214,0.0,2.293635
9009545450,1907456364,0.0,0.12598199999999998
9009545450,1907455564,620.160402135833,6.543940558020379
9009545450,1907456566,0.0,0.6271129999999998
1907456364,9009545450,0.0,0.125982
1907456364,3366355160,0.0,4.336390999999998
1907456364,1907456566,0.0,0.46709399999999995
3366355160,1907456364,0.0,4.336390999999999
3366355160,1910227680,0.0,2.8936749999999987
3366355160,4007638755,0.0,7.984453999999993
1907456566,9009545450,0.0,0.6271129999999997
1907456566,4016945029,0.0,38.00631799999987
1907456566,1907456364,0.0,0.46709399999999995
4016945029,1910280487,0.0,0.03134
4016945029,1910224549,10.030180444617537,0.057655002812976204
4016945029,1907456566,0.0,38.00631799999997
1908801649,3097417754,0.0,0.048287
1908801649,9783883951,518.0364520397899,1.5400828734023515
1908801649,9783865799,663.5070546660074,1.6943138941363356
9783883951,1908801649,463.05418038209274,1.322098158012082
9783865799,1908801649,649.2056688590267,1.6046776811053733
1908801841,9784126634,3.1885205769402387,0.6462840005965701
9784126634,1908801841,0.0,0.6462839999999999
1908908911,9022270319,0.0,4.142918999999997
1908908911,2370325736,0.0,2.628096
1908908911,2370392279,0.0,8.630143
9022270319,1908908911,0.0,4.142919000000002
2370325736,3982483978,0.0,0.13728300000000002
2370325736,2887261923,0.5093325090162405,1.0026880000006027
2370325736,1908908911,0.0,2.6280960000000007
2370392279,10801462893,219.28754827832353,0.020791200383664485
2370392279,3982483979,528.1467480957268,6.926792279625353
2370392279,1908908911,0.0,8.630142999999999
1910224505,9784655837,108.25412119514559,0.2524452387220056
2867470429,1910280487,2.859372570024056,0.33611400020065546
9784655837,1910224505,109.52850113665086,0.2524600594516596
1910224549,2991903759,0.0,1.578834
1910224549,4016894943,10.030180444617537,0.5617570274080144
1910224549,4016945029,0.0,0.057655000000000005
2991903759,9784655826,0.0,1.8907189999999996
2991903759,2991897713,0.0,4.419190999999998
2991903759,1910224549,0.0,1.5788339999999996
4016894943,1910224549,0.0,0.5617570000000001
3979578162,1910224621,96.36538904448537,2.8161021628923395
1910280487,1910224621,2.859372570024056,1.051535000627752
1910280487,2867470429,2.362449687669674,0.3361140000935014
1910280487,4016945029,10.030180444617537,0.031340002832795553
1910227680,3366355160,0.0,2.893674999999997
3980734217,1915033722,9.732694120595198,24.749062070496166
1915033754,9783684667,0.0,1.8052939999999995
9783684667,1915033754,0.0,1.805294
3982483978,2370325736,0.5093325090162405,0.13728300000008253
2887261923,2370325736,0.0,1.0026880000000005
2370340774,3982530845,116.87742380780304,2.6661191040855825
3982530845,2370340774,455.8356921765506,3.218114379720872
3992662851,11180744356,0.0,0.5217930000000001
3992662851,3988608601,349.45216808673456,1.7770088127308412
3992662851,2370355022,356.49093505679696,0.41969908820325585
10801462893,2370392279,528.1467480957268,0.028274193058269333
3982483979,2370392279,219.28754827832353,5.093560972895404
2916348987,2916381747,0.0,0.237253
2916381747,2916348987,172.8411220512474,0.23914395536064445
3029654294,3992715510,693.9874052888371,0.6299759539744298
3029654294,3029654255,928.530632857929,0.23613831023427598
2916379851,2916373220,0.0,0.12270099999999999
2916398217,2916399036,30.581808183479897,0.0733453092553705
2916399036,2916398217,0.0,0.073345
2991897713,2991903759,0.0,4.419191000000001
9784655826,2991903759,0.0,1.8907190000000005
3029654255,3029654294,0.0,0.10216700000000001
9784527818,3031023056,302.08172524255616,1.990327104003603
9784527818,9784499507,345.08507720784644,0.20728310825247628
3982837980,3423433532,473.45261191284135,0.3245359952406179
3982837980,3982830357,781.2222282609321,2.0919615701441763
3982837980,3031023103,347.86377770383234,9.668214324905874
3978840923,3423460257,219.49833664763128,2.686497919346603
3978840923,3031023103,595.1535122882449,1.4567839609233508
9098857403,3409128252,15.492604839238975,16.83375767490534
9098857403,3097356289,423.64993708762063,0.04423692450786757
7934673746,4043580004,45.0867633293278,1.908796022547018
7934673746,9784949172,571.3595879378596,3.702421218154357
7934673746,3097371617,616.4559507066524,0.20376009299088593
3097374451,3423433532,615.4317014467563,0.30642815413370467
3097374451,3999647774,651.2017177015668,2.5285695499511887
3097374451,9784949173,195.995293002588,4.486923514206802
3423433532,3097374451,847.197010704155,0.6310163880246031
3423433532,3982887220,453.47914404277185,5.440996664095927
3423433532,3982837980,689.4840611686265,0.5458706788253204
9784949173,3097374451,1.404530129878408,4.428562000153912
3097378026,3097383794,0.0,1.4545039999999987
3097383794,3097383808,382.8747126659966,0.18509092404292252
3097383794,3097401999,368.89769498769965,2.68596089325688
3097383794,3097378026,0.0,1.4545039999999996
3097418337,3097417754,0.0,1.7626389999999996
4007638755,3366355160,0.0,7.984453999999998
3405629188,9783698738,508.99292675401597,0.9731600359281573
9783698738,3405629188,386.15555166844143,0.904264675104447
3408966780,3988769037,174.89422040506335,0.3986826702031266
3410586927,3410586928,523.7933701437416,0.3060491403656486
3410586927,3410578516,267.49789207126946,0.3404528137838583
3410586928,3410586927,523.664944461421,0.1628984389231793
3410586928,3410586942,523.7933701437416,0.7030829252916936
3410701712,3414299966,461.30515734887433,7.507004678465509
3410701712,4045640072,578.6672791006547,2.49183489502292
3410701712,3410701291,403.3144228627852,0.8914719885807342
4173430717,3999734167,305.29803617924586,0.26029817975299013
4173430717,9783826349,511.8045602530823,0.7605164518258661
4173430717,3410725815,381.49351368923755,7.225573158828896
3423460257,3978840923,102.4641600905708,2.6345278643979846
3423460257,9784527864,349.02592867195204,1.4040883145068994
9784527864,3423460257,461.73961745943024,1.5974755299030483
3526691079,9771229433,598.1176655814872,0.6606620838689141
3526691030,3526691226,387.3979805404642,4.804750581773162
3526691021,10712670084,467.96722250029586,2.6575669021580026
10712670084,3526691021,137.65266872308695,2.4518223180200898
10712670084,10712670087,6.043955959556219,0.031865000075009337
3526691226,3526691030,559.4037442376685,5.41944267926039
9771229433,3526691079,623.3672175652086,0.6825478000393123
3526691217,9784010378,876.0843219478813,0.0846594982765962
9784010378,3526691217,758.6563705127119,0.0657771933518289
3979618651,9030532853,311.9685639645941,3.730222179589483
9030532853,3979618651,543.8598932980464,5.07181682536539
3992634306,3988608601,565.1292913266655,0.6320257086447718
9783972302,3980687542,248.3899850679476,1.7119603044667118
3980687542,9783972302,262.1408999044107,1.7147068445242557
3982567564,4105357827,88.10553612782259,0.5215384492367303
4105357827,3982567564,54.080794531154496,0.5214084994103871
3982820563,3982817753,293.19128430931437,0.01668487964199825
3982820563,3982816392,665.1508874702231,3.5015247394716016
3982817753,3982820563,665.1508874702231,0.03131287981115988
3982817753,3982820591,293.19128430931437,0.015550678414934786
3982820591,4141357247,293.19128430931437,1.050027900032296
3982820591,3982817753,476.443459713964,0.021301090301370347
3982820577,3982824758,136.2172400940527,1.263290174009515
3982824758,3982824759,136.2172400940527,0.04103499180433176
3982824758,3982820577,188.707427756259,1.2689066205919277
3982824759,3982824758,188.707427756259,0.041217428780586665
3982824759,3982829760,226.68183143438904,1.2346815473321815
3982829760,3982824759,273.49973343402706,1.252047940759854
3982826871,4141357247,0.0,0.28910199999999997
3982830357,3982837980,634.8874859217166,1.3344228093187078
3988788459,3988759010,313.51065314295084,0.5877095796733737
3988880744,3989846958,558.8276005805691,0.48015621828961025
11180744356,11180744354,0.0,0.019687
11180744356,3992662851,0.0,0.5217930000000001
6019551932,3992715510,473.7709015528293,0.1169611957292132
4008989102,3999647774,493.42304473948315,1.2934253792238541
3999712034,8992756578,448.017793054379,0.7339158698250275
8992756578,3999712034,114.29358868152369,0.6150665295782326
3999732215,8982677490,375.0558626761699,0.7258061692870614
8982677490,3999732215,556.0875281857004,0.968040384625653
3999734167,4173430717,79.32139829383262,0.24164240087668973
4007324411,9784646155,543.8598932980464,1.4367339977241689
9784646155,4007324411,205.89389018113624,1.0193023696689494
9784949179,9784949176,748.810410283311,0.019583864358618846
9784949179,9784949163,644.9423791197753,0.09496201618464054
4016894944,9784143147,118.28430163976314,1.1956031454598042
9784143147,4016894944,109.52850113665086,1.1953046671133385
10712670087,10712670084,14.513361114143748,0.03186500249403273
10712670087,4024115730,6.043955959556219,0.9263772021806669
4173224932,9784949176,96.63953856029406,1.6140933589793962
9784949176,4173224932,255.38736554382783,1.646500508999551
9784949176,9784949179,96.63953856029406,0.00778827319670054
9783826349,4173430717,556.1932114691066,0.87457290385219
6019587427,9074525778,444.4446837841416,0.6346050319517881
9074525778,6019587427,336.9921480399813,0.5673458372738668
9784949172,9784949163,783.3639857139832,0.031086547015874537
9784949172,7934673746,609.7257987191688,4.075459383788999
9783826329,9783865789,831.999400355099,0.6418684182115645
9783865789,9783826329,645.7426344062847,0.3564688916563984
9784101190,9784101203,312.92604440308435,0.051000247160176974
9784101203,9784101190,595.5933920734412,0.07831632929902081
9784101197,10801510408,522.2155097145503,1.8614758180578341
10801510408,9784101197,323.6805640666732,1.228209594466326
9784499499,9784499507,274.89204324409235,0.052135640650746114
9784499499,9784527820,266.9908688013245,0.08804306239980564
9784499507,9784527818,87.47574193363297,0.19407476349241007
9784499507,9784499499,149.72608642843826,0.05086192094581379
9784527849,9784527853,382.77529208986755,0.058226392442055776
9784527853,9784527849,117.26478237288619,0.05281409707637811
9784949163,9784949179,748.810410283311,0.13025219380354097
9784949163,9784949172,580.2008051536515,0.017073914109610733
11180744354,11180744356,0.0,0.019687
