From,To,Demand,TT,Distance,Estimated?
442874,26384674,,0.548816693811075,614,No
442928,1803689295,,0.036776190476190476,28,No
26384674,264670999,,0.6852312131919905,283,No
26384674,534589,,0.500802513464991,557,No
1803689298,1803689295,,0.17303968253968252,42,No
1803689295,139470345,,0.8105369866284623,698,No
442936,15866840,,0.3126987373737374,264,No
15866840,1803689315,,0.6962167763157894,608,No
264670999,534589,,0.5562732049036778,2855,No
534589,534591,,1.062856644880174,306,No
534591,534626,,1.0792847732843136,544,No
8083440,534911,,0.03252708333333333,32,No
534626,534624,,0.2953142857142857,56,No
534626,534625,,0.24622903587443942,892,No
534608,30409417,,1.4899151599443672,719,No
30436919,30436908,,1.7306526574500767,1085,No
30409417,30409422,,0.1398441176470588,17,No
30409417,30403571,,0.20742127659574475,141,No
534624,534608,,1.6295499510284033,1021,No
534625,30436908,,0.03331426502534396,2762,No
534625,534624,,0.0676356,0,Yes
30436908,30436907,,0.0210204,0,Yes
30436908,534628,,0.36485399999999996,0,Yes
534628,534629,,0.2137992,0,Yes
534629,3595409680,,0.6275904,0,Yes
11769656,11388060175,,0.21644730848861282,161,No
3595409680,3855350,,0.016120370370370368,9,No
3595409680,7128283652,,0.0545530303030303,33,No
3160432771,30409397,,0.42989071038251375,122,No
30409405,30409419,,4.160293781094526,603,No
534736,140605768,,0.17521852770885027,403,No
534306820,2021890013,,0.6235104575163399,153,No
140605768,534324288,,0.267065,160,No
534329195,2021890013,,0.11195833333333333,22,No
534329195,534306820,,0.5002076771653542,254,No
534742,534770,,1.4778678970917227,447,No
534770,29138173,,0.1997034482758621,58,No
534743,534744,,0.09541886446886448,728,No
534744,534747,,0.04882236842105264,38,No
247994358,534742,,0.19405172413793104,58,No
534747,277692998,,0.07619871794871795,13,No
534747,2287846802,,0.36786472868217046,258,No
277692998,288154283,,0.06394791666666666,64,No
2287846802,29510418,,0.34741388888888886,48,No
2287846802,2287846804,,0.18289255319148937,47,No
534749,25235133,,0.0214416,0,Yes
534749,7095690293,,0.7331124000000001,0,Yes
25235133,25235132,,0.011443199999999999,0,Yes
25235133,534751,,0.6510636000000001,0,Yes
7095690293,7095690318,,0.0130896,0,Yes
534751,534754,,1.2807978222996514,574,No
29510455,25235132,,1.0374158469945352,549,No
534754,3098430373,,0.2776666666666667,130,No
3098430373,16574394,,0.04807058823529412,17,No
3098430373,2260849842,,0.6969268168168167,2220,No
534758,25873172,,0.16111333333333333,20,No
534758,2202559858,,1.1797053617571058,516,No
25873172,25873173,,0.013240624999999999,16,No
25873172,3100041009,,0.24817549668874173,151,No
2202559858,25873172,,1.2627535275080906,515,No
534769,546378258,,1.1795785256410258,468,No
534769,534770,,0.1564634870164282,629,No
546378258,247994363,,0.13402380952380952,28,No
546378258,290077155,,0.21811877104377106,198,No
29138173,1775338888,,0.7319201550387596,86,No
29138173,534773,,1.7586058429118772,522,No
534773,2544089666,,0.029646969696969696,22,No
534773,335716508,,0.28318773148148146,216,No
2544089666,2544089665,,0.07034880319148935,2632,No
2544089666,16574602,,0.03166231884057971,23,No
335716508,534799,,0.5020247999999999,0,Yes
534774,534804,,0.14779799999999998,0,Yes
244038933,534778,,0.08300160000000001,0,Yes
534804,18630111,,0.4858416,0,Yes
534804,16574613,,0.048369600000000006,0,Yes
534778,244038915,,0.03384705882352942,17,No
534778,30058360,,0.845795880149813,178,No
244038915,534787,,0.31337162162162163,148,No
244038915,244038942,,0.020503846153846154,13,No
30058360,30056676,,0.7922666666666668,618,No
30058360,30056684,,0.03166491228070176,19,No
534787,244038955,,0.1216943254817987,934,No
534787,244038923,,0.19070280373831777,107,No
244038955,244038925,,0.13665925925925926,36,No
244038955,2072816,,0.7314394366197183,284,No
244038923,244038955,,0.7678803030303031,77,No
534790,30261537,,0.05885438596491227,38,No
534790,30409389,,0.034262499999999994,24,No
30261537,30409389,,0.09507324185248713,1166,No
30409389,30409397,,0.07547438236412012,877,No
30409389,3160432771,,0.31097006622516554,755,No
534796,534790,,0.251551282051282,39,No
534796,3160432775,,0.24181785714285717,140,No
3160432775,534790,,0.19264881889763782,127,No
534799,1501721437,,0.046042382901318776,733,No
534799,11769597,,0.42494760000000004,0,Yes
1501721437,18630516,,0.010642800000000001,0,Yes
1501721437,2071676,,0.32097400000000004,0,Yes
11769597,3595409680,,0.021906,0,Yes
11769597,11769656,,0.6403751999999999,0,Yes
18630111,280008666,,0.08571491228070174,19,No
18630111,35711189,,1.601827012278308,733,No
16574613,534773,,0.2356102564102564,39,No
16574613,16574619,,0.31421777777777776,120,No
534806,280008531,,0.04842631578947369,19,No
534806,2287864441,,0.9527762135922329,206,No
280008531,18630070,,0.16704893267651885,203,No
280008531,31197353,,0.07135714285714284,42,No
2287864441,280221322,,0.20811540983606555,915,No
2287864441,24969587,,0.16194907407407408,36,No
24669567,976932104,,0.22506143790849673,51,No
1854526402,27318980,,0.11181041666666666,32,No
27318980,27318981,,0.16114074074074072,45,No
534908,534911,,0.16802723577235773,41,No
534911,534914,,0.2669923303834808,226,No
3853544,15511907,,0.6725445041816008,279,No
534914,442936,,0.605725560741605,2571,No
534914,15866840,,1.0634426455026456,2835,No
30409415,30409424,,0.22589497518610424,806,No
536575,30409422,,0.3891883950617284,135,No
30403571,10919767,,0.39934440000000004,0,Yes
30409422,30409424,,0.0139164,0,Yes
30409422,30409415,,0.0464628,0,Yes
536584,30587893,,0.9621252000000001,0,Yes
30587893,1619208224,,0.38671320000000003,0,Yes
536652,25479302,,1.7269474641483034,953,No
536652,18629762,,0.05793541666666666,24,No
25479302,18627237,,1.937326,975,No
25479302,28796755,,0.12665278538812783,730,No
18629762,264218470,,0.2299842222222222,150,No
18629762,264223496,,0.017261111111111112,15,No
25599929,2526224454,,0.9453919913419913,77,No
264218470,264223496,,0.9454843333333331,150,No
3899207524,309517759,,0.04856363636363637,11,No
536663,21527849,,0.12957380952380954,56,No
536663,536667,,2.2621815272062182,1458,No
21527849,2297622,,0.017625757575757576,11,No
21527849,21552197,,0.1372421052631579,57,No
21647397,2297615,,0.8128968013468012,99,No
21647058,1632149359,,0.8682558032786883,1525,No
536670,24945363,,0.021013333333333335,10,No
536670,2075220,,2.503068181818182,418,No
24945363,21660961,,0.015041666666666667,12,No
2075220,25096430,,0.11389523809523809,28,No
2075220,3869392962,,0.7108902647975077,856,No
344434421,10919786,,0.2158524,0,Yes
1630023963,311941598,,0.216768,0,Yes
3100041009,25873173,,0.17809440000000004,0,Yes
31296012,3148489413,,0.11860919999999998,0,Yes
536675,3148489416,,0.16829759999999996,0,Yes
3148489416,3148489413,,0.016715555555555556,15,No
3148489416,31296012,,0.1702248427672956,106,No
248219433,248219482,,0.4616169446297532,2998,No
2071674,518252065,,0.18065572916666664,96,No
518252065,29348253,,0.9039581632653062,196,No
11769758,3853550,,2.0699301740812386,1034,No
534316145,518252065,,0.17987752744078567,577,No
2071676,18178669,,0.6641290666666666,625,No
18178669,534743,,0.08568167128347184,722,No
18178669,534744,,0.06609885057471264,58,No
7101166877,16574525,,0.1821010548523207,79,No
2287857538,5824956622,,0.26999019607843133,34,No
2274921120,206133365,,2.503726387782204,1255,No
2072802,30151417,,3.3523901489117973,1455,No
316507154,316507156,,0.9975217888100867,423,No
30151417,30151418,,0.05344761904761905,21,No
2072807,1485594848,,0.028529999999999996,5,No
2072807,1485594778,,0.2677647186147186,77,No
1485594848,159725096,,0.03345185185185185,18,No
1485594848,11007703,,2.4388609609609606,333,No
1485594778,1485594848,,0.08388959999999998,0,Yes
2072816,244038925,,0.35436960000000006,0,Yes
244038925,244038942,,0.1727076,0,Yes
2075215,25755498,,0.0180276,0,Yes
2075215,2039066667,,3.2680427999999995,0,Yes
25755498,25755497,,0.01662820512820513,13,No
25755498,25755500,,0.04827125000000001,40,No
2039066667,25755506,,3.5661610908538433,2194,No
25096430,25096432,,0.0667938596491228,19,No
25096430,10919799,,0.5544665480427047,281,No
3869392962,25096430,,1.0344580223880595,268,No
21540856,21647397,,0.33233140425531915,1175,No
2297619,3790101104,,3.2448401266255984,974,No
3790101104,21552197,,1.201069306930693,101,No
3790101104,21527849,,0.8676481927710841,83,No
2297622,21552199,,0.037690666666666664,25,No
2297622,21527762,,0.09984181818181818,55,No
21552199,21552200,,0.24633244680851066,188,No
21527762,536663,,0.03285151515151515,11,No
21527762,3146686054,,0.6313742222222221,225,No
3411653,113794494,,0.23773531746031742,462,No
26165869,262185367,,0.15517021276595744,47,No
113794494,15618026,,0.12112011494252872,435,No
113794494,26291274,,0.9687160000000001,175,No
3411658,15618078,,0.33491056910569106,123,No
3411658,25622663,,0.1049628,0,Yes
15618078,3030258471,,0.37791600000000003,0,Yes
15618078,25622151,,0.029820000000000003,0,Yes
25622663,25622670,,0.44436960000000003,0,Yes
15511907,2071674,,1.3628680000000002,0,Yes
3853550,3564765835,,0.9788478557504873,342,No
3855350,11769597,,0.13234782608695653,23,No
3855350,1501721437,,0.6173473102785783,347,No
9100179,3137684026,,1.805207896924356,802,No
3137684031,3137684026,,0.7301700081499591,409,No
3137684026,3137684031,,0.795917808219178,146,No
9100190,9982673425,,0.06915087719298245,38,No
9982673432,2970916246,,0.522,36,No
9982673425,9100190,,0.06802982456140351,38,No
10919218,8224298741,,0.0449423076923077,13,No
8224298741,346633166,,0.11503837667454689,423,No
8224298741,346633485,,0.1609833333333333,90,No
10919223,11008027,,1.1010902654867258,452,No
25740441,25740442,,0.18138159722222222,96,No
11008027,2075215,,0.013856249999999999,16,No
11008027,11008006,,0.3174653530377668,203,No
86684589,3121844724,,0.10322558139534883,43,No
10919237,10919235,,0.1927019851116625,806,No
10919237,10919238,,0.20495380894800483,827,No
10919238,10049596107,,0.4358231770833333,64,No
10049596107,10919237,,0.011595600000000001,0,Yes
3073762517,3877390797,,0.02949,0,Yes
10919767,536575,,0.3978828,0,Yes
126667225,18178749,,0.11205479999999998,0,Yes
126667225,31271217,,0.0346476,0,Yes
3151457278,18178797,,1.1358666666666666,213,No
2262218571,18178769,,0.7192965491923641,227,No
3147805129,2262248282,,0.07074054054054055,37,No
10919786,536663,,1.0467601351351352,222,No
10919786,3146686054,,0.022625,16,No
3146686054,21552195,,0.022712500000000004,16,No
3146686054,21527733,,0.21304694189602447,109,No
10919799,15613225,,0.016018181818181817,11,No
10919799,1952603929,,0.9182962962962963,378,No
15613225,1698611463,,0.3514042870934653,16573,No
15613225,15613290,,0.014665358434375666,6268,No
1952603929,15613225,,1.349410142984808,373,No
10940911,773684928,,1.514934636983554,2493,No
773684928,4186859645,,0.40478000642260753,12975,No
773684928,1758438692,,0.744742829374876,23494,No
10941033,26910102,,0.841293348623853,436,No
10941033,10940911,,0.11577492753623188,230,No
26910102,12262641,,0.02589074074074074,18,No
26910102,26910582,,0.33113796909492277,302,No
3324432562,25621845,,1.3354041280435056,2697,No
11004892,3780365870,,1.3479410000000003,0,Yes
3780365870,3879014011,,1.3036169999999998,0,Yes
7260653744,2272203032,,0.1318236,0,Yes
11005259,1762496623,,0.08501520000000001,0,Yes
1762496623,433065573,,0.7989683999999999,0,Yes
11005798,25600624,,1.2021659751037344,241,No
312068888,312068717,,0.15164537835249045,1392,No
11007218,95145062,,2.416486041666667,240,No
95145062,159729140,,0.23172916666666665,36,No
95145062,1670657170,,0.8145470037453184,445,No
11007703,344624368,,3.3706862946089595,439,No
344624368,344625887,,0.09455000000000002,36,No
344624368,99089590,,0.2082089285714286,28,No
95145069,159725096,,1.14084251497006,334,No
11008006,2075215,,1.0683194719471947,202,No
11068788,828163530,,0.016392708333333332,16,No
11068788,25621138,,0.2381673913043478,23,No
828163530,4862265262,,0.8170445921985817,752,No
25621138,773660261,,0.1469508333333333,20,No
25621138,25621140,,0.5890848708487084,271,No
203786445,415524744,,0.26911999999999997,50,No
2970916246,9982673432,,0.25706666666666667,36,No
3183738525,11070793,,0.21450418502202642,227,No
2241122861,2241123813,,0.3676462585034014,245,No
81580487,81580494,,0.28272950819672127,61,No
3137621725,28238725,,0.23856719999999998,0,Yes
2078553223,85748936,,0.06947800000000001,0,Yes
1587510067,3239504185,,0.1023408,0,Yes
9946740207,9946740209,,0.0629556,0,Yes
11768081,376974958,,0.1901652,0,Yes
376974958,30788689,,0.1993391891891892,37,No
376974958,288155029,,0.26581362799263347,181,No
11388060175,11769758,,0.758476236183828,573,No
11388060175,29348253,,0.047205555555555556,36,No
3121547154,534324289,,0.554025641025641,65,No
12262630,26910582,,0.02323,20,No
12262630,12262641,,0.4332856666666667,300,No
26910582,26910090,,0.015,16,No
26910582,656211460,,0.5167560697518444,497,No
12262641,12262886,,0.012245614035087721,19,No
12262641,248219548,,0.7635262264150942,1060,No
12262886,26910102,,0.014822222222222223,12,No
12262886,839865307,,0.033264197530864195,27,No
248219548,211626783,,0.37937954365507803,4631,No
248219548,248219582,,0.13283071161048687,178,No
839865307,10940911,,0.31337966824205354,35970,No
12961684,784730663,,0.6120390070921986,188,No
64804962,33477280,,2.1498306874999997,800,No
784730663,12961684,,0.4615911176905996,1351,No
15017262,1363071246,,0.034695833333333335,24,No
15017262,15017430,,1.5051419999999995,0,Yes
1065689955,1363071255,,0.035685600000000005,0,Yes
1698611463,25272054,,1.3540085999999998,0,Yes
15613290,10919799,,0.011192,0,Yes
15613290,15613314,,0.23566,0,Yes
15613314,15613331,,0.19549411764705882,51,No
15613314,25096432,,0.47414249999999997,40,No
15613331,15613353,,1.4487353035143768,313,No
25096432,15613331,,0.21680476190476192,42,No
25096432,24945369,,0.04214310344827586,29,No
15613353,2338426490,,0.32944822006472496,206,No
15613353,26730552,,0.16621296296296295,36,No
2338426490,15613573,,0.2341327485380117,399,No
26730552,3025700050,,0.25329,50,No
15613573,1629974641,,1.3639018621179815,2345,No
1629974641,15866451,,0.433863309352518,417,No
1629974641,25269438,,0.5826151530787754,969,No
15614141,12262630,,0.37934565629886,21959,No
15614141,10941037,,0.11629859882005898,226,No
15618026,24973521,,0.06832896070975919,526,No
15618026,282973002,,2.8030449162679427,836,No
24973521,113794494,,0.04363181818181819,11,No
24973521,3411653,,0.5784594594594594,74,No
282973002,24969633,,0.08280277777777778,30,No
282973002,1516305879,,0.20277962962962964,54,No
3030258471,25622151,,0.40212359999999997,0,Yes
25622151,26291114,,0.33615359999999994,0,Yes
15866433,25269437,,0.188047,0,Yes
15866433,15866451,,0.6408045,0,Yes
25269437,25096273,,1.4923026000000001,0,Yes
15866451,903673001,,1.8209443890274313,1203,No
1803689315,1803689298,,0.05691215739793017,2931,No
1803689315,442928,,0.033468181818181814,22,No
16573458,3840043618,,0.7236578408195429,423,No
16573467,16573472,,0.43622750677506783,246,No
3840043618,16573467,,0.7740540557667935,2630,No
16573472,25622670,,0.05642416340721425,767,No
16573472,16573581,,0.5291764201500537,311,No
25622670,16573458,,0.6759291834002678,249,No
16573581,15618078,,0.06633484848484848,44,No
16573581,25622663,,0.30283224354418375,1407,No
16573543,3846282157,,0.33643174603174597,105,No
3846282157,16573527,,0.24092083333333333,60,No
3844764355,3844764341,,0.23914604316546764,556,No
16574244,26165880,,0.03639166666666667,12,No
16574244,3861801989,,0.5346666666666666,116,No
26165880,262185376,,0.5789943415637859,162,No
3861801989,26165886,,0.09344066666666666,25,No
3861801989,2260731086,,0.6469161246612466,1968,No
16574394,29510455,,3.2167309692671404,564,No
16574394,7093468874,,0.08185920000000002,0,Yes
16574525,7101166877,,0.093786,0,Yes
16574602,2544089665,,0.0316452,0,Yes
16574602,534774,,0.11731200000000004,0,Yes
2544089665,534804,,0.014368800000000001,0,Yes
16574619,1775338888,,3.2845604316546764,417,No
1775338888,357917181,,0.10228387096774194,31,No
21596886,1690044417,,0.131664,75,No
18178769,21684322,,1.1056188605108055,509,No
21684322,534758,,0.01800625,8,No
21684322,25873175,,0.10663654434250766,436,No
25873183,2262218571,,0.7773831869510665,797,No
25873183,7193964013,,0.07068282828282828,33,No
18178797,534749,,0.03294330514446793,473,No
18178797,2287846803,,0.73092077294686,483,No
2287846803,29510418,,0.03316031746031746,21,No
2287846803,2287846804,,0.11025882352941177,17,No
18178969,11768081,,0.15025416666666666,40,No
18178969,534329196,,2.4267325670498083,696,No
534329196,534329195,,0.10904841269841269,21,No
534329196,21566459,,0.9022123745819398,598,No
18627237,18627247,,0.04697413793103448,29,No
18627247,33477280,,0.15942280701754383,19,No
18627247,12961684,,2.313590202145214,808,No
33477280,28796755,,1.6440624087591242,959,No
297481606,3057282550,,1.6360080000000001,0,Yes
3057282550,33477164,,1.2284640000000002,0,Yes
264223496,534806,,0.8774484000000004,0,Yes
264223496,35711189,,0.0324492,0,Yes
18630070,31197353,,0.022975199999999998,0,Yes
18630070,7095690304,,4.073229793510324,1130,No
31197353,280008754,,0.20414,45,No
31197353,18630098,,0.033911111111111114,21,No
7095690304,7095690344,,0.022742592592592592,9,No
7095690304,3952754484,,0.4779432,125,No
18630098,280008754,,0.10476180555555557,24,No
18630098,3808565717,,0.4125396825396826,231,No
280008754,280008666,,0.2744713178294574,43,No
280008754,18630111,,0.12808888888888886,24,No
3808565717,16574619,,0.5121826424870466,193,No
3808565717,16574613,,0.7293853658536585,287,No
280008666,280008531,,0.20229285714285714,42,No
280008666,534806,,0.09831739130434783,23,No
35711189,244038931,,2.75542978515625,1024,No
35711189,536652,,0.018803333333333335,15,No
18630516,534799,,0.23483333333333334,14,No
18630516,335716505,,0.8436994004796163,417,No
335716505,335716508,,0.5041450980392157,17,No
335716505,16574602,,1.3324983164983166,198,No
18631911,18631929,,0.05750000000000001,22,No
18631929,1853296305,,0.007945200000000001,0,Yes
18631929,2628479841,,0.021929999999999998,0,Yes
1853296305,1853296309,,0.0279216,0,Yes
2628479841,1853296305,,0.022844399999999997,0,Yes
21271513,25272050,,0.13580520000000001,0,Yes
21271513,442828572,,0.15272781456953644,151,No
25272050,25272065,,1.3145479605558046,2231,No
442828572,25272050,,0.20422841530054645,183,No
21527686,21527743,,0.029614285714285715,14,No
21527686,21552190,,0.8593057558507274,527,No
21527743,209128004,,1.7112183643665573,1826,No
21552190,21597988,,0.037116666666666666,16,No
21527733,1620726747,,0.26569827586206896,58,No
1620726747,1620726770,,0.10900217391304351,46,No
1620726747,21552195,,0.31350833333333333,44,No
7193964013,25873183,,0.5040580808080809,33,No
209128004,21552198,,0.46494251497005984,167,No
21527766,299844554,,0.5799139784946238,217,No
21596461,21568117,,0.7054953296703296,364,No
21552197,209128661,,0.11575514018691589,107,No
2272203032,7260653744,,0.2385015576323988,107,No
1150742708,27279384,,0.29244,85,No
1150742708,24969757,,0.09906610169491525,59,No
21540513,21540519,,0.36118613569321534,113,No
21540519,209128004,,0.19855974842767296,159,No
21540517,21540519,,0.0395544,0,Yes
21540517,1229568988,,0.1387008,0,Yes
21552187,21552188,,0.19508639999999997,0,Yes
21552188,21552190,,0.0172752,0,Yes
21552188,21527743,,0.526956,0,Yes
21597988,21597987,,0.016636666666666668,15,No
21597988,248219490,,3.174083601738241,2608,No
21552195,10919786,,0.012306060606060605,11,No
21552195,1620726770,,0.05055967741935485,31,No
1620726770,344434421,,0.31267196652719664,1673,No
209128661,21540517,,0.49750400821596247,2840,No
209128661,21527686,,1.145479188078109,973,No
21552198,21552199,,0.13551007751937985,43,No
21552198,2297622,,0.0952551282051282,1183,No
21552200,21527766,,0.48922495495495494,4810,No
21552200,21566429,,1.149915352260778,951,No
21566429,534329195,,1.2622010114942528,725,No
21566459,126667225,,1.351218139534884,430,No
21566459,21568117,,3.8972371639784957,1240,No
21568117,21527762,,0.36573493150684927,146,No
311494772,7091784429,,0.27006250000000004,32,No
1690044417,126667225,,0.03462777777777778,24,No
1690044417,31271217,,0.06602424242424243,33,No
21597987,21597992,,0.216843537414966,147,No
21597987,21552188,,0.03308095238095238,21,No
21597992,21552187,,0.035871600000000003,0,Yes
21597992,3148489417,,0.6807215999999998,0,Yes
248219490,248219434,,0.3616189999999999,0,Yes
248219490,221995898,,0.8996185714285716,0,Yes
3148489417,3148489416,,0.021991200000000002,0,Yes
3148489417,536675,,0.1720420054200542,123,No
316299769,316299777,,0.23671034482758618,29,No
21647047,21647107,,1.9329985865724384,283,No
21647107,1632149360,,0.9510657407407406,324,No
21647051,271287016,,0.16334581525108494,1613,No
21647051,278451621,,0.40539737654320984,108,No
271287016,141678998,,0.051721276595744686,47,No
278451621,21647047,,0.2583375172413793,1450,No
278451621,1632149375,,0.7688906249999999,48,No
1632149359,1632149349,,0.51305,252,No
1632149359,1632149367,,0.16039310344827584,29,No
1632149360,1632149359,,0.08037,25,No
1632149360,21647057,,0.9635421586715869,1084,No
21647146,25269444,,1.1950416938110746,1228,No
25269444,25269438,,0.6249671412207494,8148,No
25269444,25269437,,0.37475662602765314,21408,No
21660961,78454176,,0.03964024196115887,1047,No
21660961,21647051,,2.3197072069436313,1709,No
78454176,536670,,0.05149000000000001,10,No
78454176,1636482042,,1.3122929479539134,839,No
25873175,534758,,0.025166400000000002,0,Yes
976932104,940312649,,0.032907599999999995,0,Yes
24945369,2075220,,0.018356400000000002,0,Yes
24945369,24945363,,0.41082699999999994,0,Yes
24953131,536670,,1.6317320000000002,0,Yes
1636482042,3025631931,,0.3772390566037735,265,No
3998373587,25622934,,0.2556951219512195,82,No
24953181,10919797,,0.28030520833333333,80,No
24953550,29510428,,0.18152028347996094,682,No
288154942,288154914,,0.16568652482269502,47,No
29510428,7117637080,,0.8634959349593496,820,No
24969587,309467020,,0.07170222222222221,15,No
24969587,280221322,,0.05183750000000001,28,No
309467020,24969591,,0.1455176470588235,34,No
280221322,2526224456,,0.20586119047619048,70,No
24969591,2090038527,,0.037261538461538464,13,No
24969591,24969686,,0.051691071428571427,28,No
2090038527,1833913224,,0.13801923076923076,39,No
2090038527,24969672,,0.12380416666666667,28,No
24969686,24969610,,1.1970172006745363,593,No
24969610,24969615,,0.10943333333333334,21,No
24969610,301388728,,0.0539948275862069,29,No
24969615,4030574404,,0.16513247863247862,117,No
24969615,24969629,,0.2723659090909091,44,No
301388728,24969615,,0.4647675789473684,475,No
4030574404,24969629,,0.11980080000000001,0,Yes
24969629,24973521,,1.0026468,0,Yes
24969629,24969633,,0.040432800000000005,0,Yes
24969633,24969610,,0.044481599999999996,0,Yes
24969633,24969615,,0.042088999999999994,0,Yes
24969633,1516305879,,0.09941666666666667,30,No
1516305879,24969672,,2.033471655328798,588,No
24969672,1833913224,,0.026845614035087718,19,No
1833913224,8831991756,,0.020666666666666667,7,No
24969678,2569452639,,0.046640625000000005,16,No
24969678,18630070,,0.6380583679114799,241,No
2569452639,309467020,,0.16181911196911197,1036,No
2569452639,24969587,,0.06565432098765432,27,No
24969731,439989272,,0.31793333333333335,83,No
439989272,1150742708,,0.8242606741573035,89,No
439989272,27279384,,0.35740997474747477,1056,No
24969757,4030574419,,0.5623808429118774,174,No
4030574419,4030574417,,0.14488041002277904,878,No
4030574419,24969731,,0.12831515151515155,55,No
25433992,1703242714,,0.2294830917874396,207,No
311651883,2572637252,,0.8333850785340317,382,No
25096273,1698611463,,0.5492896059113301,1015,No
25096273,151013228,,0.164985683447377,16368,No
151013228,151013145,,0.607287365591398,248,No
151013228,15613290,,1.8728411458333334,1408,No
25235132,18178797,,0.019598400000000002,0,Yes
25235132,3151457278,,0.24764759999999997,0,Yes
25269438,60395691,,1.4086283999999998,0,Yes
60395691,1758438692,,0.6080664,0,Yes
60395691,773684938,,0.5989965,0,Yes
25272045,15613290,,0.9282691358024693,270,No
25272045,26730552,,0.6383880503144653,424,No
25272065,25272045,,0.18125155763239878,214,No
25272065,2338426490,,0.3503340640809443,593,No
25272054,27254446,,0.13298423236514523,241,No
25272054,27598015,,0.7355455555555555,240,No
27254446,2414808767,,0.4650910333735426,829,No
25272057,2454004902,,0.7494376387860844,1351,No
25272081,15613573,,1.2119077925270403,1356,No
25272081,151013145,,0.3169301864801865,143,No
151013145,24945369,,1.008941798941799,189,No
1703242714,1150742708,,1.3321415637860081,162,No
28796755,18629762,,1.9761953993055559,960,No
28796755,25479302,,0.17626360575451486,1089,No
25599928,25599929,,0.1218775956284153,61,No
2526224454,2526224463,,0.08479464285714285,28,No
2572637252,311651883,,1.1466056938159883,442,No
10584342336,2526224463,,0.14536540962288688,769,No
2628479858,18631911,,0.09810208333333333,24,No
246859505,246859538,,0.11684814814814815,27,No
25621131,824105653,,0.6290448000000001,0,Yes
824105653,1147969960,,0.21746900000000002,0,Yes
824105653,824109954,,0.0969642,0,Yes
773660261,11068788,,0.005671714285714286,0,Yes
773660261,773660264,,0.025158000000000003,0,Yes
25621140,25621145,,0.022790277777777774,24,No
25621140,29812910,,1.5027388834476005,1021,No
25621145,31347711,,0.015753703703703704,9,No
25621145,2453232134,,0.031022988505747126,29,No
29812910,3912609301,,1.1622620707461915,1291,No
31347711,25621140,,0.13236666666666666,16,No
31347711,2453232137,,0.015572619047619045,14,No
2453232134,824109954,,0.18159042694245559,13827,No
25621845,1586186718,,0.03238333333333333,14,No
1586186718,1586186709,,0.025918741524274477,1229,No
1586186718,4862265259,,0.8255720572057206,606,No
25621848,11004892,,1.5688257508616448,1354,No
26291114,4107043742,,0.0807963887868772,2723,No
26291114,2258457803,,0.10015172413793104,29,No
25622934,3844764334,,1.275634900990099,202,No
3844764334,3020440809,,0.9374411855273288,433,No
529723416,3861801996,,0.23013235294117645,51,No
25694685,3866868163,,0.9244461788617886,205,No
3866868163,3866701865,,0.548361370716511,107,No
25694759,1115569637,,0.09335322404371585,610,No
364757216,30332565,,0.04152839999999999,0,Yes
1115569637,4516060826,,0.03763440000000001,0,Yes
3842071988,1115569637,,0.76443,0,Yes
3859885311,3859855174,,0.0433728,0,Yes
25740442,10919223,,0.1168476,0,Yes
25755497,11008027,,0.14017666666666664,20,No
25755497,25740441,,0.7985336302895323,449,No
25755500,10919218,,0.869847935548842,331,No
25755506,25755507,,0.6129830272108845,490,No
25755507,25755500,,0.3990526354862658,449,No
25755507,25755498,,0.2613025641025641,52,No
25873173,25873183,,0.8371995351925632,502,No
25873173,21684322,,0.15409565217391305,23,No
25935156,26164161,,0.5856498194945848,277,No
26164161,779052658,,0.022744444444444446,18,No
26164161,440369967,,0.08232850241545894,69,No
25949480,31314454,,2.119259194986744,1383,No
31314454,317611132,,0.32351759105960265,1208,No
31314454,317611131,,0.08548697916666666,64,No
3840142105,1785077919,,0.11235277777777779,42,No
25950253,26164148,,0.47342661476355247,1156,No
25950253,25935156,,0.7460864754098361,610,No
26164148,26164147,,0.06742,40,No
26164147,317611131,,0.06404710144927536,23,No
26164147,25949480,,2.0141284482758617,1450,No
317611131,25935156,,0.0238872,0,Yes
317611131,317611132,,0.084833,0,Yes
779052658,773669977,,0.010578,0,Yes
779052658,773669974,,0.029704800000000003,0,Yes
440369967,440369970,,0.03181919999999999,0,Yes
262185367,3137721924,,0.3321491228070175,152,No
262185367,262185372,,0.0443375,16,No
262185376,26165869,,0.2223791457286432,398,No
262185376,262185367,,0.061851851851851845,18,No
26165886,26291274,,0.033522916666666666,16,No
26165886,15618026,,0.570963088512241,177,No
26291274,3861801989,,0.14556,20,No
26291274,26165880,,0.40174513274336293,113,No
4107043742,2503004249,,0.14195181818181818,55,No
4107043742,2258457803,,0.061146635526672086,2462,No
2258457803,3840988369,,0.04535848193872885,729,No
3025700050,25272081,,0.47327899441340776,895,No
26910090,12262630,,0.016384722222222224,12,No
26910090,839866856,,0.03295238095238095,28,No
839866856,10941037,,0.3440484323363604,36009,No
656211460,3688082991,,0.03229389699918897,822,No
6207267154,6207267170,,0.08913131313131313,33,No
258315627,258315633,,0.3451993243243244,74,No
3907572085,3907447115,,0.38129565217391304,138,No
6207267153,6207267162,,0.11296790123456789,27,No
2414808767,25950253,,0.208733,0,Yes
2414808767,440337754,,0.715126,0,Yes
27254447,442838541,,0.0132648,0,Yes
442838541,27254446,,0.17013419999999996,0,Yes
335688683,442838541,,0.021991200000000002,0,Yes
27598012,151083532,,0.06501909800390215,2221,No
3907571845,4533984370,,0.9714433427762038,353,No
27279384,25433992,,0.37704712643678157,58,No
277060338,257756770,,0.08519791666666665,32,No
27410733,27252028,,0.13962601626016263,41,No
292884983,292884981,,0.21717676767676772,462,No
3879014012,33325660,,0.1734461857379768,603,No
257756769,277060367,,0.07446992068334349,1639,No
27413455,668019917,,0.5776827622014538,321,No
909453442,3516471210,,0.18634761904761907,42,No
151083532,442828559,,0.08231790123456789,54,No
442832879,151083532,,0.11987222222222224,42,No
28238725,2986258962,,0.14078974358974358,663,No
28238725,3899207524,,0.3383112612612613,592,No
2986258962,3137621725,,0.38642725925925925,225,No
28796744,206127721,,0.13487619047619046,49,No
30151418,28796761,,0.6581065088757396,169,No
206127721,2274921120,,3.2044491131075783,1447,No
206127721,30151417,,0.046250000000000006,27,No
28796761,18627247,,1.6704394540942928,806,No
28796761,28796744,,0.20392079999999999,0,Yes
29348250,534625,,0.021880800000000006,0,Yes
29348250,8083440,,0.7464708000000002,0,Yes
29348253,252007120,,0.2799552,0,Yes
29348253,534628,,0.0246768,0,Yes
252007120,30436907,,0.38552015503875964,43,No
252007120,295686008,,0.1489440813810111,811,No
29401767,2259858942,,0.025005575358742347,3647,No
29510418,95789943,,0.03452121212121212,22,No
29510418,95789730,,0.06213487773487772,1295,No
95789943,277692998,,0.3148996902106568,269,No
95789730,95789943,,0.06055757575757576,44,No
7117637080,2849823382,,0.07349027777777777,36,No
29812911,2453232140,,1.3115824948665298,974,No
3912609301,3912609299,,1.3784774393459918,1264,No
2453232140,2453232134,,0.09513404255319148,47,No
2453232140,25621145,,0.1450542857142857,35,No
30056676,18630516,,0.5968453608247423,194,No
30056676,2071676,,0.11989111111111109,105,No
30056684,30058362,,0.04383771763216208,1053,No
30056684,30058364,,0.5178722222222223,183,No
30058362,30058361,,0.017126190476190475,14,No
30058362,7117637008,,0.04037142857142858,21,No
30058364,30058362,,0.8765666666666665,189,No
30058361,30058360,,0.03425555555555556,18,No
30058361,244038915,,0.21308879999999997,0,Yes
7117637008,30058361,,0.029049600000000002,0,Yes
7128283652,3855350,,0.043532400000000006,0,Yes
3020440809,444059536,,0.34455399999999997,0,Yes
30332565,3612398319,,0.027222000000000003,0,Yes
3612398319,2610458800,,1.5152239875389408,321,No
30404993,30409387,,0.3626796234772978,301,No
30409387,534796,,0.055179629629629634,27,No
30405010,2970538973,,1.7070047311827956,465,No
2970538973,1458120323,,1.0448083333333333,180,No
30409397,30409387,,0.11641363636363636,33,No
30409397,30409405,,0.3626835463258785,313,No
30409419,30409417,,0.030210416666666667,16,No
30409419,30436919,,0.9620502840909092,704,No
30409424,30409419,,0.03338888888888889,18,No
30409424,30404993,,0.6833085667215815,607,No
30436907,29348250,,0.0791111111111111,18,No
30436907,295686008,,0.07073478260869566,46,No
295686008,534316143,,0.269147619047619,168,No
1619208224,18627204,,1.1664111796982168,486,No
31350685,31350684,,0.13489242424242426,88,No
10712397266,10712397264,,0.04930000000000001,38,No
30788689,18178969,,0.20135918367346944,147,No
1942977739,497259722,,0.14636559139784946,31,No
74069309,2072807,,0.8372822822822823,111,No
31350684,31350685,,0.10215239999999999,0,Yes
31271217,21566429,,0.3678552,0,Yes
31272925,246859505,,0.042733200000000006,0,Yes
3148489413,21552187,,0.6496764000000002,0,Yes
3148489413,3148489417,,0.029126399999999997,0,Yes
317611132,440337754,,0.24430916030534347,262,No
3879014011,33325660,,0.029946428571428572,28,No
2453232137,2246314929,,0.28594181957186543,218,No
31353295,31353296,,0.19695277777777778,36,No
31353296,81580487,,0.34326666666666666,36,No
9976058363,9976058359,,0.06624210526315791,38,No
296239234,6697990,,0.052008,25,No
33325660,1514362559,,1.4148668032786886,1220,No
1514362559,25621848,,0.06698418079096044,59,No
1514362559,3979445014,,0.42955065359477124,51,No
244038931,534778,,0.018233333333333334,12,No
244038931,244038933,,0.10060138888888888,72,No
1758438692,150577963,,0.8808554298032877,1237,No
773684938,15614141,,1.4665743513345748,2685,No
159733475,2072802,,2.7282611908559273,1254,No
159733475,206133365,,0.06153362068965518,58,No
81580494,31353295,,0.8004475409836067,61,No
81580688,3193824078,,0.36195877192982456,38,No
250923558,32547462,,1.970596971868366,6280,No
84465051,84465051,,0.09230500000000001,0,Yes
3193824080,81580688,,0.03783,0,Yes
85748936,11305234,,0.033339600000000004,0,Yes
85807521,3498130773,,0.574328,0,Yes
1054691691,1363071255,,0.053581199999999995,0,Yes
3121844724,560450644,,0.0518064,0,Yes
3121844724,10919230,,0.15136037037037037,405,No
159729140,99089590,,0.11053,15,No
159729140,95145069,,1.8533169642857146,1120,No
1670657170,60577293,,0.08751714285714286,35,No
1670657170,159733475,,0.4505748175182482,274,No
10712397264,10712397266,,0.1984263157894737,38,No
159725096,74069309,,0.7296142025089604,372,No
159725096,2072807,,0.1309466873706004,483,No
290077166,290077168,,0.19591111111111112,33,No
99089590,95145062,,0.1353391304347826,23,No
99089590,344625887,,0.14166353971232018,1599,No
344625887,11007218,,1.7459602941176469,204,No
1211691752,3074985402,,0.6457437500000001,104,No
133281288,316299769,,0.09592324093816629,469,No
140603409,140605768,,0.16660299145299146,39,No
140603409,534736,,0.11573576388888888,48,No
534324288,534324289,,0.11165864197530864,27,No
534324288,3121547154,,0.0653722222222222,36,No
141678998,78454176,,3.7175861289694137,1711,No
442828559,27254448,,0.6092845528455285,82,No
206133365,159729140,,0.5678663999999998,0,Yes
248219543,248219560,,0.034078800000000006,0,Yes
271246517,271246516,,0.026156399999999996,0,Yes
221995898,248219540,,0.300586,0,Yes
221995898,248219546,,0.46319828571428573,0,Yes
248219540,248219546,,0.27339871064060806,4912,No
248219546,839864966,,0.7638350310153443,1021,No
244038942,244038931,,0.016418627450980394,17,No
244038942,536652,,2.9176869847452123,1027,No
247994363,534742,,0.034430434782608696,23,No
247994363,247994358,,0.05182571428571429,35,No
248219482,21597987,,3.2456368013595154,2648,No
1657949311,248219560,,0.13242601626016262,41,No
248219560,248219582,,0.253819284329279,9455,No
839864966,839865307,,0.06560144783815944,2521,No
839864966,12262886,,0.01717857142857143,28,No
248219582,1626653378,,0.4991739130434782,690,No
1626653378,248219482,,0.4803007246376812,667,No
797425334,1458180457,,0.06212309226932667,4010,No
255886139,1458120226,,0.45087463493780416,3698,No
1458120226,1458180620,,0.9326848319709355,734,No
3137721924,262185372,,0.658746301369863,730,No
262185372,262185374,,0.0690625,16,No
262185372,3840988371,,0.07201388888888889,24,No
262185374,262185376,,0.030358974358974358,13,No
262185374,16574244,,0.19542359999999998,0,Yes
3840988371,262185374,,0.0280248,0,Yes
392656728,3516121147,,0.04499160000000001,0,Yes
271246516,271246517,,0.06748920000000001,0,Yes
288154283,29510428,,0.05425800000000001,0,Yes
288154283,24953550,,0.1739988173455979,761,No
1632149375,21647047,,0.20243870967741937,31,No
1632149375,1632149360,,0.03301304347826087,23,No
2526224456,3930292765,,0.36738571428571426,21,No
2526224456,25599928,,0.24635483870967745,31,No
280221394,24969686,,0.24679757575757577,55,No
280221394,24969591,,0.27188235294117646,34,No
288154914,247994363,,0.24610147058823528,170,No
288155029,288154914,,0.04979677419354839,31,No
288155029,288154942,,0.18791706349206347,42,No
290077155,290077168,,0.032575,28,No
290077155,290077166,,0.16041290322580648,31,No
290077168,30788689,,0.20134838709677425,155,No
3912609284,3324432576,,0.5345810502283106,73,No
534316143,29348250,,1.1004922341696535,558,No
2626739932,6697990,,0.5647946360153256,174,No
297497348,297497356,,0.17139766081871344,57,No
297497348,2970916284,,0.42662990196078426,68,No
2970916284,2970916275,,0.13094259259259258,72,No
3147881709,11329253725,,0.41678,130,No
3147881709,21596461,,0.11691000000000001,0,Yes
309517759,2233985754,,0.0703608,0,Yes
309517759,2986258962,,0.071784,0,Yes
7091784429,3147881709,,0.14036400000000002,0,Yes
7091784429,11329253725,,0.0152064,0,Yes
311941598,1632149367,,1.912502797202797,286,No
1632149367,1632149375,,0.1778469135802469,27,No
1632149367,141678998,,0.23602444444444445,165,No
316507156,316507154,,0.764459595959596,231,No
752186307,3884698667,,0.25822999999999996,35,No
440337754,440337822,,0.7322579021769863,1179,No
346633166,2482228323,,0.017604166666666667,12,No
346633166,2482228310,,0.35769743589743586,130,No
2482228323,10919218,,0.05992659932659932,396,No
2482228323,25755497,,1.5186129840546694,439,No
2482228310,2482228323,,0.7979999999999999,130,No
346633485,346633166,,0.4774784946236559,93,No
357917181,3506480443,,0.14378852459016392,61,No
357917181,534769,,0.250875,60,No
3506480443,534769,,0.8048920454545456,44,No
433065573,2970751883,,0.3979795454545455,176,No
433065573,30405010,,0.20968269230769232,26,No
2970751883,433065575,,0.05430294117647058,17,No
2970751883,3160483032,,0.4255992374727669,1836,No
2970916275,2970916280,,0.2736763888888889,36,No
433065575,255886139,,0.0258192,0,Yes
433065575,30405010,,0.22633680000000003,0,Yes
440337822,25621090,,1.72184,0,Yes
440337822,2453207682,,0.2885742,0,Yes
2453207682,25272057,,0.096759,0,Yes
2453207682,828163535,,0.15442530478955008,13780,No
440348653,21271513,,0.6490356946983546,1094,No
440369970,773669974,,0.05700332724227197,4378,No
440369970,779052658,,0.18948989898989899,33,No
773669974,440348653,,0.286182215316055,8527,No
444059536,3998373587,,0.1312987012987013,77,No
444059536,25622934,,0.3597405660377358,53,No
461740603,198189803,,0.12584380952380952,35,No
497259722,497259745,,0.06408684210526318,19,No
497259745,2001551742,,0.10049666666666668,35,No
497259745,2208582202,,0.03623333333333334,10,No
2001551742,2208582202,,0.1512,35,No
2208582202,497259755,,0.0491388888888889,18,No
497259755,497259722,,0.03389333333333333,10,No
497259755,1942977739,,0.10682150537634409,31,No
2021890013,534329196,,0.013164285714285713,14,No
2021890013,11768081,,0.9521649175412294,667,No
534324289,140603409,,0.3190625786163522,159,No
3688082991,1277308096,,0.008212285714285714,7,Yes
3688082991,3688082989,,0.23079109589041094,73,No
1798264163,3516471196,,0.025634571428571427,0,Yes
715865371,839866356,,0.3641108571428571,0,Yes
839866356,839866856,,0.047819999999999994,0,Yes
839866356,26910090,,0.030434571428571425,0,Yes
715865377,1277308096,,0.029417142857142864,0,Yes
715865377,715865371,,0.09606905010438414,958,No
1277308096,656211460,,0.01619102564102564,13,No
1277308096,715865371,,0.030529292929292923,33,No
773660264,25272057,,0.13457534389227938,13764,No
773669977,26164148,,0.4001016666666667,240,No
773669977,26164161,,0.026957777777777775,15,No
773684897,773684938,,0.3719805408609996,10964,No
773684897,4186859645,,0.3817606837606838,663,No
4186859645,15866433,,1.6619893001419366,3053,No
1458180457,3907572085,,0.8379824879227052,138,No
1147969960,2453232137,,0.0849219806763285,483,No
1147969960,31347711,,0.134725,18,No
824109954,824109969,,1.1484645218718208,1966,No
824109969,773669977,,0.328502197059992,4195,No
824109969,440348653,,0.09944069767441861,172,No
4862265262,1586186709,,0.9124894136807817,614,No
828163535,828163530,,0.07525217391304348,1035,No
828163535,11068788,,0.18675578703703705,72,No
903648589,4810580223,,0.30795509259259257,36,No
5824956622,24973504,,0.2325486486486486,37,No
903648936,903648589,,0.030507600000000003,0,Yes
2260849842,16574394,,0.19473599999999996,0,Yes
940312649,940312683,,0.0262908,0,Yes
940312649,940312652,,0.010149600000000002,0,Yes
940312683,940312652,,0.0259488,0,Yes
940312652,940312669,,0.09863218390804597,29,No
940312669,940312673,,0.15265517241379312,29,No
940312669,940312676,,0.025491666666666662,6,No
940312660,24669567,,0.1671282051282051,52,No
940312660,976932104,,0.020899999999999995,7,No
940312673,940312676,,0.09605652173913043,23,No
940312676,940312660,,0.007940740740740741,9,No
1269612832,10241100023,,0.1670833333333333,142,No
1363071255,1363071233,,0.9997365319865319,1188,No
4516060826,25694759,,0.049604597701149424,29,No
2255742337,24969757,,0.21637974230493923,1397,No
3074985402,1211691752,,0.4027024253731344,536,No
10241100023,1269612832,,0.16799295774647885,142,No
1363071233,1363071246,,0.0684166617661472,3401,No
1363071233,15017262,,0.34919999999999995,38,No
1458180620,1458180457,,0.04807,40,No
1458180620,797425334,,0.045051612903225804,31,No
1458120227,2970538973,,1.909804611764706,2125,No
1458120227,2968328004,,1.6921324873849806,2246,No
2968328004,2968174745,,1.457306397306397,297,No
1458120254,255886139,,0.07846439999999999,0,Yes
1458120254,433065575,,0.0636756,0,Yes
1458120323,11005259,,0.0886104,0,Yes
1458180627,1458120227,,0.8806656000000003,0,Yes
3901577931,1458180627,,0.034214400000000006,0,Yes
1458181076,297497348,,0.5580318206086492,3746,No
1458181076,1458120226,,0.6842076943556975,626,No
1539238905,1626653378,,0.5521249431387416,1319,No
1586186709,3324432576,,0.015543333333333334,15,No
1586186709,3912609284,,0.36014736842105266,76,No
3324432576,25621845,,0.023142497712717293,1093,No
3324432576,3324432562,,0.7667086757990866,657,No
4862265259,25621138,,0.8839076153176675,766,No
1632149349,311941598,,0.07958541666666666,40,No
1632149349,1630023963,,0.26692456964006256,213,No
3025631931,24953131,,0.39438174904942974,263,No
1693649283,29954400,,0.07970833333333333,22,No
1774541634,1774541625,,0.1832125,32,No
1774541634,31384856,,0.19540000000000002,23,No
3516471211,3516471196,,0.06533333333333334,1328,No
3516471196,909453442,,0.018529166666666666,16,No
1800459098,3686207071,,0.04707173913043478,23,No
1800459098,1800459126,,0.017225,10,No
3686207071,1800459126,,0.18010434782608697,23,No
1800459126,1800459108,,0.04762727272727274,22,No
1800459108,3686207058,,0.028512000000000003,0,Yes
1800459108,1800459129,,0.0105084,0,Yes
3686207058,1800459129,,0.028791600000000004,0,Yes
1800459129,1800459098,,0.011481600000000002,0,Yes
9946740209,9946740207,,0.0628368,0,Yes
8831991756,24969678,,0.032520289855072465,23,No
8831991756,2569452639,,0.10786554934823091,716,No
1853296309,2628479858,,0.033876666666666666,20,No
1853296309,18631911,,0.027491666666666664,4,No
2043723883,3907572087,,0.8670481565086531,443,No
4533984370,3907571845,,0.886720551378446,133,No
3907572087,2043723883,,1.0585986828774063,658,No
3025805502,2187198469,,0.38446365248226944,188,No
2187198469,2187198440,,0.4492444444444444,39,No
2246314929,773660261,,0.15256551724137932,29,No
2246314929,773660264,,0.32267915681639087,423,No
3840988369,3411658,,0.5843182170542636,215,No
2260731086,26165886,,0.8263044520547943,146,No
4810580222,15618026,,1.0918523809523812,231,No
2262248282,7091784429,,0.020108333333333332,10,No
2262248282,311494772,,0.20556611111111112,30,No
2968174745,1458181076,,0.36071382716049377,135,No
2287846804,534749,,1.3337527777777778,480,No
2480982239,15017249,,0.46121379310344834,29,No
2480982239,2480982236,,0.21109189189189193,37,No
2526224463,280221394,,0.0582072,0,Yes
3930292765,25599928,,0.02208,0,Yes
2849823382,30056684,,0.5718108,0,Yes
3160483032,1458120254,,0.07512720000000002,0,Yes
2970916280,3371924911,,0.0442632,0,Yes
2970916280,2970916282,,0.22794074074074075,36,No
2970916282,2968328004,,0.3981480519480519,308,No
3866701865,3866868163,,0.5047710280373832,107,No
3073762516,3877390797,,0.3075775862068965,29,No
3877390797,3877390786,,0.4155286549707602,114,No
11329253725,3147805129,,0.14196333333333336,40,No
11329253725,2262248282,,0.03660575412943406,1231,No
9976058359,9976058363,,0.1325438596491228,38,No
3183738530,3183738525,,0.31076573033707866,178,No
3498136595,85807521,,0.5130777139208174,261,No
7095690295,18630098,,3.540153141671606,1687,No
3688082989,715865377,,0.23156075268817206,31,No
3840988376,3881935061,,0.017943333333333332,5,No
3861801984,529723416,,0.09962142857142858,42,No
3866868160,25694685,,0.776838393421885,527,No
3877390786,3073762517,,1.0493140096618356,138,No
3907447115,1458180627,,0.05160000000000001,37,No
3907447115,3901577931,,0.06841900389538118,3594,No
3912609299,2574657979,,0.1416926952141058,397,No
3912609299,29812911,,0.15309807692307692,26,No
3952754484,7095690344,,0.1451496,0,Yes
7095690344,25235133,,0.7336619999999998,0,Yes
7095690344,7095690293,,0.021444,0,Yes
4030574417,24969731,,0.07646160000000002,0,Yes
6207267162,6207267172,,0.025594,0,Yes
6207267170,6207267165,,0.05086875,40,No
6207267172,6207267154,,0.06549074074074074,36,No
6207267172,6207267170,,0.020707142857142855,7,No
6207267165,6207267153,,0.03999649122807017,19,No
6207267165,6207267162,,0.018881250000000002,8,No
7095690318,7095690304,,0.03891777777777777,15,No
7095690318,7095690295,,0.4574307246376812,230,No
442874,442928,,0.02023678532901834,1854,No
442928,442874,,0.019749268802228413,2872,No
442928,1803689298,,0.0427279248309843,2909,No
1803689298,442928,,0.05202107662633702,1901,No
1803689298,9946740209,,0.05261710526315791,38,No
442936,264670999,,0.22614497354497354,63,No
442936,2071683,,2.841648539325843,1780,No
264670999,442936,,0.17395767195767192,63,No
264670999,30403571,,4.6670379282097105,2238,No
2071683,11297162,,1.109116394335512,612,No
2071683,442936,,3.190622921348315,1780,No
2071683,27318981,,0.43265603674540676,254,No
534591,8083440,,0.03093,20,No
8083440,534591,,0.022269600000000004,0,Yes
8083440,534908,,0.0442356,0,Yes
534608,30436919,,0.015066,0,Yes
30436919,534608,,0.015066,0,Yes
30436919,534635,,0.3597576,0,Yes
534629,11769656,,0.035375000000000004,12,No
534629,534635,,2.2114913683041912,1201,No
11769656,534629,,0.035375000000000004,12,No
534635,30436919,,1.5119495677233425,347,No
534635,3160432771,,0.23458436911487762,177,No
534635,30409405,,0.5809545765027324,244,No
534635,534629,,2.826718290313629,1201,No
3160432771,534635,,0.42072005253940464,571,No
30409405,30404993,,0.09093571428571429,14,No
30409405,534635,,0.6639480874316941,244,No
534736,534306820,,0.4488286764705883,340,No
534306820,534736,,0.9829420289855073,1380,No
534738,3534531371,,0.033992857142857144,14,No
534738,534329195,,2.0040934684684686,1036,No
534738,2071709,,0.3172196517412935,201,No
534738,534888,,2.0036454545454547,440,No
3534531371,534738,,0.13597142857142858,14,No
534329195,534738,,1.8052952622673442,985,No
2071709,534738,,0.8013970149253732,201,No
534888,534905,,0.21399733333333337,75,No
534888,3564765835,,0.6649163999999999,0,Yes
534888,24669567,,0.763474,0,Yes
534888,534738,,0.5289623999999999,0,Yes
534743,247994358,,0.10557119999999999,0,Yes
247994358,534743,,0.10557119999999999,0,Yes
534751,29510455,,0.09009090909090908,11,No
534751,3952754481,,1.3963409708737864,515,No
29510455,534751,,0.01801818181818182,11,No
29510455,25873175,,0.5394258347978911,569,No
534754,16574555,,0.32954471544715447,164,No
3952754481,3952754484,,0.009025,8,No
3952754481,16574555,,1.5653104489164091,646,No
3952754481,534751,,3.4742293203883503,515,No
16574555,534754,,0.9721569105691057,164,No
16574555,3952754481,,1.9019363519091843,646,No
16574555,3098430373,,1.1216656184486375,159,No
3098430373,16574555,,0.5928803983228512,159,No
2202559858,2071682,,0.3089651162790698,86,No
534774,244038933,,2.3016614339622645,1325,No
244038933,534774,,0.996960248447205,805,No
244038923,30151413,,0.5234840395480225,118,No
30261537,30058364,,0.5152663308144415,397,No
3160432775,30151413,,0.39585915492957746,71,No
534905,1854526402,,4.234362102404966,1289,No
534905,27318980,,1.7869304265402841,1055,No
534905,534888,,0.08889119999999999,0,Yes
3564765835,3853544,,0.13374720000000004,0,Yes
3564765835,534888,,0.6649163999999999,0,Yes
24669567,534888,,0.7634740000000001,0,Yes
534894,21596884,,0.41846999999999995,0,Yes
21596884,534894,,0.8444907407407408,351,No
21596884,1242395773,,1.6347264705882354,272,No
21596884,21596886,,2.4491981393129767,1048,No
1854526402,27318981,,0.03555263157894737,19,No
1854526402,534905,,4.499862995951415,1235,No
27318980,534905,,2.35796076475478,1203,No
534908,8083440,,0.6475932432432433,37,No
534908,3853544,,1.9609035271687323,1049,No
3853544,3564765835,,0.18082831858407078,113,No
3853544,534908,,1.7448717826501436,1049,No
535357,30409415,,1.2823096539162115,549,No
535357,25479300,,1.7008833113166002,757,No
535357,536582,,1.925103828828829,666,No
30409415,535357,,2.7988920863309357,278,No
25479300,535357,,1.9981250550418312,757,No
25479300,301887305,,2.4086469493278173,967,No
25479300,2072816,,0.8440848484848484,561,No
536582,301887305,,1.3481915094339625,477,No
536582,30848648,,3.3568892897406983,1774,No
536582,535357,,2.1883658908908914,666,No
536575,30403571,,0.015878399999999997,0,Yes
30403571,536575,,0.015878399999999997,0,Yes
30403571,264670999,,4.460426000000003,0,Yes
301887305,536582,,0.5716332,0,Yes
301887305,536584,,0.5220744,0,Yes
301887305,25479300,,1.8064852119958634,967,No
30848648,74069309,,2.923587411347517,1504,No
30848648,536582,,3.0743788049605425,1774,No
30848648,31350684,,1.0188863611565737,611,No
536584,18627204,,0.03093684210526316,19,No
536584,301887305,,0.9926008507347253,431,No
18627204,536584,,0.04640526315789474,19,No
18627204,30587934,,0.49990153846153845,325,No
30587893,2072800,,3.6451443114596227,2423,No
536655,27145651,,0.7640028758169933,255,No
536655,25599929,,0.8668858048162232,526,No
536655,264218470,,0.4482714022140222,271,No
536655,3899207524,,0.7540061881188118,404,No
27145651,6207267154,,0.4794684769038702,267,No
27145651,29535607,,2.256107117008443,829,No
27145651,536655,,1.9266159477124183,255,No
25599929,536655,,1.2836578263624838,526,No
264218470,536655,,0.7305163591635915,271,No
3899207524,536655,,1.657974695534506,739,No
536667,21647397,,0.5801275229357797,109,No
536667,21647058,,0.2092524,0,Yes
21647397,536667,,0.1198116,0,Yes
21647058,21647057,,0.024108,0,Yes
21647058,536667,,0.2092524,0,Yes
536672,344434421,,0.6760788000000001,0,Yes
536672,1630023963,,1.3801800207039336,966,No
536672,903656551,,1.6473078294573644,430,No
536672,3100041009,,1.93870070005385,1238,No
344434421,536672,,1.4419075530586767,1068,No
1630023963,536672,,1.8197353244078271,971,No
903656551,536672,,1.4287874031007755,430,No
903656551,311941598,,2.943248030888031,1295,No
903656551,16574525,,0.6819898662551442,324,No
3100041009,536672,,1.3123533074935396,645,No
536674,21540524,,0.7429349315068494,219,No
536674,31296012,,2.021932254584681,927,No
21540524,2297619,,2.9705792375064397,1294,No
21540524,21527766,,2.1088485748218524,842,No
21540524,536674,,0.9245412480974126,219,No
31296012,536674,,1.9438525134211808,683,No
536675,248219433,,3.092247991360691,2315,No
248219433,248219434,,0.07698979591836733,49,No
248219433,536675,,3.0756230021598268,2315,No
2071674,11769758,,0.03397638888888888,24,No
2071674,534316145,,0.15815199652777778,768,No
11769758,2071674,,0.029355600000000003,0,Yes
11769758,3121547154,,0.275082,0,Yes
534316145,2071674,,0.04805039999999999,0,Yes
534316145,534316143,,0.03953519999999999,0,Yes
2071682,7101166877,,0.9630611999999997,0,Yes
2071682,2287857538,,2.4004040307101726,521,No
2071682,7093468874,,0.15740425531914895,47,No
2071682,2202559858,,0.30896511627906975,86,No
7101166877,2071682,,1.597116417910448,804,No
2287857538,24973504,,0.03515897435897435,13,No
2287857538,2071682,,1.8706596928982722,521,No
7093468874,2071682,,0.29906808510638294,47,No
11297162,11306937,,1.0664267104542968,609,No
11297162,2071683,,1.1587783224400872,612,No
11297162,2071687,,0.5356527131782944,301,No
27318981,1854526402,,0.05332894736842106,19,No
27318981,2071683,,0.8486714566929134,254,No
2071687,11297128,,0.7046324009324011,429,No
2071687,11297162,,0.6193484496124031,301,No
11297128,11306937,,1.227648265609514,1009,No
11297128,2071687,,0.7885172105672107,429,No
2072800,2274921120,,1.2275818181818183,407,No
2072800,30709473,,0.4241189189189189,74,No
2072800,30587893,,1.6992018484288354,1082,No
2274921120,2072802,,0.021718333333333333,10,No
2274921120,2072800,,0.48612239999999995,0,Yes
30709473,2072800,,0.0836928,0,Yes
30709473,31350685,,0.7685195999999997,0,Yes
30709473,10712397266,,0.5170691999999999,0,Yes
2072802,316507154,,0.2656248,0,Yes
2072802,2274921120,,0.021718333333333333,10,No
316507154,2072802,,0.852622814814815,225,No
1485594778,10919238,,0.39943568464730306,241,No
2072816,25479300,,1.1088957813428404,561,No
2039066667,30847942,,1.1945173165618452,1590,No
3869392962,25694685,,2.363476114163614,1092,No
2297615,21540856,,0.5867852233676978,97,No
2297615,270909880,,2.0844551282051285,624,No
21540856,2297619,,0.7481473087818697,353,No
21540856,2297615,,0.6203158075601376,97,No
270909880,2297615,,1.7842935897435894,624,No
270909880,270909809,,1.1265762402088773,766,No
270909880,21647107,,0.6383882716049383,324,No
270909880,133281288,,0.6457529320987656,324,No
2297619,21540524,,3.617800412158681,1294,No
2297619,21540856,,0.7481473087818695,353,No
3411653,26165869,,1.2930220604099243,309,No
26165869,3411653,,0.9506051884483603,2043,No
15511907,3853550,,0.16858974358974357,26,No
3853550,15511907,,0.10115384615384615,26,No
9100179,4385377370,,0.08680080000000001,0,Yes
9100179,3137684031,,0.6756732,0,Yes
4385377370,9100179,,0.08680080000000001,0,Yes
4385377370,11298793,,0.679764,0,Yes
4385377370,24973474,,0.0922056,0,Yes
3137684031,9100179,,1.6393338680926914,561,No
3137684031,25949615,,2.354807371794872,884,No
3137684026,1703242714,,1.6543900497512438,201,No
9100190,9982673432,,0.501234375,192,No
9982673432,9100190,,0.33415625,192,No
9982673425,3371924911,,1.0314035692679973,551,No
10919223,25740441,,0.6519,19,No
25740441,10919223,,0.058305247524752475,1010,No
25740441,1587510067,,0.33296955675976103,2399,No
10919230,86684589,,0.01690208333333333,8,No
10919230,560450644,,0.03342916666666666,24,No
86684589,10919230,,0.01690208333333333,8,No
86684589,10919252,,1.9101653519417476,824,No
560450644,25319455,,0.7273937621832359,342,No
560450644,10919230,,0.06685833333333333,24,No
10919238,1485594778,,0.4660082987551867,241,No
10049596107,11008006,,1.9500065989847715,1182,No
10919252,3073762517,,2.4736199886428163,1174,No
10919252,86684589,,1.3952512135922333,824,No
3073762517,3074985402,,0.027811111111111113,15,No
3073762517,10919252,,1.4032895999999997,0,Yes
10919767,30847942,,0.8286348000000001,0,Yes
30847942,10919767,,0.8286348000000001,0,Yes
30847942,2039066667,,0.6871775999999998,0,Yes
30847942,1942977739,,0.5105843999999999,0,Yes
10919780,10919782,,1.4344915413533836,266,No
10919780,126667225,,1.4403096808510638,470,No
10919780,3151457278,,0.780807347972973,592,No
10919782,2262218571,,0.5627990291262136,412,No
10919782,3147805129,,0.38908045977011496,87,No
10919782,10919780,,0.9728161027568923,266,No
126667225,10919780,,0.7946536170212766,470,No
3151457278,10919780,,0.8306461148648647,592,No
2262218571,10919782,,1.641375593220339,885,No
3147805129,10919782,,0.3242337164750958,87,No
10919797,3864841571,,0.45419367088607593,79,No
3864841571,10919797,,0.22709683544303796,79,No
3864841571,3866701865,,0.6433680076628353,261,No
3864841571,3864841558,,1.25071953010279,227,No
1952603929,25106277,,1.5327717269076302,415,No
11004470,3324432562,,3.6842172924148433,3063,No
11004470,415524744,,1.513706652854512,724,No
11004470,27252041,,4.033951496259351,2807,No
3324432562,11004470,,3.0533250675936654,1726,No
415524744,3878906071,,0.0951060606060606,22,No
415524744,11004470,,0.8671044000000001,0,Yes
27252041,1621457361,,0.48214799999999997,0,Yes
27252041,11004470,,3.3550524,0,Yes
27252041,1620070195,,1.6680819999999992,0,Yes
11004892,7260653744,,1.5353039999999998,0,Yes
3780365870,25621848,,0.020379241326725122,2623,No
7260653744,11004892,,2.2917959501557634,1284,No
11005259,10773251468,,0.4938960674157303,89,No
10773251468,28799160,,0.37835851851851854,180,No
10773251468,11005259,,0.34061797752808987,89,No
1762496623,2970916246,,0.6313952885747938,283,No
1762496623,1458120323,,0.04882187500000001,16,No
11005395,29138057,,3.108889970887918,1145,No
11005395,28799160,,2.4949411035337885,1613,No
11005395,11298154,,5.749593071593531,2598,No
29138057,312068717,,1.5241909361955872,559,No
29138057,11297938,,0.27850019379844954,86,No
29138057,11005395,,2.5768874090247462,1145,No
28799160,10773251468,,0.394808888888889,180,No
28799160,11005395,,2.6446375697458158,1613,No
11298154,11005395,,4.303886143187068,2598,No
11298154,81580487,,1.9229625754527164,497,No
11298154,2241123813,,5.019362106252941,2836,No
11005798,312068717,,0.08049754901960784,34,No
11005798,1458180754,,3.751415935169249,2324,No
11005798,312068888,,0.0394776,0,Yes
312068717,11005798,,0.039411600000000005,0,Yes
312068717,29138057,,1.1113339999999998,0,Yes
1458180754,11005798,,4.608787999999998,0,Yes
1458180754,255886038,,0.416472,0,Yes
1458180754,3901577931,,0.6265934156378601,891,No
312068888,3123615192,,1.177959513888889,720,No
312068888,11005798,,0.1368827489481066,1426,No
25600624,2628479858,,1.7628998531571223,908,No
25600624,246859505,,0.28823429752066115,121,No
25600624,25600626,,3.462569141193595,229,No
11007218,3877452744,,3.2828793577981643,436,No
3877452744,33476661,,2.760564683941892,1698,No
3877452744,3877390786,,1.6052951977401133,472,No
3877452744,11007218,,4.344012079510703,436,No
11007703,95145069,,0.15422192982456137,19,No
11007703,99094266,,3.6749581965932188,2133,No
95145069,10712397264,,5.680246983039791,1022,No
95145069,11007703,,0.028040350877192984,19,No
99094266,1211691752,,1.0327328247803975,721,No
99094266,3121844724,,0.9465308035714286,560,No
99094266,11007703,,3.579004553434277,1519,No
11008006,10049596107,,1.983340045121264,1182,No
11069287,11069422,,4.597287978560489,3265,No
11069287,28196757,,0.9291664785553047,443,No
11069287,203786445,,7.33015,0,Yes
11069422,2970916246,,4.3400976,0,Yes
11069422,11069287,,6.5025900000000005,0,Yes
28196757,11069287,,0.86657,0,Yes
28196757,78031855,,1.1615531999999997,0,Yes
203786445,3878906071,,0.24338630952380955,28,No
203786445,11069287,,4.155413832199547,3675,No
2970916246,11069422,,6.832521731936021,7252,No
2970916246,1762496623,,2.3261931684334507,283,No
11070701,3730499830,,3.9835642103205626,5116,No
11070701,3183738525,,2.630818624161074,1490,No
3730499830,11070701,,3.490246911196911,5180,No
3183738525,3183738527,,0.28136349206349204,21,No
3183738525,11070701,,2.5149964205816557,1490,No
11070793,3183738502,,1.7615702255109231,946,No
11070793,3183738527,,0.04730925925925926,27,No
3183738502,3183713693,,0.9123402335456475,471,No
3183738502,2134245708,,4.313318856024359,2299,No
3183738502,11070793,,1.5455285940803385,946,No
3183738527,3183738525,,0.0662031746031746,21,No
3183738527,11070793,,0.0315395061728395,27,No
3183738527,3183738530,,0.035699999999999996,22,No
11306937,9946740207,,1.7120040068201192,1564,No
11306937,11297162,,1.1997300492610836,609,No
11306937,11297128,,1.5594450941526268,1009,No
11297673,33476661,,0.473652,0,Yes
11297673,3061333822,,1.1845511999999996,0,Yes
11297673,60577293,,3.560939999999999,0,Yes
33476661,10581412104,,4.423704000000003,0,Yes
33476661,3877452744,,3.38851,0,Yes
33476661,11297673,,1.1206797494780794,479,No
3061333822,3212482939,,3.1848097622935936,1837,No
3061333822,11297673,,2.1560211693548386,992,No
3061333822,3884698667,,3.1207002714038983,1351,No
60577293,11297673,,2.9624570947840727,1783,No
60577293,159733475,,0.425892380952381,35,No
11297938,2241123813,,0.045450000000000004,25,No
11297938,29138057,,0.18020600775193799,86,No
11297938,2241122861,,0.055531250000000004,24,No
2241123813,11297938,,0.19695000000000001,25,No
2241123813,11298154,,4.770056041372824,2836,No
2241122861,11297938,,0.31467708333333333,24,No
2241122861,32547463,,6.085392105263162,3724,No
81580487,31353295,,0.014788333333333332,10,No
81580487,11298154,,1.3593356136820929,497,No
11298793,4385377370,,0.5134669590643275,342,No
11298793,3137621725,,0.07622999999999999,50,No
11298793,255886038,,2.337228476123595,1424,No
11298793,25599933,,1.2669022753128554,586,No
3137621725,11298793,,0.22869,50,No
255886038,1458180754,,0.41647200000000006,0,Yes
255886038,797425334,,0.25036440000000004,0,Yes
255886038,11298793,,2.8325219999999995,0,Yes
25599933,2572637252,,1.0690919999999997,0,Yes
25599933,10584342336,,0.29499479999999995,0,Yes
25599933,11298793,,1.2669022753128556,586,No
11305234,2078553223,,0.03559259259259259,18,No
11305234,1587510067,,1.8041829663212432,772,No
2078553223,11305234,,0.017796296296296296,18,No
2078553223,85890601,,1.597708620030581,872,No
1587510067,25740441,,1.4296088888888887,165,No
1587510067,11305234,,1.4234838082901557,772,No
9946740207,11306937,,1.7452468030690547,1564,No
3121547154,11769758,,0.9420616438356163,292,No
12961684,64804962,,0.20635752688172046,31,No
64804962,12961684,,0.17911833333333332,30,No
64804962,3057030904,,0.4354358974358975,325,No
784730663,3057282550,,1.1427593749999998,368,No
15017249,15017262,,0.011111666666666666,10,No
15017249,2480982236,,0.03334444444444444,18,No
15017262,15017249,,0.011111666666666666,10,No
2480982236,15017249,,0.03334444444444444,18,No
15017430,1065689955,,0.020439393939393938,11,No
15017430,25319473,,2.0723371015269216,3733,No
1065689955,15017430,,0.020439393939393938,11,No
1065689955,1054691691,,0.0368232,0,Yes
25319473,15017430,,1.3786992000000005,0,Yes
25319473,25319455,,3.4585740000000005,0,Yes
15612128,24953182,,0.26187839999999996,0,Yes
15612128,3150424525,,0.28451760000000004,0,Yes
24953182,3150424525,,0.7302298065984072,293,No
24953182,25106277,,1.3622638974358974,325,No
24953182,3866974284,,0.6415292383292384,407,No
24953182,15612128,,0.5290472727272728,220,No
3150424525,15612128,,0.8232569444444443,240,No
3150424525,24953182,,1.0787485779294652,293,No
3150424525,4516060826,,1.9822438386985115,963,No
3030258471,16573527,,0.2624909090909091,176,No
903673001,21647146,,0.03586388888888888,12,No
903673001,270909591,,1.0371257653061223,392,No
16573458,16573467,,0.050232500000000006,20,No
16573458,21529707,,2.7316112687155245,846,No
16573467,16573458,,0.050232500000000006,20,No
16573467,3844764341,,0.5831815302144249,342,No
3840043618,25949482,,2.031597978266363,1319,No
21529707,2272203032,,2.844531878698225,676,No
21529707,3013520884,,4.020552216029723,1256,No
21529707,16573458,,2.3984879432624115,846,No
21529707,1150742708,,3.029504207830223,911,No
3844764341,16573467,,1.1830253898635477,342,No
3844764341,3844764334,,0.08944800000000001,0,Yes
16573527,16573543,,0.05471399999999999,0,Yes
16573527,3030258471,,0.2078928,0,Yes
16573543,16573527,,0.05471399999999999,0,Yes
16573543,3844764355,,0.292806,0,Yes
3846282157,2187198469,,1.2474152494331068,588,No
3844764355,3844764334,,0.32727142857142855,749,No
3844764355,16573543,,0.6231310483870968,248,No
16574244,25623811,,0.2124402953586498,79,No
3861801989,3861801984,,0.3597586305278174,1402,No
25623811,16574244,,0.8661027426160337,79,No
25623811,529723416,,0.14161403508771928,57,No
25623811,2503004249,,0.2670152046783625,114,No
16574525,903656551,,0.931498353909465,324,No
18178749,21596886,,0.03286470588235294,17,No
18178749,299844554,,0.12991449275362318,92,No
21596886,21596884,,2.465859351145039,1048,No
21596886,18178749,,0.03286470588235295,17,No
299844554,3147881709,,0.25520731707317074,164,No
299844554,18178749,,0.6820510869565217,92,No
18178769,25873183,,0.031549019607843135,17,No
25873183,18178769,,0.031549019607843135,17,No
30587934,18627204,,0.9664763076923074,325,No
30587934,18627237,,0.8349266431924883,142,No
30587934,28796744,,1.5380184665226784,463,No
18627237,30587934,,0.17421000000000003,0,Yes
18628215,25600626,,1.4243484000000004,0,Yes
18628215,297481606,,1.103652,0,Yes
18628215,3057282550,,0.5651459999999999,0,Yes
18628215,3212449669,,0.9945215999999999,0,Yes
25600626,3123615192,,1.605224864024864,429,No
25600626,18628215,,2.9141059904601576,1188,No
25600626,25600624,,0.6387263464337699,229,No
297481606,33477164,,0.029319298245614033,19,No
297481606,18628215,,1.970330065359477,918,No
3057282550,784730663,,0.9754394665109033,856,No
3057282550,18628215,,1.2088507383966243,474,No
3057282550,2628479841,,0.8969955637707948,541,No
3212449669,752186307,,0.12895886524822694,47,No
3212449669,18628215,,1.714118554216867,830,No
3212449669,3884698667,,0.07007777777777777,42,No
3212449669,3686207058,,1.6520112359550563,890,No
2628479841,3057282550,,1.511603635243377,541,No
442828572,442828559,,0.18108397435897433,130,No
21527733,7193964013,,1.0262013556618819,418,No
7193964013,21527733,,1.2082693381180223,418,No
21527766,21596461,,0.3713522108843538,98,No
21527766,21540524,,2.806263064133016,842,No
21596461,21527766,,0.2906234693877551,98,No
21596461,311494772,,0.4984712643678161,87,No
21527804,24944059,,2.6331980000000006,0,Yes
21527804,221994427,,0.25201080000000003,0,Yes
21527804,21616650,,8.656924,0,Yes
24944059,248219538,,1.9491660000000002,0,Yes
24944059,21527804,,2.633197999999999,0,Yes
24944059,21528488,,2.960478107908355,2255,No
221994427,248219434,,0.10389423076923077,52,No
221994427,248219538,,2.1630213883366465,1006,No
221994427,21527804,,0.4000171428571429,210,No
21616650,3516121147,,0.8362754555198286,311,No
21616650,316299769,,1.0647433070866141,508,No
21616650,21527804,,6.718123361692345,4349,No
21528488,24944059,,2.9105824094604578,2255,No
21528488,25306315,,1.0777756613756613,945,No
21528488,21528509,,3.281545816326531,2940,No
25306315,25283723,,5.605459879084127,3887,No
25306315,21528488,,1.0611944973544976,945,No
21528509,270909591,,3.7761024923363986,2501,No
21528509,21528512,,0.48647964743589744,208,No
21528509,21528488,,3.215251961451247,2940,No
270909591,903673001,,0.9474482240437159,244,No
270909591,392656728,,1.2344125,1080,No
270909591,21528509,,3.509945488471279,2501,No
21528512,25272871,,3.7124283625731,2052,No
21528512,21528509,,0.5032548076923077,208,No
21528512,25283723,,4.524265499999999,0,Yes
25272871,21647146,,2.636532000000001,0,Yes
25272871,21528512,,2.459592,0,Yes
25272871,25281950,,1.4245776,0,Yes
25283723,21528512,,4.524265500000001,0,Yes
25283723,25306315,,5.338595768064678,3958,No
25283723,25281950,,3.786748377581119,1921,No
2272203032,2968174745,,4.303615920608108,1184,No
2272203032,3942350550,,0.9713936842105261,285,No
2272203032,21529707,,2.511838091715977,676,No
3013520884,3160439147,,0.9748833333333333,64,No
3013520884,297497356,,1.2610242424242422,759,No
3013520884,25949615,,1.411011147540984,305,No
3013520884,21529707,,4.9047400477707015,1256,No
1150742708,2255742337,,0.19970169388989711,551,No
1150742708,21529707,,3.6453924259055985,911,No
311494772,21596461,,0.31569846743295016,87,No
1242395773,21596884,,0.6839161764705882,272,No
1242395773,940312683,,1.0382785714285714,154,No
3516121147,270909809,,0.3311,40,No
3516121147,21616650,,0.7191968917470524,311,No
316299769,21616650,,1.2144728346456692,508,No
21647107,270909880,,2.1839598765432098,324,No
271287016,21647057,,1.039499317286036,2368,No
21647057,271287016,,0.3263552380952381,350,No
21647057,21647058,,0.024108,0,Yes
21647146,25272871,,2.636531999999999,0,Yes
21647146,903673001,,0.015493199999999999,0,Yes
25873175,29510455,,0.14443920000000002,0,Yes
248219538,248219540,,0.14273399999999997,0,Yes
248219538,24944059,,1.6574540816326533,980,No
248219538,221994427,,1.9185591691995942,1316,No
24953131,1636482042,,0.06941568627450981,17,No
1636482042,24953131,,0.021241200000000002,0,Yes
24953179,3998373587,,1.7599159999999998,0,Yes
24953179,24953181,,0.1900106425702811,83,No
24953179,3864841558,,0.7083345794392524,107,No
24953179,3043453331,,0.856326,0,Yes
3998373587,24953179,,1.7011200075075072,888,No
24953181,24953179,,0.3093043570219966,394,No
3864841558,24953179,,0.34593084112149536,107,No
3864841558,2187198440,,1.8557995271867618,987,No
3864841558,3864841571,,0.6422613803230542,227,No
3043453331,3866868163,,2.208774350649351,462,No
3043453331,30332565,,1.2479764851485147,606,No
3043453331,24953179,,0.9570702352941176,425,No
3043453331,461740603,,2.278988753099539,941,No
25106277,1952603929,,0.8663492369477912,415,No
25106277,3866974284,,0.9305052102950407,531,No
25106277,24953182,,1.5117806666666667,325,No
3866974284,25106277,,0.6352692,0,Yes
3866974284,3866868160,,1.0049508,0,Yes
3866974284,24953182,,0.4820352,0,Yes
24953550,288154942,,0.15516839999999996,0,Yes
288154942,24953550,,0.1551684,0,Yes
301388728,24973474,,1.0975568674698797,415,No
4030574404,4030574417,,0.8162801526717555,393,No
24973474,301388728,,1.2516969230769233,2015,No
24973474,25433992,,1.7904066961651917,565,No
24973474,4385377370,,0.3728426160337553,79,No
25433992,24973474,,1.4892167846607671,565,No
24973504,2287857538,,0.03515897435897435,13,No
24973504,311651883,,2.368930841121495,535,No
311651883,24973504,,1.8937403978052127,486,No
27598015,27254447,,0.014572222222222223,12,No
27598015,442832879,,0.3658793281653747,258,No
25281950,25272871,,1.9056675041876043,1194,No
25281950,25283723,,3.3863873156342175,1921,No
25281950,668019917,,2.647973065476191,1680,No
668019917,1798264163,,0.04927738095238096,42,No
668019917,25281950,,7.6774564980158715,1680,No
25319455,25319473,,3.2577878892733563,1734,No
25319455,560450644,,0.545545321637427,342,No
25319455,86661782,,3.1661206183322452,1531,No
86661782,1054691691,,0.8133922955974842,424,No
86661782,85807931,,0.9787160000000003,0,Yes
86661782,25740442,,0.9089220000000002,0,Yes
86661782,25319455,,1.8368832000000002,0,Yes
1703242714,3137684026,,0.2370528,0,Yes
28796755,29535607,,0.8036940000000001,0,Yes
2526224454,3930292765,,0.018515,10,No
2526224454,10584342336,,0.048094827586206895,29,No
2572637252,25599933,,1.9742698324022347,895,No
10584342336,25599933,,1.4162987654320989,243,No
10584342336,2526224454,,0.5290431034482759,29,No
2628479858,25600624,,2.162046989720999,908,No
246859505,25600624,,1.4072615702479339,121,No
3123615192,25600626,,0.645849778761062,226,No
3123615192,312068888,,1.8654956375838927,149,No
3123615192,3212482939,,1.456117576628353,348,No
29812910,29812911,,0.014309722222222222,12,No
25621848,3780365870,,0.2597083333333333,18,No
25621848,3979445014,,0.052301923076923086,26,No
3979445014,27410712,,0.7943834254143647,724,No
3979445014,25621848,,0.0871698717948718,26,No
3844764334,3844764341,,0.16788288288288283,74,No
3844764334,3844764355,,0.4564575187969924,266,No
529723416,25623811,,0.14161403508771928,57,No
2503004249,25623811,,0.26701520467836265,114,No
25694685,3869392962,,2.886930555555555,1092,No
3866868163,3866868160,,0.0265524,0,Yes
3866868163,3043453331,,0.5442420000000001,0,Yes
25694759,364757216,,0.2781576,0,Yes
364757216,3612398319,,0.0329544,0,Yes
364757216,25694759,,0.2781576,0,Yes
25694763,3842071988,,1.6142840511860175,534,No
25694763,1785077919,,1.29032662601626,492,No
25694763,3859885311,,1.2353846153846155,481,No
3842071988,2610458800,,0.1360080808080808,66,No
3842071988,25694763,,1.1815893570536828,534,No
3842071988,335688683,,2.120807612366849,1283,No
1785077919,3840043623,,0.3770525641025641,39,No
1785077919,25694763,,1.1745280826558264,492,No
3859885311,3859855171,,0.11362702702702702,37,No
3859885311,25694763,,0.9849688149688149,481,No
25740442,86661782,,1.2006895640686923,757,No
25949480,3840142105,,1.3729583333333333,654,No
25949480,3942350550,,4.44584745762712,2360,No
3840142105,3840043623,,0.15934007092198582,47,No
3840142105,25949480,,2.175251340482574,746,No
3942350550,25949480,,4.807064680851065,2350,No
3942350550,3840043623,,3.9091874623267033,1659,No
3942350550,2272203032,,1.02536,960,No
25949482,3840043623,,0.7525185185185185,207,No
25949482,30156768,,1.4362038686459742,741,No
25949482,3840043618,,1.0778592,0,Yes
3840043623,3942350550,,3.3116640000000004,0,Yes
3840043623,1785077919,,0.0460332,0,Yes
3840043623,25949482,,0.24381599999999998,0,Yes
3840043623,3840142105,,0.0490188,0,Yes
30156768,198189803,,1.4582456335616438,584,No
30156768,3020440809,,0.4482926470588236,68,No
30156768,25949482,,1.436203868645974,741,No
25949615,3137684031,,3.417663011695907,684,No
25949615,3013520884,,0.8715068852459017,305,No
25949615,3160439147,,0.5174748962655602,241,No
3160439147,3160483032,,0.9972625820568927,457,No
3160439147,25949615,,0.5842458506224066,241,No
3160439147,3013520884,,0.3361666666666666,64,No
440369967,277060367,,1.533194926253687,1130,No
6207267154,27145651,,0.8928033707865167,267,No
29535607,3057030904,,1.395650783699059,638,No
29535607,27145651,,2.361734346754314,1217,No
29535607,28796755,,1.688994881398252,1335,No
29535607,258315633,,1.72203537414966,1323,No
27145655,258315627,,1.5596381990521329,1055,No
27145655,2233985754,,0.3679344339622641,212,No
27145655,3907572085,,3.481533025568182,1408,No
27145655,6207267153,,0.23711900311526482,107,No
258315627,27279339,,0.5541742424242424,77,No
258315627,27145655,,1.2603204,0,Yes
2233985754,2986258962,,0.0714984,0,Yes
2233985754,27145655,,0.25527960000000005,0,Yes
3907572085,3907572087,,0.251392,0,Yes
3907572085,27145655,,1.6806851999999997,0,Yes
6207267153,27145655,,0.4911750778816199,107,No
27252028,27410728,,0.046782,0,Yes
27252028,31342626,,1.7444531999999997,0,Yes
27410728,27252028,,0.07219444444444445,36,No
27410728,27410733,,0.0490488,0,Yes
27410728,292884981,,0.0638093023255814,43,No
27410728,292884983,,0.0478776,0,Yes
31342626,27252028,,1.7444532000000006,0,Yes
31342626,3878906071,,0.8270920000000002,0,Yes
31342626,3879014011,,2.027816,0,Yes
1621457361,27252041,,0.4821480000000001,0,Yes
1621457361,8832171454,,3.2899740000000004,0,Yes
1620070195,27252041,,1.6680819999999996,0,Yes
1620070195,27252049,,0.10695600000000001,0,Yes
1620070195,30752442,,2.4949464,0,Yes
27252049,1620070195,,0.13659770114942527,87,No
27254447,27598015,,0.014572222222222223,12,No
27254447,335688683,,0.034353600000000005,0,Yes
335688683,27254447,,0.034353600000000005,0,Yes
335688683,3842071988,,1.5426119999999997,0,Yes
27254448,27598012,,0.0123348,0,Yes
27598012,27254448,,0.0123348,0,Yes
27598012,442832879,,0.038536799999999996,0,Yes
27279339,3123815945,,0.8359512000000001,0,Yes
27279339,3907571845,,0.23005559999999997,0,Yes
27279339,258315627,,0.08778119999999999,0,Yes
27279339,258315633,,0.08913239999999999,0,Yes
3123815945,27279339,,0.8359511999999998,0,Yes
3123815945,3057030904,,1.4672075999999998,0,Yes
3123815945,31272925,,1.2933156,0,Yes
3907571845,27279339,,0.23005559999999997,0,Yes
258315633,27279339,,0.08913239999999999,0,Yes
258315633,29535607,,0.8543448,0,Yes
27410692,277060338,,1.3432812000000003,0,Yes
27410692,27410694,,0.4220436,0,Yes
27410692,5723810625,,0.5860368000000001,0,Yes
277060338,27410779,,0.04878,0,Yes
277060338,27410692,,1.3432811999999998,0,Yes
27410694,27410692,,0.4220436000000001,0,Yes
27410694,297712369,,0.124802,0,Yes
27410694,297712356,,0.09314040000000001,0,Yes
5723810625,292884981,,2.0627079999999998,0,Yes
5723810625,27410692,,0.5860367999999999,0,Yes
5723810625,4862265262,,0.43244900000000014,0,Yes
297712369,1359769521,,3.2718160000000003,0,Yes
297712369,297712356,,0.074552,0,Yes
297712369,27410694,,0.124802,0,Yes
297712356,297712369,,0.07455200000000001,0,Yes
297712356,1359769517,,2.78524,0,Yes
297712356,27410694,,0.0931404,0,Yes
27410712,1359769517,,0.048928,0,Yes
27410712,1359769521,,0.0345264,0,Yes
27410712,3979445014,,0.8627004000000003,0,Yes
1359769517,27410712,,0.048928,0,Yes
1359769517,297712356,,2.78524,0,Yes
1359769517,1359769521,,0.024255,0,Yes
1359769521,297712369,,3.2718160000000007,0,Yes
1359769521,27410712,,0.0345264,0,Yes
1359769521,1359769517,,0.024255,0,Yes
27410733,3879014012,,1.2579960000000003,0,Yes
27410733,27410728,,0.0490488,0,Yes
292884981,27410728,,0.0493884,0,Yes
292884981,5723810625,,2.062708,0,Yes
292884983,27410728,,0.0478776,0,Yes
292884983,3912609284,,0.241488,0,Yes
3879014012,3879014011,,0.037068000000000004,0,Yes
3879014012,27410733,,1.2579960000000003,0,Yes
27410779,277060367,,0.051694799999999985,0,Yes
27410779,277060338,,0.04878,0,Yes
27410779,257756770,,0.046116,0,Yes
27410779,257756769,,0.0627276,0,Yes
277060367,27410779,,0.051694799999999985,0,Yes
277060367,440369967,,1.3558776,0,Yes
257756770,27410779,,0.046116,0,Yes
257756770,2574657979,,1.061454,0,Yes
257756769,27410779,,0.06272760000000001,0,Yes
27413455,909453442,,0.24209519999999995,0,Yes
27413455,27413456,,0.052992,0,Yes
909453442,27413455,,0.2420952,0,Yes
27413456,27413455,,0.052992,0,Yes
442832879,27598012,,0.038536799999999996,0,Yes
442832879,27598015,,0.3089352,0,Yes
78031855,30814232,,4.837575999999999,0,Yes
78031855,28196757,,1.1615532,0,Yes
78031855,30752442,,1.7314991999999998,0,Yes
2986258962,2233985754,,0.0714984,0,Yes
28796744,30151418,,0.0212916,0,Yes
28796744,30587934,,0.5513052000000002,0,Yes
30151418,28796744,,0.021291599999999997,0,Yes
206127721,1619208224,,0.33696719999999997,0,Yes
28796761,33477164,,0.4332516,0,Yes
33477164,297481606,,0.0200544,0,Yes
33477164,28796761,,0.43325159999999996,0,Yes
29401767,8832171454,,0.009758571428571427,0,Yes
8832171454,29401767,,0.009758571428571427,0,Yes
8832171454,1621457361,,3.2899740000000004,0,Yes
95789730,290077166,,0.20259000000000002,0,Yes
3057030904,64804962,,0.14556000000000002,0,Yes
3057030904,3123815945,,1.4672075999999996,0,Yes
3057030904,29535607,,0.7632216000000001,0,Yes
29812911,29812910,,0.028619444444444444,12,No
29812911,2574657979,,0.03652222222222222,15,No
3912609301,2209463058,,0.2792123762376238,101,No
2574657979,29812911,,0.07304444444444444,15,No
2574657979,257756770,,1.1966786922209691,887,No
29954400,29954442,,2.986856019783938,2561,No
29954442,29954445,,0.1174348717948718,65,No
29954442,149442439,,0.12198707013268348,1231,No
29954442,29954400,,3.4040146817649357,2561,No
29954445,149442439,,0.1821329365079365,42,No
29954445,29954442,,0.10065846153846154,65,No
29954445,29954503,,2.457746491833449,1449,No
149442439,149440544,,1.2424416035353536,792,No
149442439,29954445,,0.16557539682539685,42,No
149442439,29954442,,0.1206240861088546,1231,No
29954503,29954445,,2.457746491833449,1449,No
30058364,30261537,,0.9267256627185562,591,No
30058364,7128283652,,2.1226184854724317,1457,No
7117637008,30151413,,0.7936404230317274,851,No
7128283652,30058364,,1.1632895535327266,769,No
30151413,7117637008,,0.40523280000000006,0,Yes
30151413,3160432775,,0.08798399999999999,0,Yes
30151413,244038923,,0.11955700000000001,0,Yes
198189803,30156768,,0.7047851999999998,0,Yes
198189803,3859855171,,0.04249080000000001,0,Yes
3020440809,30156768,,0.0812904,0,Yes
30332565,3043453331,,1.2100380000000002,0,Yes
3612398319,364757216,,0.0329544,0,Yes
30404993,30409405,,0.0152772,0,Yes
1619208224,206127721,,0.33696719999999997,0,Yes
31350685,30709473,,0.7685196000000002,0,Yes
10712397266,30709473,,0.5170692,0,Yes
30752442,1620070195,,2.4949464,0,Yes
30752442,78031855,,1.7314991999999996,0,Yes
30814232,78031855,,4.837575999999999,0,Yes
1942977739,30847942,,0.5105844000000002,0,Yes
74069309,30848648,,1.7988036000000003,0,Yes
31350684,30848648,,0.7348007999999999,0,Yes
31272925,246859538,,0.0403512,0,Yes
31272925,3123815945,,1.2933156,0,Yes
246859538,31272925,,0.0403512,0,Yes
3878906071,415524744,,0.030129600000000006,0,Yes
3878906071,31342626,,0.8270920000000002,0,Yes
3878906071,203786445,,0.0377436,0,Yes
3879014011,3879014012,,0.037068000000000004,0,Yes
3879014011,31342626,,2.027816,0,Yes
31353295,81580487,,0.010647599999999998,0,Yes
31353295,9976058363,,0.48767399999999994,0,Yes
31353296,705464210,,0.061143,0,Yes
9976058363,31353295,,0.48767400000000005,0,Yes
705464210,31353296,,0.22079416666666674,60,No
31384856,296239234,,0.01686111111111111,6,No
31384856,1774541625,,0.0343984126984127,21,No
296239234,31384856,,0.01686111111111111,6,No
296239234,2626739932,,0.0338875,24,No
1774541625,31384856,,0.05159761904761905,21,No
32547462,32547463,,0.4884053333333333,50,No
32547463,34030529,,3.8114888788317627,2762,No
32547463,32547462,,0.2594653333333333,50,No
32547463,2241122861,,6.56756798245614,3724,No
34030529,149435529,,9.190034625289726,3883,No
34030529,32547463,,3.694980485155684,2762,No
34030529,34030520,,1.156288645306352,593,No
10581412104,3073762516,,2.757080986475736,1257,No
10581412104,1098659654,,12.410941885325562,1029,No
10581412104,33476661,,3.674780423996391,2217,No
34030507,34030520,,2.0754500663255637,1759,No
34030520,34030529,,1.0736965992130407,593,No
34030520,34030507,,2.075450066325564,1759,No
149435529,149440544,,2.252739326217479,1499,No
149435529,81580581,,7.636920000000002,0,Yes
149435529,34030529,,10.625777999999999,0,Yes
159733475,60577293,,0.0412788,0,Yes
81580494,81580581,,3.7027939999999995,0,Yes
81580581,149435529,,7.636919999999999,0,Yes
81580581,3183713693,,3.025816486161251,1939,No
81580581,3193824078,,1.581779041330398,1363,No
81580581,81580494,,3.083994642535566,1851,No
3183713693,81580581,,3.1754447739384566,1939,No
3183713693,3183738502,,1.094808280254777,471,No
3183713693,9976058359,,1.445545774091627,1266,No
3193824078,3193824080,,0.016017857142857143,14,No
3193824078,81580581,,1.6317299584250424,1363,No
81580688,250923558,,1.3242502736318407,670,No
250923558,81580688,,1.2236743034825872,670,No
84465051,3193824080,,0.9605505098039216,850,No
3193824080,3193824078,,0.016017857142857143,14,No
3193824080,84465051,,1.010234156862745,850,No
85748936,85807931,,0.5282718146718146,259,No
85807931,86661782,,1.694314867617108,491,No
85807931,85807521,,0.20307650523560208,764,No
85807931,85748936,,0.4952548262548262,259,No
85807521,85807931,,0.39563048245614035,76,No
3498130773,3498136595,,0.18428844086021504,124,No
85890601,2078553223,,1.6145266055045866,872,No
1054691691,1065689955,,0.0368232,0,Yes
1054691691,86661782,,0.5067599999999999,0,Yes
3121844724,99094266,,0.6695460000000001,0,Yes
10712397264,95145069,,1.225734,0,Yes
290077166,95789730,,0.20259000000000002,0,Yes
1211691752,99094266,,2.215185594154949,1209,No
133281288,316299777,,0.034435,20,No
133281288,270909880,,1.4736413065843625,324,No
316299777,133281288,,0.034435,20,No
149440544,149442439,,1.1099144991582492,792,No
149440544,2134245708,,2.2107828208282085,1626,No
149440544,149435529,,2.302800200133422,1499,No
2134245708,3183738502,,4.596432448890824,2299,No
2134245708,3536865195,,2.000710494571773,1658,No
2134245708,149440544,,2.2606501025010255,1626,No
442828559,442828572,,0.16462179487179485,130,No
3859855171,461740603,,0.06461801801801802,37,No
3859855171,3859885311,,0.06492972972972973,37,No
3859855171,198189803,,0.0638,37,No
3859855171,3859855174,,0.06357592592592592,36,No
211626783,248219543,,0.050995454545454545,11,No
211626783,271246517,,1.6161865656565657,1485,No
248219543,211626783,,0.016998484848484846,11,No
248219543,1657949311,,0.05109705882352942,34,No
271246517,211626783,,1.8827740404040405,1485,No
248219434,221994427,,0.06483,0,Yes
248219434,248219433,,0.054324,0,Yes
248219540,248219538,,0.142734,0,Yes
248219540,1657949311,,0.1809936,0,Yes
1657949311,248219543,,0.0416952,0,Yes
1657949311,248219540,,0.28489733333333334,150,No
797425334,255886038,,0.675200647249191,206,No
3137721924,2255742337,,0.9387914728682168,258,No
3840988371,3840988376,,0.05081944444444445,18,No
392656728,270909809,,0.10335749489647128,1143,No
392656728,270909591,,0.8886453488372092,516,No
270909809,392656728,,0.05140142857142858,35,No
270909809,270909880,,1.4756453488372092,774,No
270909809,3516121147,,0.07883333333333334,40,No
3912609284,292884983,,0.7508955223880597,201,No
534316143,534316145,,0.1156,38,No
2626739932,346633485,,1.6628301384451543,1878,No
2626739932,296239234,,0.10166250000000002,24,No
297497356,2970916284,,0.14456764705882352,1683,No
297497356,3013520884,,1.227839393939394,759,No
2970916284,2970916282,,0.43063924731182796,31,No
2970916284,297497356,,0.19453411131059248,557,No
3147881709,299844554,,0.30624878048780485,164,No
311941598,903656551,,3.9161396497530334,2227,No
316507156,752186307,,2.477137441549766,998,No
752186307,3212449669,,0.054549600000000004,0,Yes
752186307,316507156,,1.194612,0,Yes
2482228310,3239504185,,0.3663204000000001,0,Yes
346633485,2626739932,,2.2484124,0,Yes
3506480443,7095690295,,0.869232,0,Yes
433065573,2970916275,,0.3485696428571428,196,No
2970916275,433065573,,0.9461176020408164,196,No
461740603,3043453331,,2.379802903739061,838,No
461740603,3859855171,,0.4200171171171172,37,No
3861801996,3861801984,,0.2826951844903064,533,No
3861801996,3025805502,,1.3424298472385434,851,No
1798264163,668019917,,0.04927738095238096,42,No
1798264163,3516471211,,0.016616666666666665,26,No
3884698667,3212449669,,0.14015555555555553,42,No
3884698667,3061333822,,3.2700954971625955,1351,No
4862265262,4862265259,,0.024944444444444446,9,No
4862265262,5723810625,,0.9689305424528302,424,No
903648589,5824956622,,0.6533468085106384,141,No
4810580223,4810580222,,2.6883678492239467,451,No
4810580223,903648936,,0.14919,35,No
5824956622,903648589,,0.8878815602836879,141,No
903648936,2260849842,,0.1318888888888889,12,No
903648936,4810580223,,0.14919,35,No
2260849842,903648936,,0.05928659188034188,624,No
3516471210,3516471211,,0.03158518518518519,27,No
940312683,1242395773,,0.18568440000000003,0,Yes
940312673,1269612832,,0.7236468,0,Yes
1269612832,940312673,,0.7236467999999999,0,Yes
1098659654,10581412104,,12.358896000000001,0,Yes
4516060826,3150424525,,1.9249420000000002,0,Yes
2255742337,3137721924,,0.9454358598207008,1227,No
2255742337,1150742708,,0.21735979532163743,456,No
3074985402,3073762517,,0.04171666666666667,15,No
1458120323,1762496623,,0.03254791666666666,16,No
3901577931,1458180754,,0.7504619307832423,183,No
4862265259,4862265262,,0.024944444444444446,9,No
3239504185,2482228310,,0.6005252459016392,305,No
3025631931,3866701865,,1.3253633757961782,628,No
3516471211,1798264163,,0.03323333333333333,26,No
3516471211,3516471210,,0.03158518518518519,27,No
3686207071,3212482939,,0.7443319999999999,125,No
3686207058,3212449669,,2.4449766292134836,890,No
9946740209,1803689298,,0.1578513157894737,38,No
1874531382,2209463058,,0.12869629629629628,27,No
2209463058,3912609301,,0.2627881188118812,101,No
2209463058,1874531382,,0.048261111111111116,27,No
2043723883,4533984370,,0.32516236559139783,31,No
4533984370,2043723883,,0.16716139194139193,455,No
3907572087,3907572085,,0.5094440490312376,843,No
3536865195,2134245708,,1.984037907117009,1658,No
2187198440,3025805502,,0.014718000000000004,0,Yes
2187198440,3864841558,,1.1775048000000001,0,Yes
3025805502,2187198440,,0.014718000000000004,0,Yes
3025805502,3861801996,,1.0154736,0,Yes
2187198469,3846282157,,0.5127240000000001,0,Yes
3840988369,3881935061,,0.2242937771345875,1382,No
2260731086,4810580222,,0.4317670952534019,3111,No
4810580222,4810580223,,1.7890717131474105,1506,No
4810580222,2260731086,,0.585426,100,No
2968174745,2272203032,,3.160605429713524,3002,No
3930292765,2526224454,,0.03703,10,No
2610458800,3842071988,,0.2550151515151516,66,No
2610458800,3859855174,,1.197980071174377,562,No
3859855174,3859855171,,0.0794699074074074,36,No
3859855174,2610458800,,1.1647028469750893,562,No
3160483032,3160439147,,0.9141573668854849,457,No
3371924911,2970916282,,0.320625,24,No
3371924911,9982673425,,0.8983192377495461,551,No
2970916282,2970916284,,0.07123727477477476,1036,No
2970916282,3371924911,,0.10895891364902507,1077,No
3866701865,3025631931,,1.1408191082802552,628,No
3866701865,3864841571,,1.4022123243933589,261,No
3212482939,3123615192,,4.22110488505747,348,No
3212482939,3686207071,,0.505584,125,No
3212482939,3061333822,,3.518297695518054,1837,No
3073762516,10581412104,,2.490288000000001,0,Yes
9976058359,3183713693,,1.5145332,0,Yes
3183738530,3183738527,,0.023562000000000003,0,Yes
3498136595,3498130773,,0.1495752,0,Yes
7095690295,3506480443,,0.869232,0,Yes
3881935061,3840988369,,0.1997684210526316,76,No
3840988376,3840988371,,0.052089930555555546,1440,No
3861801984,3861801989,,0.4589938775510204,294,No
3861801984,3861801996,,0.1926430894308943,41,No
3866868160,3866868163,,0.12179375768757687,542,No
3866868160,3866974284,,2.4891651531728662,914,No
3877390786,3877452744,,1.6319452269170576,852,No
3952754484,3952754481,,0.027075000000000002,8,No
4030574417,4030574404,,2.158318681318681,1001,No
