,gridID_lat,gridID_lon,inner_grid,inner_gr_1,lanelength,fishnetID,osmid,y,x,street_cou,lon,lat,ref,highway,lanecapaci,geometry
0,0,0,None,None,18226.998000000007,0,2076579875,45.4368727,-73.8941345,3,-73.8941345,45.4368727,49,motorway_junction,14000.0,POINT (-73.89413450000001 45.4368727)
1,0,0,None,None,18226.998000000007,0,221997605,45.4255431,-73.8937463,3,-73.8937463,45.4255431,45,motorway_junction,6000.0,POINT (-73.8937463 45.4255431)
2,0,0,None,None,18226.998000000007,0,109972106,45.4400227,-73.8836205,3,-73.8836205,45.4400227,,,4100.0,POINT (-73.88362050000001 45.4400227)
3,0,0,None,None,18226.998000000007,0,35834685,45.42834,-73.8760887,3,-73.8760887,45.42834,,,10000.0,POINT (-73.8760887 45.42834)
4,0,1,None,None,33460.03399999999,1,101395196,45.4412812,-73.8199746,4,-73.8199746,45.4412812,50,motorway_junction,12000.0,POINT (-73.81997459999999 45.4412812)
5,0,1,None,None,33460.03399999999,1,222401399,45.4354653,-73.8473432,3,-73.8473432,45.4354653,,,3500.0,POINT (-73.8473432 45.4354653)
6,0,1,None,None,33460.03399999999,1,96070653,45.4437483,-73.8125054,1,-73.8125054,45.4437483,,,2000.0,POINT (-73.81250540000001 45.4437483)
7,0,1,None,None,33460.03399999999,1,3640108610,45.4428566,-73.8153834,3,-73.8153834,45.4428566,,,5500.0,POINT (-73.8153834 45.4428566)
8,0,4,None,None,4235.173,2,116415774,45.4371616,-73.6919424,3,-73.6919424,45.4371616,,traffic_signals,7700.0,POINT (-73.6919424 45.4371616)
9,0,4,None,None,4235.173,2,5116306765,45.4315729,-73.6692718,2,-73.6692718,45.4315729,,traffic_signals,3500.0,POINT (-73.6692718 45.4315729)
10,0,4,None,None,4235.173,2,274301543,45.4396808,-73.6991866,3,-73.6991866,45.4396808,,,4200.0,POINT (-73.6991866 45.4396808)
11,0,5,0,0,12159.123,3,4059882019,45.4251971,-73.6497035,4,-73.6497035,45.4251971,,,15400.0,POINT (-73.6497035 45.4251971)
12,0,5,0,0,12159.123,3,277670318,45.4271686,-73.6443837,3,-73.6443837,45.4271686,,,14000.0,POINT (-73.64438370000001 45.4271686)
13,0,5,0,0,12159.123,3,290735866,45.4240602,-73.645751,4,-73.645751,45.4240602,,,7000.0,POINT (-73.645751 45.4240602)
14,0,5,0,0,12159.123,3,4221549613,45.422398,-73.6516448,3,-73.6516448,45.422398,1,motorway_junction,4700.0,POINT (-73.6516448 45.422398)
15,0,5,0,1,14621.334999999997,4,1700228879,45.4152504,-73.6221429,3,-73.6221429,45.4152504,,,12600.0,POINT (-73.6221429 45.4152504)
16,0,5,0,1,14621.334999999997,4,1700549630,45.4190863,-73.6217378,3,-73.6217378,45.4190863,,,12600.0,POINT (-73.62173780000001 45.4190863)
17,0,5,0,1,14621.334999999997,4,5413968040,45.4254602,-73.6241384,3,-73.6241384,45.4254602,,,5600.0,POINT (-73.62413840000001 45.4254602)
18,0,5,0,1,14621.334999999997,4,612762780,45.4233122,-73.6222128,4,-73.6222128,45.4233122,,traffic_signals,5600.0,POINT (-73.6222128 45.4233122)
19,0,5,1,0,44996.541,5,248512280,45.4409463,-73.6513298,4,-73.6513298,45.4409463,254,,19600.0,POINT (-73.6513298 45.4409463)
20,0,5,1,0,44996.541,5,612002375,45.4436483,-73.6481422,4,-73.6481422,45.4436483,,traffic_signals,8400.0,POINT (-73.6481422 45.4436483)
21,0,5,1,0,44996.541,5,1209936279,45.4429872,-73.6588231,3,-73.6588231,45.4429872,,,12000.0,POINT (-73.65882310000001 45.4429872)
22,0,5,1,0,44996.541,5,4526362273,45.4332997,-73.6460394,3,-73.6460394,45.4332997,,,12600.0,POINT (-73.64603940000001 45.4332997)
23,0,5,1,1,11797.38,6,286270655,45.4375894,-73.6425517,4,-73.6425517,45.4375894,,,14000.0,POINT (-73.6425517 45.4375894)
24,0,5,1,1,11797.38,6,612002236,45.4303804,-73.6351444,3,-73.6351444,45.4303804,,,3500.0,POINT (-73.6351444 45.4303804)
25,0,5,1,1,11797.38,6,290776436,45.4341872,-73.6393099,1,-73.6393099,45.4341872,,,1400.0,POINT (-73.6393099 45.4341872)
26,0,5,1,1,11797.38,6,1543768655,45.4289198,-73.6395237,3,-73.6395237,45.4289198,,,9800.0,POINT (-73.6395237 45.4289198)
27,0,6,None,None,44151.918999999994,7,1700228919,45.4215141,-73.6202701,3,-73.6202701,45.4215141,,,14000.0,POINT (-73.6202701 45.4215141)
28,0,6,None,None,44151.918999999994,7,1669418036,45.4294556,-73.609012,1,-73.609012,45.4294556,,,700.0,POINT (-73.60901200000001 45.4294556)
29,0,6,None,None,44151.918999999994,7,609404785,45.4416167,-73.6194306,1,-73.6194306,45.4416167,,,700.0,POINT (-73.6194306 45.4416167)
30,0,6,None,None,44151.918999999994,7,32662079,45.4262224,-73.5963069,2,-73.5963069,45.4262224,,,5600.0,POINT (-73.5963069 45.4262224)
31,0,8,None,None,20477.37,8,31147313,45.4317283,-73.4905809,3,-73.4905809,45.4317283,50,motorway_junction,14000.0,POINT (-73.4905809 45.4317283)
32,0,8,None,None,20477.37,8,275742020,45.4389825,-73.4922213,3,-73.4922213,45.4389825,51,motorway_junction,14000.0,POINT (-73.4922213 45.4389825)
33,0,8,None,None,20477.37,8,31149498,45.413167,-73.502453,3,-73.502453,45.413167,46,motorway_junction,6000.0,POINT (-73.502453 45.413167)
34,0,8,None,None,20477.37,8,275996678,45.4350826,-73.490826,3,-73.490826,45.4350826,,,8000.0,POINT (-73.490826 45.4350826)
35,1,0,None,None,28311.274999999998,9,110796363,45.4689104,-73.875521,3,-73.875521,45.4689104,,traffic_signals,16800.0,POINT (-73.87552100000001 45.4689104)
36,1,0,None,None,28311.274999999998,9,109929307,45.446629,-73.8711907,3,-73.8711907,45.446629,,,16000.0,POINT (-73.8711907 45.446629)
37,1,0,None,None,28311.274999999998,9,109828145,45.4516155,-73.8578567,3,-73.8578567,45.4516155,,,7000.0,POINT (-73.8578567 45.4516155)
38,1,0,None,None,28311.274999999998,9,2076644027,45.4449185,-73.8746697,3,-73.8746697,45.4449185,49,motorway_junction,16000.0,POINT (-73.8746697 45.4449185)
39,1,1,None,None,42065.47399999999,10,4322954829,45.4561222,-73.8435555,4,-73.8435555,45.4561222,52,motorway_junction,16000.0,POINT (-73.84355549999999 45.4561222)
40,1,1,None,None,42065.47399999999,10,116282130,45.4660232,-73.822404,3,-73.822404,45.4660232,,,5600.0,POINT (-73.82240400000001 45.4660232)
41,1,1,None,None,42065.47399999999,10,96060293,45.4658999,-73.8273977,3,-73.8273977,45.4658999,,,6300.0,POINT (-73.82739770000001 45.4658999)
42,1,1,None,None,42065.47399999999,10,4506424200,45.4678013,-73.8295575,3,-73.8295575,45.4678013,,,5600.0,POINT (-73.82955750000001 45.4678013)
43,1,2,None,None,56397.70800000001,11,98403164,45.4490725,-73.7722185,4,-73.7722185,45.4490725,54,motorway_junction,16000.0,POINT (-73.77221849999999 45.4490725)
44,1,2,None,None,56397.70800000001,11,106449703,45.4538737,-73.7820513,3,-73.7820513,45.4538737,,,4900.0,POINT (-73.78205130000001 45.4538737)
45,1,2,None,None,56397.70800000001,11,98446729,45.4739104,-73.8057661,3,-73.8057661,45.4739104,55,motorway_junction,14000.0,POINT (-73.8057661 45.4739104)
46,1,2,None,None,56397.70800000001,11,35835068,45.449286,-73.7898792,3,-73.7898792,45.449286,,,10000.0,POINT (-73.7898792 45.449286)
47,1,3,None,None,52869.147999999994,12,8810081964,45.448492,-73.7274179,4,-73.7274179,45.448492,58,motorway_junction,18000.0,POINT (-73.72741790000001 45.448492)
48,1,3,None,None,52869.147999999994,12,8750179621,45.4482534,-73.714744,3,-73.714744,45.4482534,,,18000.0,POINT (-73.714744 45.4482534)
49,1,3,None,None,52869.147999999994,12,95866485,45.4473838,-73.7441247,3,-73.7441247,45.4473838,54,motorway_junction,14000.0,POINT (-73.7441247 45.4473838)
50,1,3,None,None,52869.147999999994,12,35835055,45.4479718,-73.7467601,3,-73.7467601,45.4479718,,,4100.0,POINT (-73.7467601 45.4479718)
51,1,4,None,None,54414.695999999996,13,4198101851,45.447311,-73.6826062,3,-73.6826062,45.447311,,,22000.0,POINT (-73.6826062 45.447311)
52,1,4,None,None,54414.695999999996,13,245488216,45.47008,-73.7127769,3,-73.7127769,45.47008,,,4800.0,POINT (-73.71277689999999 45.47008)
53,1,4,None,None,54414.695999999996,13,116346933,45.4732616,-73.7076031,3,-73.7076031,45.4732616,,,14000.0,POINT (-73.7076031 45.4732616)
54,1,4,None,None,54414.695999999996,13,245474340,45.4694114,-73.7015366,3,-73.7015366,45.4694114,,,14000.0,POINT (-73.7015366 45.4694114)
55,1,5,None,None,62441.38800000001,14,6836090480,45.4478559,-73.6374865,3,-73.6374865,45.4478559,,,20000.0,POINT (-73.63748649999999 45.4478559)
56,1,5,None,None,62441.38800000001,14,2086919144,45.4447289,-73.664986,3,-73.664986,45.4447289,,motorway_junction,10000.0,POINT (-73.664986 45.4447289)
57,1,5,None,None,62441.38800000001,14,4968658664,45.45821,-73.6278763,3,-73.6278763,45.45821,,,7200.0,POINT (-73.6278763 45.45821)
58,1,5,None,None,62441.38800000001,14,269187558,45.4745401,-73.6583245,3,-73.6583245,45.4745401,,,4200.0,POINT (-73.65832450000001 45.4745401)
59,1,6,0,0,7337.638999999999,15,615001764,45.4477474,-73.609856,4,-73.609856,45.4477474,,traffic_signals,7000.0,POINT (-73.60985599999999 45.4477474)
60,1,6,0,0,7337.638999999999,15,611541585,45.4496184,-73.6191992,3,-73.6191992,45.4496184,,,4200.0,POINT (-73.6191992 45.4496184)
61,1,6,0,0,7337.638999999999,15,614983229,45.4443308,-73.6139105,3,-73.6139105,45.4443308,,,3500.0,POINT (-73.6139105 45.4443308)
62,1,6,0,1,9481.711000000001,16,615001851,45.4453647,-73.5926358,4,-73.5926358,45.4453647,,traffic_signals,5600.0,POINT (-73.5926358 45.4453647)
63,1,6,0,1,9481.711000000001,16,615001798,45.4467056,-73.6013337,3,-73.6013337,45.4467056,,,5600.0,POINT (-73.6013337 45.4467056)
64,1,6,0,1,9481.711000000001,16,615028247,45.4451739,-73.5926297,3,-73.5926297,45.4451739,,traffic_signals,4200.0,POINT (-73.5926297 45.4451739)
65,1,6,1,0,29569.899999999994,17,5071727027,45.461675,-73.6138825,3,-73.6138825,45.461675,68,motorway_junction,18000.0,POINT (-73.6138825 45.461675)
66,1,6,1,0,29569.899999999994,17,6160129071,45.4633397,-73.6071142,4,-73.6071142,45.4633397,,,14700.0,POINT (-73.6071142 45.4633397)
67,1,6,1,0,29569.899999999994,17,220784854,45.4654484,-73.6143802,2,-73.6143802,45.4654484,,,3500.0,POINT (-73.6143802 45.4654484)
68,1,6,1,0,29569.899999999994,17,6162103795,45.4574953,-73.6167266,3,-73.6167266,45.4574953,,,9800.0,POINT (-73.61672660000001 45.4574953)
69,1,6,1,1,6548.740000000002,18,7725733430,45.4654596,-73.5952379,3,-73.5952379,45.4654596,63,motorway_junction,18000.0,POINT (-73.5952379 45.4654596)
70,1,6,1,1,6548.740000000002,18,6323360993,45.4647415,-73.5920742,3,-73.5920742,45.4647415,62,motorway_junction,18000.0,POINT (-73.5920742 45.4647415)
71,1,6,1,1,6548.740000000002,18,1242690444,45.4646783,-73.5952502,3,-73.5952502,45.4646783,634,,12600.0,POINT (-73.5952502 45.4646783)
72,1,6,1,2,7264.293,19,3716140868,45.4649722,-73.5871511,3,-73.5871511,45.4649722,,,16000.0,POINT (-73.5871511 45.4649722)
73,1,6,1,2,7264.293,19,1734380596,45.462471,-73.5793539,4,-73.5793539,45.462471,,,14000.0,POINT (-73.5793539 45.462471)
74,1,6,1,2,7264.293,19,6160120116,45.4652028,-73.5822848,3,-73.5822848,45.4652028,,,10000.0,POINT (-73.5822848 45.4652028)
75,1,6,1,2,7264.293,19,4675051537,45.463429,-73.5816732,4,-73.5816732,45.463429,,,7700.0,POINT (-73.5816732 45.463429)
76,1,6,2,0,16640.601,20,32124365,45.4742976,-73.6088458,4,-73.6088458,45.4742976,,traffic_signals,26400.0,POINT (-73.6088458 45.4742976)
77,1,6,2,0,16640.601,20,1767750220,45.472529,-73.6119875,3,-73.6119875,45.472529,,,15400.0,POINT (-73.6119875 45.472529)
78,1,6,2,0,16640.601,20,98430305,45.4757277,-73.6161614,3,-73.6161614,45.4757277,64,motorway_junction,16000.0,POINT (-73.6161614 45.4757277)
79,1,6,2,0,16640.601,20,220743779,45.4704811,-73.6074966,5,-73.6074966,45.4704811,364,,11200.0,POINT (-73.6074966 45.4704811)
80,1,6,2,1,23881.654,21,4033288124,45.4744223,-73.595843,4,-73.595843,45.4744223,,,26000.0,POINT (-73.595843 45.4744223)
81,1,6,2,1,23881.654,21,6718629089,45.4709394,-73.6013478,3,-73.6013478,45.4709394,,,4900.0,POINT (-73.6013478 45.4709394)
82,1,6,2,1,23881.654,21,4900415641,45.466347,-73.5967609,3,-73.5967609,45.466347,,,8000.0,POINT (-73.59676090000001 45.466347)
83,1,6,2,1,23881.654,21,3446935215,45.4690774,-73.6044754,4,-73.6044754,45.4690774,,,9100.0,POINT (-73.6044754 45.4690774)
84,1,6,2,2,15882.629,22,6947008048,45.47058,-73.578181,4,-73.578181,45.47058,61,motorway_junction,16000.0,POINT (-73.578181 45.47058)
85,1,6,2,2,15882.629,22,5296584812,45.4689373,-73.5840478,3,-73.5840478,45.4689373,,,14000.0,POINT (-73.58404779999999 45.4689373)
86,1,6,2,2,15882.629,22,31703529,45.4761963,-73.5741092,3,-73.5741092,45.4761963,,,3500.0,POINT (-73.5741092 45.4761963)
87,1,6,2,2,15882.629,22,3560183207,45.4766858,-73.5853633,2,-73.5853633,45.4766858,,,8400.0,POINT (-73.5853633 45.4766858)
88,1,7,None,None,66388.285,23,5291897414,45.4708581,-73.5504831,4,-73.5504831,45.4708581,57-S,motorway_junction,20000.0,POINT (-73.55048309999999 45.4708581)
89,1,7,None,None,66388.285,23,32662122,45.4521013,-73.567579,3,-73.567579,45.4521013,,,5600.0,POINT (-73.56757899999999 45.4521013)
90,1,7,None,None,66388.285,23,6871153039,45.4749301,-73.5731994,4,-73.5731994,45.4749301,,,7500.0,POINT (-73.57319939999999 45.4749301)
91,1,7,None,None,66388.285,23,5299879644,45.473849,-73.5544094,3,-73.5544094,45.473849,,,12100.0,POINT (-73.5544094 45.473849)
92,1,8,None,None,45470.433,24,3688210919,45.4669733,-73.4919543,3,-73.4919543,45.4669733,,,40000.0,POINT (-73.4919543 45.4669733)
93,1,8,None,None,45470.433,24,31141827,45.4747929,-73.4986988,3,-73.4986988,45.4747929,76,motorway_junction,16000.0,POINT (-73.4986988 45.4747929)
94,1,8,None,None,45470.433,24,262070652,45.465083,-73.4941482,3,-73.4941482,45.465083,,,5500.0,POINT (-73.4941482 45.465083)
95,1,8,None,None,45470.433,24,261995690,45.4675866,-73.4878749,2,-73.4878749,45.4675866,,,6000.0,POINT (-73.48787489999999 45.4675866)
96,2,1,None,None,47696.423,25,110796375,45.4918595,-73.8519522,3,-73.8519522,45.4918595,,traffic_signals,16100.0,POINT (-73.8519522 45.4918595)
97,2,1,None,None,47696.423,25,5412431777,45.5060114,-73.8216936,3,-73.8216936,45.5060114,,,5600.0,POINT (-73.8216936 45.5060114)
98,2,1,None,None,47696.423,25,4341072885,45.5011591,-73.8143652,3,-73.8143652,45.5011591,,,5600.0,POINT (-73.8143652 45.5011591)
99,2,1,None,None,47696.423,25,604129352,45.5003672,-73.83899,3,-73.83899,45.5003672,,,9800.0,POINT (-73.83899 45.5003672)
100,2,2,None,None,28247.174000000003,26,605795761,45.5089681,-73.7622065,3,-73.7622065,45.5089681,8,motorway_junction,18000.0,POINT (-73.7622065 45.5089681)
101,2,2,None,None,28247.174000000003,26,7402172833,45.489787,-73.7694367,3,-73.7694367,45.489787,,,5500.0,POINT (-73.7694367 45.489787)
102,2,2,None,None,28247.174000000003,26,605206810,45.4878049,-73.7657501,1,-73.7657501,45.4878049,,,2800.0,POINT (-73.76575010000001 45.4878049)
103,2,2,None,None,28247.174000000003,26,98451494,45.478272,-73.7910837,3,-73.7910837,45.478272,,,4900.0,POINT (-73.7910837 45.478272)
104,2,3,None,None,76691.90499999998,27,583078007,45.4956038,-73.7449794,4,-73.7449794,45.4956038,6,motorway_junction,20000.0,POINT (-73.74497940000001 45.4956038)
105,2,3,None,None,76691.90499999998,27,4500062054,45.4938873,-73.7561317,3,-73.7561317,45.4938873,,,18000.0,POINT (-73.7561317 45.4938873)
106,2,3,None,None,76691.90499999998,27,4686563252,45.495541,-73.7539896,3,-73.7539896,45.495541,,,18000.0,POINT (-73.7539896 45.495541)
107,2,3,None,None,76691.90499999998,27,8604332286,45.4905826,-73.75007,4,-73.75007,45.4905826,60,motorway_junction,16000.0,POINT (-73.75006999999999 45.4905826)
108,2,4,None,None,79785.02000000005,28,17052789,45.4913831,-73.7013317,4,-73.7013317,45.4913831,62,motorway_junction,16000.0,POINT (-73.7013317 45.4913831)
109,2,4,None,None,79785.02000000005,28,2092720937,45.4799245,-73.6707696,1,-73.6707696,45.4799245,,,1400.0,POINT (-73.6707696 45.4799245)
110,2,4,None,None,79785.02000000005,28,245485071,45.489405,-73.685192,3,-73.685192,45.489405,,,4200.0,POINT (-73.685192 45.489405)
111,2,4,None,None,79785.02000000005,28,4065624311,45.4768143,-73.703189,3,-73.703189,45.4768143,,,5600.0,POINT (-73.70318899999999 45.4768143)
112,2,5,0,1,23961.518999999997,30,31699856,45.4875258,-73.6372779,4,-73.6372779,45.4875258,425,,15400.0,POINT (-73.6372779 45.4875258)
113,2,5,0,1,23961.518999999997,30,612118968,45.4805712,-73.6228002,4,-73.6228002,45.4805712,,,7700.0,POINT (-73.6228002 45.4805712)
114,2,5,0,1,23961.518999999997,30,8647480814,45.4853009,-73.6323453,3,-73.6323453,45.4853009,,crossing,6200.0,POINT (-73.6323453 45.4853009)
115,2,5,0,1,23961.518999999997,30,209396025,45.4896782,-73.6421285,4,-73.6421285,45.4896782,419,,12600.0,POINT (-73.6421285 45.4896782)
116,2,5,1,0,28261.771000000008,31,98427827,45.4990145,-73.6606628,4,-73.6606628,45.4990145,69,motorway_junction,20000.0,POINT (-73.6606628 45.4990145)
117,2,5,1,0,28261.771000000008,31,217741367,45.5083353,-73.6619133,1,-73.6619133,45.5083353,,,700.0,POINT (-73.66191329999999 45.5083353)
118,2,5,1,0,28261.771000000008,31,224554453,45.4941409,-73.651907,3,-73.651907,45.4941409,,,6900.0,POINT (-73.65190699999999 45.4941409)
119,2,5,1,0,28261.771000000008,31,98425546,45.5038298,-73.667148,3,-73.667148,45.5038298,,motorway_junction,8000.0,POINT (-73.667148 45.5038298)
120,2,5,1,1,20301.191999999995,32,29784714,45.500874,-73.6321966,4,-73.6321966,45.500874,,traffic_signals,16800.0,POINT (-73.6321966 45.500874)
121,2,5,1,1,20301.191999999995,32,5416283760,45.4988327,-73.6273014,3,-73.6273014,45.4988327,,,8400.0,POINT (-73.62730139999999 45.4988327)
122,2,5,1,1,20301.191999999995,32,4515093894,45.5053258,-73.6420488,4,-73.6420488,45.5053258,,,9800.0,POINT (-73.6420488 45.5053258)
123,2,5,1,1,20301.191999999995,32,209370661,45.5024582,-73.6357618,3,-73.6357618,45.5024582,,traffic_signals,9100.0,POINT (-73.6357618 45.5024582)
124,2,6,None,None,74038.786,33,4046033647,45.4794501,-73.591886,3,-73.591886,45.4794501,2,motorway_junction,26000.0,POINT (-73.591886 45.4794501)
125,2,6,None,None,74038.786,33,618066327,45.4947138,-73.5922643,1,-73.5922643,45.4947138,,,700.0,POINT (-73.5922643 45.4947138)
126,2,6,None,None,74038.786,33,229207047,45.4964621,-73.5873898,3,-73.5873898,45.4964621,,,4200.0,POINT (-73.5873898 45.4964621)
127,2,6,None,None,74038.786,33,5098156688,45.4822519,-73.5851507,4,-73.5851507,45.4822519,,traffic_signals,13000.0,POINT (-73.5851507 45.4822519)
128,2,7,0,1,6205.633,35,5414208811,45.4873222,-73.5573106,4,-73.5573106,45.4873222,,traffic_signals,21800.0,POINT (-73.55731059999999 45.4873222)
129,2,7,0,1,6205.633,35,2091616645,45.4825456,-73.558203,2,-73.558203,45.4825456,,,5600.0,POINT (-73.55820300000001 45.4825456)
130,2,7,0,1,6205.633,35,617933841,45.486981,-73.5460007,3,-73.5460007,45.486981,,,4500.0,POINT (-73.54600069999999 45.486981)
131,2,7,0,1,6205.633,35,248408559,45.4865858,-73.5495021,3,-73.5495021,45.4865858,,,12600.0,POINT (-73.5495021 45.4865858)
132,2,7,0,2,6210.182000000001,36,6713056311,45.4823852,-73.5383239,3,-73.5383239,45.4823852,,,18000.0,POINT (-73.53832389999999 45.4823852)
133,2,7,0,2,6210.182000000001,36,618066355,45.4790951,-73.5401308,1,-73.5401308,45.4790951,,,2000.0,POINT (-73.5401308 45.4790951)
134,2,7,0,2,6210.182000000001,36,617933950,45.4876091,-73.5389268,3,-73.5389268,45.4876091,2,motorway_junction,14000.0,POINT (-73.5389268 45.4876091)
135,2,7,1,0,22500.236999999997,37,208735453,45.4954423,-73.5630107,4,-73.5630107,45.4954423,,traffic_signals,25600.0,POINT (-73.56301070000001 45.4954423)
136,2,7,1,0,22500.236999999997,37,1329114156,45.493385,-73.5715745,3,-73.5715745,45.493385,4,motorway_junction,12000.0,POINT (-73.5715745 45.493385)
137,2,7,1,0,22500.236999999997,37,4685162782,45.4961414,-73.5676449,3,-73.5676449,45.4961414,,,5600.0,POINT (-73.5676449 45.4961414)
138,2,7,1,0,22500.236999999997,37,32124567,45.4914226,-73.5699429,4,-73.5699429,45.4914226,,traffic_signals,11200.0,POINT (-73.5699429 45.4914226)
139,2,7,1,1,9678.639,38,32661292,45.489059,-73.5570547,3,-73.5570547,45.489059,,traffic_signals,17200.0,POINT (-73.55705469999999 45.489059)
140,2,7,1,1,9678.639,38,617933863,45.4890542,-73.5470146,1,-73.5470146,45.4890542,,,2000.0,POINT (-73.5470146 45.4890542)
141,2,7,1,1,9678.639,38,6645916276,45.4901432,-73.5495285,3,-73.5495285,45.4901432,,,16000.0,POINT (-73.54952849999999 45.4901432)
142,2,7,1,1,9678.639,38,617933906,45.4892696,-73.5432114,1,-73.5432114,45.4892696,,,2000.0,POINT (-73.5432114 45.4892696)
143,2,7,2,0,22305.815000000002,40,29793292,45.508374,-73.5712786,4,-73.5712786,45.508374,,traffic_signals,22800.0,POINT (-73.5712786 45.508374)
144,2,7,2,0,22305.815000000002,40,426385576,45.4986378,-73.5703158,4,-73.5703158,45.4986378,,,7800.0,POINT (-73.5703158 45.4986378)
145,2,7,2,0,22305.815000000002,40,29794337,45.5075222,-73.5587233,4,-73.5587233,45.5075222,,traffic_signals,5600.0,POINT (-73.5587233 45.5075222)
146,2,7,2,0,22305.815000000002,40,29793610,45.5038379,-73.5617318,4,-73.5617318,45.5038379,,traffic_signals,8400.0,POINT (-73.5617318 45.5038379)
147,2,8,None,None,53216.86099999998,42,31150856,45.4801388,-73.5067962,3,-73.5067962,45.4801388,76,motorway_junction,18000.0,POINT (-73.5067962 45.4801388)
148,2,8,None,None,53216.86099999998,42,300080526,45.4947806,-73.5135215,1,-73.5135215,45.4947806,,,900.0,POINT (-73.5135215 45.4947806)
149,2,8,None,None,53216.86099999998,42,4971114167,45.4787065,-73.5005682,3,-73.5005682,45.4787065,,,4200.0,POINT (-73.5005682 45.4787065)
150,2,8,None,None,53216.86099999998,42,31181532,45.5040885,-73.4824753,3,-73.4824753,45.5040885,,,6000.0,POINT (-73.4824753 45.5040885)
151,3,1,None,None,7361.598000000001,43,255664304,45.5349188,-73.8196119,1,-73.8196119,45.5349188,,,2100.0,POINT (-73.8196119 45.5349188)
152,3,1,None,None,7361.598000000001,43,581075376,45.5119169,-73.8243664,1,-73.8243664,45.5119169,,stop,2100.0,POINT (-73.8243664 45.5119169)
153,3,1,None,None,7361.598000000001,43,110797216,45.5095869,-73.8191116,1,-73.8191116,45.5095869,,traffic_signals,1400.0,POINT (-73.8191116 45.5095869)
154,3,2,None,None,37665.06000000001,44,116352326,45.5148757,-73.7678463,3,-73.7678463,45.5148757,12,motorway_junction,16000.0,POINT (-73.7678463 45.5148757)
155,3,2,None,None,37665.06000000001,44,1343924161,45.5290221,-73.7827584,3,-73.7827584,45.5290221,,,3500.0,POINT (-73.78275840000001 45.5290221)
156,3,2,None,None,37665.06000000001,44,367671683,45.5398971,-73.7991189,3,-73.7991189,45.5398971,,,4900.0,POINT (-73.7991189 45.5398971)
157,3,2,None,None,37665.06000000001,44,460204237,45.5210564,-73.773533,3,-73.773533,45.5210564,,motorway_junction,10000.0,POINT (-73.773533 45.5210564)
158,3,3,None,None,21840.717000000004,45,581376601,45.537398,-73.7441305,3,-73.7441305,45.537398,,,17100.0,POINT (-73.7441305 45.537398)
159,3,3,None,None,21840.717000000004,45,2812355944,45.531705,-73.726491,3,-73.726491,45.531705,,,5400.0,POINT (-73.726491 45.531705)
160,3,3,None,None,21840.717000000004,45,4488960794,45.5139916,-73.7200015,3,-73.7200015,45.5139916,,,7200.0,POINT (-73.7200015 45.5139916)
161,3,3,None,None,21840.717000000004,45,581376954,45.5390395,-73.7338382,3,-73.7338382,45.5390395,,traffic_signals,6300.0,POINT (-73.73383819999999 45.5390395)
162,3,4,0,0,18769.303,46,4344195541,45.5234273,-73.7049103,3,-73.7049103,45.5234273,,,18900.0,POINT (-73.70491029999999 45.5234273)
163,3,4,0,0,18769.303,46,4500104035,45.5224358,-73.7081256,3,-73.7081256,45.5224358,,,4500.0,POINT (-73.7081256 45.5224358)
164,3,4,0,0,18769.303,46,4331950930,45.5145858,-73.6951069,3,-73.6951069,45.5145858,,,9000.0,POINT (-73.6951069 45.5145858)
165,3,4,0,0,18769.303,46,4494301471,45.5255384,-73.7128231,3,-73.7128231,45.5255384,,,7200.0,POINT (-73.71282309999999 45.5255384)
166,3,4,0,1,10375.711000000001,47,658977071,45.5100495,-73.6878772,4,-73.6878772,45.5100495,,,9600.0,POINT (-73.6878772 45.5100495)
167,3,4,0,1,10375.711000000001,47,3705958573,45.5157453,-73.6804796,3,-73.6804796,45.5157453,,traffic_signals,4900.0,POINT (-73.6804796 45.5157453)
168,3,4,0,1,10375.711000000001,47,581020614,45.5103434,-73.6885946,3,-73.6885946,45.5103434,,,4500.0,POINT (-73.6885946 45.5103434)
169,3,4,1,0,20791.269,48,122828952,45.5373487,-73.7060638,3,-73.7060638,45.5373487,4-O,motorway_junction,18000.0,POINT (-73.7060638 45.5373487)
170,3,4,1,0,20791.269,48,246100002,45.5282825,-73.6927648,3,-73.6927648,45.5282825,,traffic_signals,17100.0,POINT (-73.69276480000001 45.5282825)
171,3,4,1,0,20791.269,48,246279619,45.5270456,-73.6969453,2,-73.6969453,45.5270456,,,16200.0,POINT (-73.6969453 45.5270456)
172,3,4,1,0,20791.269,48,122828953,45.5365914,-73.7030922,3,-73.7030922,45.5365914,4-E,motorway_junction,18000.0,POINT (-73.7030922 45.5365914)
173,3,4,1,1,33671.945,49,401364819,45.5300944,-73.6869187,3,-73.6869187,45.5300944,3,motorway_junction,18000.0,POINT (-73.68691870000001 45.5300944)
174,3,4,1,1,33671.945,49,246100008,45.5305532,-73.6831714,3,-73.6831714,45.5305532,,,8300.0,POINT (-73.68317140000001 45.5305532)
175,3,4,1,1,33671.945,49,246282762,45.5290325,-73.6686928,3,-73.6686928,45.5290325,,,4900.0,POINT (-73.6686928 45.5290325)
176,3,4,1,1,33671.945,49,420378319,45.5347728,-73.6817891,3,-73.6817891,45.5347728,,,5100.0,POINT (-73.6817891 45.5347728)
177,3,5,None,None,78611.68500000001,50,2122153806,45.5306025,-73.6488988,3,-73.6488988,45.5306025,70,motorway_junction,18000.0,POINT (-73.6488988 45.5306025)
178,3,5,None,None,78611.68500000001,50,1420177057,45.5325343,-73.6540751,3,-73.6540751,45.5325343,,,5600.0,POINT (-73.6540751 45.5325343)
179,3,5,None,None,78611.68500000001,50,215239838,45.5275897,-73.6379014,3,-73.6379014,45.5275897,,,6300.0,POINT (-73.6379014 45.5275897)
180,3,5,None,None,78611.68500000001,50,213955483,45.518127,-73.6294691,2,-73.6294691,45.518127,,traffic_signals,11200.0,POINT (-73.62946909999999 45.518127)
181,3,6,None,None,82199.324,51,438303087,45.5329214,-73.5745709,4,-73.5745709,45.5329214,,traffic_signals,16800.0,POINT (-73.5745709 45.5329214)
182,3,6,None,None,82199.324,51,5413741435,45.5158326,-73.5939909,2,-73.5939909,45.5158326,,,8400.0,POINT (-73.59399089999999 45.5158326)
183,3,6,None,None,82199.324,51,26232413,45.5239741,-73.5829023,4,-73.5829023,45.5239741,,traffic_signals,11200.0,POINT (-73.5829023 45.5239741)
184,3,6,None,None,82199.324,51,823567720,45.5291737,-73.5943715,2,-73.5943715,45.5291737,,,5600.0,POINT (-73.59437149999999 45.5291737)
185,3,7,0,0,9037.288,52,31776724,45.5169235,-73.5674816,4,-73.5674816,45.5169235,,traffic_signals,28600.0,POINT (-73.56748159999999 45.5169235)
186,3,7,0,0,9037.288,52,29794316,45.5112631,-73.5667781,4,-73.5667781,45.5112631,,traffic_signals,8400.0,POINT (-73.56677809999999 45.5112631)
187,3,7,0,0,9037.288,52,31776718,45.5111045,-73.5700462,4,-73.5700462,45.5111045,,traffic_signals,25100.0,POINT (-73.57004619999999 45.5111045)
188,3,7,0,0,9037.288,52,31631609,45.5159088,-73.5652511,4,-73.5652511,45.5159088,,traffic_signals,8400.0,POINT (-73.5652511 45.5159088)
189,3,7,0,1,11157.438,53,215694633,45.5181335,-73.5491077,3,-73.5491077,45.5181335,,,16000.0,POINT (-73.54910769999999 45.5181335)
190,3,7,0,1,11157.438,53,3994636212,45.5109983,-73.5544613,3,-73.5544613,45.5109983,,traffic_signals,7000.0,POINT (-73.5544613 45.5109983)
191,3,7,0,1,11157.438,53,215694739,45.5152402,-73.5515941,3,-73.5515941,45.5152402,,,6800.0,POINT (-73.5515941 45.5152402)
192,3,7,0,1,11157.438,53,619290067,45.5201544,-73.5471846,3,-73.5471846,45.5201544,,traffic_signals,4200.0,POINT (-73.54718459999999 45.5201544)
193,3,7,0,2,500.7460000000001,54,287945606,45.5194021,-73.5347673,4,-73.5347673,45.5194021,,,9000.0,POINT (-73.5347673 45.5194021)
194,3,7,0,2,500.7460000000001,54,4526168084,45.5191565,-73.534619,1,-73.534619,45.5191565,,,1800.0,POINT (-73.53461900000001 45.5191565)
195,3,7,0,2,500.7460000000001,54,287945633,45.5191557,-73.5344034,1,-73.5344034,45.5191557,,,1800.0,POINT (-73.5344034 45.5191557)
196,3,7,1,0,13788.441999999997,55,208863157,45.5279407,-73.5639033,4,-73.5639033,45.5279407,,traffic_signals,27300.0,POINT (-73.56390330000001 45.5279407)
197,3,7,1,0,13788.441999999997,55,159117733,45.5307624,-73.5630515,4,-73.5630515,45.5307624,,traffic_signals,24800.0,POINT (-73.5630515 45.5307624)
198,3,7,1,0,13788.441999999997,55,438303032,45.5305503,-73.5695065,4,-73.5695065,45.5305503,,traffic_signals,13300.0,POINT (-73.5695065 45.5305503)
199,3,7,1,0,13788.441999999997,55,208908825,45.5258805,-73.5594376,4,-73.5594376,45.5258805,,traffic_signals,12800.0,POINT (-73.5594376 45.5258805)
200,3,7,1,1,17175.647000000004,56,30914729,45.5308996,-73.5434837,3,-73.5434837,45.5308996,,,14400.0,POINT (-73.5434837 45.5308996)
201,3,7,1,1,17175.647000000004,56,209508253,45.5256865,-73.554461,3,-73.554461,45.5256865,,,14400.0,POINT (-73.554461 45.5256865)
202,3,7,1,1,17175.647000000004,56,1104523939,45.5239908,-73.5486303,3,-73.5486303,45.5239908,,,5600.0,POINT (-73.5486303 45.5239908)
203,3,7,1,1,17175.647000000004,56,1272527122,45.5210745,-73.5500018,3,-73.5500018,45.5210745,,,4900.0,POINT (-73.5500018 45.5210745)
204,3,7,2,0,16451.736,58,209493277,45.5359293,-73.5613724,4,-73.5613724,45.5359293,,traffic_signals,27200.0,POINT (-73.5613724 45.5359293)
205,3,7,2,0,16451.736,58,209493254,45.5373908,-73.5630193,4,-73.5630193,45.5373908,,traffic_signals,11200.0,POINT (-73.56301929999999 45.5373908)
206,3,7,2,0,16451.736,58,209493338,45.5393863,-73.5684807,3,-73.5684807,45.5393863,,traffic_signals,5600.0,POINT (-73.56848069999999 45.5393863)
207,3,7,2,0,16451.736,58,1448487585,45.5329764,-73.5677764,2,-73.5677764,45.5329764,,,8400.0,POINT (-73.5677764 45.5329764)
208,3,7,2,1,4086.5139999999997,59,209493393,45.5324412,-73.5531552,4,-73.5531552,45.5324412,,traffic_signals,11200.0,POINT (-73.55315520000001 45.5324412)
209,3,7,2,1,4086.5139999999997,59,209507995,45.5376415,-73.5494861,2,-73.5494861,45.5376415,,,4200.0,POINT (-73.5494861 45.5376415)
210,3,7,2,1,4086.5139999999997,59,209507991,45.5396113,-73.5483239,2,-73.5483239,45.5396113,,,4200.0,POINT (-73.5483239 45.5396113)
211,3,7,2,2,3074.184,60,5409969554,45.53535,-73.5419682,2,-73.5419682,45.53535,,,10800.0,POINT (-73.5419682 45.53535)
212,3,7,2,2,3074.184,60,218344161,45.5411491,-73.5399288,2,-73.5399288,45.5411491,,traffic_signals,4200.0,POINT (-73.5399288 45.5411491)
213,3,7,2,2,3074.184,60,5409969553,45.5372325,-73.5409811,2,-73.5409811,45.5372325,,,10800.0,POINT (-73.5409811 45.5372325)
214,3,8,None,None,57860.558999999994,61,31140938,45.5337492,-73.5189361,3,-73.5189361,45.5337492,,,20000.0,POINT (-73.5189361 45.5337492)
215,3,8,None,None,57860.558999999994,61,99379722,45.5293395,-73.5196623,4,-73.5196623,45.5293395,,motorway_junction,8800.0,POINT (-73.51966229999999 45.5293395)
216,3,8,None,None,57860.558999999994,61,143305769,45.5321322,-73.5233376,1,-73.5233376,45.5321322,,,2000.0,POINT (-73.5233376 45.5321322)
217,3,8,None,None,57860.558999999994,61,31179597,45.5267897,-73.5168889,3,-73.5168889,45.5267897,,motorway_junction,6000.0,POINT (-73.5168889 45.5267897)
218,4,0,None,None,41163.848,62,583071785,45.5470763,-73.8639026,3,-73.8639026,45.5470763,,traffic_signals,9900.0,POINT (-73.8639026 45.5470763)
219,4,0,None,None,41163.848,62,582309573,45.5488935,-73.8649236,1,-73.8649236,45.5488935,,,900.0,POINT (-73.8649236 45.5488935)
220,4,0,None,None,41163.848,62,4349812124,45.5605244,-73.8877983,3,-73.8877983,45.5605244,,,2500.0,POINT (-73.8877983 45.5605244)
221,4,0,None,None,41163.848,62,591244613,45.5532801,-73.8933778,3,-73.8933778,45.5532801,,,3500.0,POINT (-73.8933778 45.5532801)
222,4,1,None,None,22788.860999999997,63,583079880,45.5640571,-73.8191653,4,-73.8191653,45.5640571,17,motorway_junction,16000.0,POINT (-73.81916529999999 45.5640571)
223,4,1,None,None,22788.860999999997,63,583079929,45.5671597,-73.8234196,3,-73.8234196,45.5671597,,,10000.0,POINT (-73.82341959999999 45.5671597)
224,4,1,None,None,22788.860999999997,63,583127871,45.5693873,-73.8231788,1,-73.8231788,45.5693873,,,2000.0,POINT (-73.82317879999999 45.5693873)
225,4,1,None,None,22788.860999999997,63,2522799592,45.5519469,-73.8164705,3,-73.8164705,45.5519469,17,motorway_junction,8000.0,POINT (-73.81647049999999 45.5519469)
226,4,2,None,None,60045.914,64,188870959,45.5586042,-73.7947559,3,-73.7947559,45.5586042,,,18000.0,POINT (-73.7947559 45.5586042)
227,4,2,None,None,60045.914,64,254474019,45.5564748,-73.8039084,3,-73.8039084,45.5564748,,motorway_junction,10000.0,POINT (-73.8039084 45.5564748)
228,4,2,None,None,60045.914,64,583285086,45.5621657,-73.7818605,3,-73.7818605,45.5621657,,,3700.0,POINT (-73.78186049999999 45.5621657)
229,4,2,None,None,60045.914,64,582940825,45.5425732,-73.7934575,3,-73.7934575,45.5425732,,,4900.0,POINT (-73.7934575 45.5425732)
230,4,3,0,0,19687.948,65,246431028,45.5518084,-73.7596927,4,-73.7596927,45.5518084,,,22200.0,POINT (-73.7596927 45.5518084)
231,4,3,0,0,19687.948,65,582743360,45.5559187,-73.7505703,3,-73.7505703,45.5559187,,,4900.0,POINT (-73.75057030000001 45.5559187)
232,4,3,0,0,19687.948,65,587794266,45.5423837,-73.7498771,2,-73.7498771,45.5423837,,,10800.0,POINT (-73.74987710000001 45.5423837)
233,4,3,0,0,19687.948,65,588052146,45.5499926,-73.758155,3,-73.758155,45.5499926,,,10800.0,POINT (-73.758155 45.5499926)
234,4,3,0,1,17026.004999999997,66,3770345400,45.5462974,-73.7185593,3,-73.7185593,45.5462974,7,motorway_junction,18000.0,POINT (-73.7185593 45.5462974)
235,4,3,0,1,17026.004999999997,66,319900353,45.5582196,-73.7328792,3,-73.7328792,45.5582196,,,12000.0,POINT (-73.7328792 45.5582196)
236,4,3,0,1,17026.004999999997,66,8665745570,45.5523611,-73.7246256,3,-73.7246256,45.5523611,,,6000.0,POINT (-73.7246256 45.5523611)
237,4,3,0,1,17026.004999999997,66,319900757,45.5544227,-73.7275872,3,-73.7275872,45.5544227,8,motorway_junction,18000.0,POINT (-73.7275872 45.5544227)
238,4,3,1,0,12641.710000000001,67,274674831,45.5663015,-73.7404694,3,-73.7404694,45.5663015,10,motorway_junction,18000.0,POINT (-73.74046939999999 45.5663015)
239,4,3,1,0,12641.710000000001,67,8507862290,45.5617683,-73.739473,3,-73.739473,45.5617683,,,8200.0,POINT (-73.739473 45.5617683)
240,4,3,1,0,12641.710000000001,67,255021940,45.5731264,-73.7562223,3,-73.7562223,45.5731264,,,8100.0,POINT (-73.7562223 45.5731264)
241,4,3,1,0,12641.710000000001,67,4738682192,45.5678769,-73.743363,3,-73.743363,45.5678769,,,10000.0,POINT (-73.743363 45.5678769)
242,4,3,1,1,25048.435999999994,68,319900489,45.562454,-73.7364077,3,-73.7364077,45.562454,,,18000.0,POINT (-73.7364077 45.562454)
243,4,3,1,1,25048.435999999994,68,5837383109,45.5720217,-73.7200701,3,-73.7200701,45.5720217,,,5600.0,POINT (-73.7200701 45.5720217)
244,4,3,1,1,25048.435999999994,68,254764490,45.5643081,-73.7346353,3,-73.7346353,45.5643081,,,6900.0,POINT (-73.73463529999999 45.5643081)
245,4,3,1,1,25048.435999999994,68,319892791,45.5594668,-73.7327937,3,-73.7327937,45.5594668,,motorway_junction,10000.0,POINT (-73.7327937 45.5594668)
246,4,4,None,None,20290.632999999998,69,391422517,45.5503116,-73.670837,4,-73.670837,45.5503116,,,13800.0,POINT (-73.67083700000001 45.5503116)
247,4,4,None,None,20290.632999999998,69,4490164912,45.5706194,-73.6919412,1,-73.6919412,45.5706194,,,1400.0,POINT (-73.6919412 45.5706194)
248,4,4,None,None,20290.632999999998,69,191394933,45.5514007,-73.674355,1,-73.674355,45.5514007,,traffic_signals,2800.0,POINT (-73.67435500000001 45.5514007)
249,4,4,None,None,20290.632999999998,69,3243349289,45.5551901,-73.6681186,4,-73.6681186,45.5551901,,,7500.0,POINT (-73.6681186 45.5551901)
250,4,5,None,None,65650.25999999998,70,31278811,45.5469834,-73.6598642,4,-73.6598642,45.5469834,,traffic_signals,18200.0,POINT (-73.6598642 45.5469834)
251,4,5,None,None,65650.25999999998,70,437749062,45.5446137,-73.6391378,3,-73.6391378,45.5446137,,,5600.0,POINT (-73.6391378 45.5446137)
252,4,5,None,None,65650.25999999998,70,226013963,45.5444268,-73.6614303,2,-73.6614303,45.5444268,,,5600.0,POINT (-73.66143030000001 45.5444268)
253,4,5,None,None,65650.25999999998,70,191394327,45.5515107,-73.6555066,4,-73.6555066,45.5515107,,,13300.0,POINT (-73.6555066 45.5515107)
254,4,6,None,None,79274.59300000005,71,31630861,45.5424914,-73.6120227,4,-73.6120227,45.5424914,,traffic_signals,22400.0,POINT (-73.6120227 45.5424914)
255,4,6,None,None,79274.59300000005,71,218198585,45.5745374,-73.595681,3,-73.595681,45.5745374,,,4200.0,POINT (-73.595681 45.5745374)
256,4,6,None,None,79274.59300000005,71,246461047,45.5555558,-73.6169329,5,-73.6169329,45.5555558,,,11200.0,POINT (-73.61693289999999 45.5555558)
257,4,6,None,None,79274.59300000005,71,1756028758,45.5551516,-73.6202887,3,-73.6202887,45.5551516,,,16000.0,POINT (-73.6202887 45.5551516)
258,4,7,None,None,65010.291000000005,72,213759835,45.5459466,-73.5560264,4,-73.5560264,45.5459466,,traffic_signals,20400.0,POINT (-73.55602639999999 45.5459466)
259,4,7,None,None,65010.291000000005,72,213839182,45.5691753,-73.5662377,4,-73.5662377,45.5691753,,,5600.0,POINT (-73.5662377 45.5691753)
260,4,7,None,None,65010.291000000005,72,596968565,45.552499,-73.5482361,4,-73.5482361,45.552499,,traffic_signals,7300.0,POINT (-73.5482361 45.552499)
261,4,7,None,None,65010.291000000005,72,585147677,45.5734009,-73.548943,4,-73.548943,45.5734009,,,8200.0,POINT (-73.54894299999999 45.5734009)
262,4,8,None,None,22900.183,73,31140779,45.5475398,-73.5043728,3,-73.5043728,45.5475398,85,motorway_junction,16000.0,POINT (-73.5043728 45.5475398)
263,4,8,None,None,22900.183,73,477903736,45.5503849,-73.4968325,3,-73.4968325,45.5503849,,,3500.0,POINT (-73.4968325 45.5503849)
264,4,8,None,None,22900.183,73,2503480295,45.5602783,-73.5252827,3,-73.5252827,45.5602783,,,7200.0,POINT (-73.52528270000001 45.5602783)
265,4,8,None,None,22900.183,73,1018669834,45.5664349,-73.5229706,3,-73.5229706,45.5664349,,,5600.0,POINT (-73.52297059999999 45.5664349)
266,5,0,None,None,12391.292999999998,74,194165791,45.6056837,-73.8575103,3,-73.8575103,45.6056837,,,14000.0,POINT (-73.8575103 45.6056837)
267,5,0,None,None,12391.292999999998,74,194633703,45.5923569,-73.8688431,3,-73.8688431,45.5923569,,,10000.0,POINT (-73.86884310000001 45.5923569)
268,5,0,None,None,12391.292999999998,74,583072738,45.5770893,-73.8866666,3,-73.8866666,45.5770893,,,6000.0,POINT (-73.8866666 45.5770893)
269,5,0,None,None,12391.292999999998,74,116362847,45.5945722,-73.8536751,3,-73.8536751,45.5945722,,,8000.0,POINT (-73.8536751 45.5945722)
270,5,1,None,None,12497.360999999997,75,2619109295,45.5776126,-73.8342728,3,-73.8342728,45.5776126,17,motorway_junction,14000.0,POINT (-73.83427279999999 45.5776126)
271,5,1,None,None,12497.360999999997,75,4520589182,45.5879607,-73.8499734,1,-73.8499734,45.5879607,,,2000.0,POINT (-73.8499734 45.5879607)
272,5,1,None,None,12497.360999999997,75,2462903677,45.5910229,-73.8453883,3,-73.8453883,45.5910229,,,11800.0,POINT (-73.8453883 45.5910229)
273,5,1,None,None,12497.360999999997,75,583073728,45.5758854,-73.8326591,3,-73.8326591,45.5758854,,motorway_junction,6000.0,POINT (-73.8326591 45.5758854)
274,5,2,None,None,47774.367999999995,76,8484127760,45.5804287,-73.7667146,3,-73.7667146,45.5804287,,,18000.0,POINT (-73.7667146 45.5804287)
275,5,2,None,None,47774.367999999995,76,8484145670,45.6022912,-73.804959,3,-73.804959,45.6022912,,,14000.0,POINT (-73.804959 45.6022912)
276,5,2,None,None,47774.367999999995,76,365967651,45.587065,-73.7862489,4,-73.7862489,45.587065,,,14500.0,POINT (-73.7862489 45.587065)
277,5,2,None,None,47774.367999999995,76,566292138,45.595516,-73.8036837,3,-73.8036837,45.595516,,,14000.0,POINT (-73.80368369999999 45.595516)
278,5,3,None,None,40077.036,77,188871042,45.5895184,-73.7255233,4,-73.7255233,45.5895184,25,motorway_junction,18000.0,POINT (-73.72552330000001 45.5895184)
279,5,3,None,None,40077.036,77,2316548737,45.5847072,-73.737869,3,-73.737869,45.5847072,,,6100.0,POINT (-73.737869 45.5847072)
280,5,3,None,None,40077.036,77,254764285,45.5793365,-73.7539806,3,-73.7539806,45.5793365,,,8000.0,POINT (-73.75398060000001 45.5793365)
281,5,3,None,None,40077.036,77,4738621944,45.5827505,-73.7405208,3,-73.7405208,45.5827505,22,motorway_junction,14000.0,POINT (-73.7405208 45.5827505)
282,5,4,0,0,16574.347,78,252125040,45.5781875,-73.7010736,3,-73.7010736,45.5781875,,,8400.0,POINT (-73.7010736 45.5781875)
283,5,4,0,0,16574.347,78,4345591525,45.5844905,-73.7020254,3,-73.7020254,45.5844905,,,7000.0,POINT (-73.7020254 45.5844905)
284,5,4,0,0,16574.347,78,4345586682,45.5823594,-73.704704,3,-73.704704,45.5823594,,,7000.0,POINT (-73.70470400000001 45.5823594)
285,5,4,0,0,16574.347,78,4345600077,45.5865484,-73.7003657,3,-73.7003657,45.5865484,,,7000.0,POINT (-73.70036570000001 45.5865484)
286,5,4,0,1,10941.323,79,445821236,45.5843121,-73.6773933,3,-73.6773933,45.5843121,,motorway_junction,16000.0,POINT (-73.67739330000001 45.5843121)
287,5,4,0,1,10941.323,79,5248092480,45.5779989,-73.6697898,1,-73.6697898,45.5779989,,,2000.0,POINT (-73.6697898 45.5779989)
288,5,4,0,1,10941.323,79,582800606,45.5835641,-73.6746563,3,-73.6746563,45.5835641,,motorway_junction,8000.0,POINT (-73.6746563 45.5835641)
289,5,4,0,1,10941.323,79,225064803,45.5810538,-73.6721014,3,-73.6721014,45.5810538,5,motorway_junction,14000.0,POINT (-73.6721014 45.5810538)
290,5,4,1,0,24848.397,80,592917940,45.5985449,-73.7068042,3,-73.7068042,45.5985449,27,motorway_junction,14000.0,POINT (-73.70680419999999 45.5985449)
291,5,4,1,0,24848.397,80,592917968,45.6007518,-73.7041684,3,-73.7041684,45.6007518,,,10000.0,POINT (-73.7041684 45.6007518)
292,5,4,1,0,24848.397,80,246441382,45.5924652,-73.6933662,3,-73.6933662,45.5924652,,,6200.0,POINT (-73.6933662 45.5924652)
293,5,4,1,0,24848.397,80,188871094,45.6071668,-73.6925861,3,-73.6925861,45.6071668,30,motorway_junction,14000.0,POINT (-73.6925861 45.6071668)
294,5,4,1,1,15715.873,81,246436974,45.5912759,-73.6870745,3,-73.6870745,45.5912759,7,motorway_junction,18000.0,POINT (-73.68707449999999 45.5912759)
295,5,4,1,1,15715.873,81,246441383,45.5965686,-73.6875894,3,-73.6875894,45.5965686,,,6200.0,POINT (-73.68758939999999 45.5965686)
296,5,4,1,1,15715.873,81,246441381,45.5951359,-73.6899506,3,-73.6899506,45.5951359,,,6200.0,POINT (-73.6899506 45.5951359)
297,5,4,1,1,15715.873,81,246441355,45.5927661,-73.6891325,3,-73.6891325,45.5927661,,,6000.0,POINT (-73.6891325 45.5927661)
298,5,5,None,None,45064.006,82,225048151,45.5959991,-73.642585,4,-73.642585,45.5959991,,traffic_signals,11700.0,POINT (-73.642585 45.5959991)
299,5,5,None,None,45064.006,82,246451758,45.5768167,-73.6385484,4,-73.6385484,45.5768167,,,8400.0,POINT (-73.6385484 45.5768167)
300,5,5,None,None,45064.006,82,583091865,45.6032982,-73.6528043,3,-73.6528043,45.6032982,,,6000.0,POINT (-73.6528043 45.6032982)
301,5,5,None,None,45064.006,82,3468181966,45.5840478,-73.6504114,3,-73.6504114,45.5840478,,traffic_signals,6800.0,POINT (-73.6504114 45.5840478)
302,5,6,0,1,42749.76400000002,84,225061889,45.5861793,-73.5854885,3,-73.5854885,45.5861793,,,16000.0,POINT (-73.5854885 45.5861793)
303,5,6,0,1,42749.76400000002,84,246650277,45.5825338,-73.5897291,4,-73.5897291,45.5825338,,,5600.0,POINT (-73.5897291 45.5825338)
304,5,6,0,1,42749.76400000002,84,246665029,45.5772553,-73.5963443,3,-73.5963443,45.5772553,,,5600.0,POINT (-73.5963443 45.5772553)
305,5,6,0,1,42749.76400000002,84,437823106,45.5749873,-73.5844792,4,-73.5844792,45.5749873,,traffic_signals,8400.0,POINT (-73.5844792 45.5749873)
306,5,6,1,0,17088.911999999997,85,246650208,45.599151,-73.611856,4,-73.611856,45.599151,,,8400.0,POINT (-73.611856 45.599151)
307,5,6,1,0,17088.911999999997,85,4659596469,45.6065066,-73.6057718,3,-73.6057718,45.6065066,,,5600.0,POINT (-73.6057718 45.6065066)
308,5,6,1,0,17088.911999999997,85,4553879092,45.5936483,-73.6154171,2,-73.6154171,45.5936483,,,5600.0,POINT (-73.6154171 45.5936483)
309,5,6,1,0,17088.911999999997,85,224911529,45.6066616,-73.6199299,4,-73.6199299,45.6066616,,traffic_signals,6400.0,POINT (-73.6199299 45.6066616)
310,5,6,1,1,15879.425999999998,86,246653288,45.5932403,-73.5776438,4,-73.5776438,45.5932403,,traffic_signals,8400.0,POINT (-73.5776438 45.5932403)
311,5,6,1,1,15879.425999999998,86,2886138569,45.5964586,-73.5745482,3,-73.5745482,45.5964586,,,5600.0,POINT (-73.5745482 45.5964586)
312,5,6,1,1,15879.425999999998,86,1448557414,45.5919738,-73.5750962,4,-73.5750962,45.5919738,,traffic_signals,5600.0,POINT (-73.5750962 45.5919738)
313,5,6,1,1,15879.425999999998,86,5837227895,45.5950353,-73.5765649,3,-73.5765649,45.5950353,,,5600.0,POINT (-73.57656489999999 45.5950353)
314,5,7,None,None,75912.376,87,17052722,45.6026049,-73.5610705,3,-73.5610705,45.6026049,8-O,motorway_junction,18000.0,POINT (-73.5610705 45.6026049)
315,5,7,None,None,75912.376,87,303687917,45.5786408,-73.5598732,4,-73.5598732,45.5786408,,,5600.0,POINT (-73.5598732 45.5786408)
316,5,7,None,None,75912.376,87,301281729,45.5931199,-73.5376601,3,-73.5376601,45.5931199,,,5100.0,POINT (-73.5376601 45.5931199)
317,5,7,None,None,75912.376,87,215646577,45.5911334,-73.5280881,3,-73.5280881,45.5911334,4,motorway_junction,14000.0,POINT (-73.52808810000001 45.5911334)
318,5,8,None,None,66872.171,88,5023167174,45.5907477,-73.5256644,3,-73.5256644,45.5907477,,traffic_signals,17500.0,POINT (-73.5256644 45.5907477)
319,5,8,None,None,66872.171,88,280160922,45.5807035,-73.4856856,2,-73.4856856,45.5807035,1,motorway_junction,14000.0,POINT (-73.4856856 45.5807035)
320,5,8,None,None,66872.171,88,4552364496,45.604529,-73.5181284,3,-73.5181284,45.604529,,,5600.0,POINT (-73.51812839999999 45.604529)
321,5,8,None,None,66872.171,88,3700491760,45.5858636,-73.5080927,4,-73.5080927,45.5858636,,traffic_signals,5600.0,POINT (-73.50809270000001 45.5858636)
322,6,0,None,None,3486.8079999999986,89,194668299,45.6119514,-73.8535493,3,-73.8535493,45.6119514,,,14000.0,POINT (-73.8535493 45.6119514)
323,6,0,None,None,3486.8079999999986,89,194668302,45.6087334,-73.8556538,3,-73.8556538,45.6087334,16,motorway_junction,12000.0,POINT (-73.8556538 45.6087334)
324,6,0,None,None,3486.8079999999986,89,531870271,45.6136857,-73.8535113,1,-73.8535113,45.6136857,,,2000.0,POINT (-73.85351129999999 45.6136857)
325,6,1,None,None,71570.57700000002,90,254216044,45.6144902,-73.8212529,3,-73.8212529,45.6144902,,,21800.0,POINT (-73.8212529 45.6144902)
326,6,1,None,None,71570.57700000002,90,2526946488,45.6246613,-73.8369226,3,-73.8369226,45.6246613,,,14000.0,POINT (-73.83692259999999 45.6246613)
327,6,1,None,None,71570.57700000002,90,531779539,45.6252471,-73.8471103,1,-73.8471103,45.6252471,,,2000.0,POINT (-73.8471103 45.6252471)
328,6,1,None,None,71570.57700000002,90,530816004,45.6223911,-73.8513356,3,-73.8513356,45.6223911,,,8000.0,POINT (-73.8513356 45.6223911)
329,6,2,None,None,16596.845999999998,91,501819744,45.6114106,-73.7922827,3,-73.7922827,45.6114106,,,16200.0,POINT (-73.7922827 45.6114106)
330,6,2,None,None,16596.845999999998,91,484470522,45.6241047,-73.8027447,4,-73.8027447,45.6241047,,traffic_signals,9200.0,POINT (-73.80274470000001 45.6241047)
331,6,2,None,None,16596.845999999998,91,583087916,45.6212558,-73.7985287,3,-73.7985287,45.6212558,,,10800.0,POINT (-73.79852870000001 45.6212558)
332,6,4,None,None,45225.899999999994,93,1475412492,45.6158552,-73.7080667,3,-73.7080667,45.6158552,,,16000.0,POINT (-73.7080667 45.6158552)
333,6,4,None,None,45225.899999999994,93,445821287,45.615822,-73.6723592,3,-73.6723592,45.615822,,motorway_junction,10000.0,POINT (-73.6723592 45.615822)
334,6,4,None,None,45225.899999999994,93,1877967882,45.6192381,-73.670307,3,-73.670307,45.6192381,,,6400.0,POINT (-73.67030699999999 45.6192381)
335,6,4,None,None,45225.899999999994,93,4738666464,45.6120563,-73.6878812,1,-73.6878812,45.6120563,,,2000.0,POINT (-73.68788120000001 45.6120563)
336,6,5,None,None,28794.995999999992,94,583124257,45.6295269,-73.6580394,3,-73.6580394,45.6295269,31,motorway_junction,14000.0,POINT (-73.65803940000001 45.6295269)
337,6,5,None,None,28794.995999999992,94,583089692,45.6167702,-73.6641558,1,-73.6641558,45.6167702,,,1200.0,POINT (-73.6641558 45.6167702)
338,6,5,None,None,28794.995999999992,94,286752991,45.6258408,-73.6238982,1,-73.6238982,45.6258408,,,1400.0,POINT (-73.6238982 45.6258408)
339,6,5,None,None,28794.995999999992,94,6239211639,45.6124366,-73.6641512,3,-73.6641512,45.6124366,,,4000.0,POINT (-73.66415120000001 45.6124366)
340,6,6,None,None,36720.62200000002,95,8867831973,45.6370212,-73.6194311,3,-73.6194311,45.6370212,,,14000.0,POINT (-73.6194311 45.6370212)
341,6,6,None,None,36720.62200000002,95,1314049496,45.6154862,-73.5940824,3,-73.5940824,45.6154862,,,3700.0,POINT (-73.5940824 45.6154862)
342,6,6,None,None,36720.62200000002,95,658951437,45.6138991,-73.5986946,3,-73.5986946,45.6138991,,,4500.0,POINT (-73.5986946 45.6138991)
343,6,6,None,None,36720.62200000002,95,2071047493,45.6120866,-73.5856899,3,-73.5856899,45.6120866,,,4800.0,POINT (-73.58568990000001 45.6120866)
344,6,7,None,None,35596.067,96,224956764,45.6075415,-73.5713543,3,-73.5713543,45.6075415,,,14000.0,POINT (-73.5713543 45.6075415)
345,6,7,None,None,35596.067,96,292450436,45.6261413,-73.5501468,1,-73.5501468,45.6261413,,,1400.0,POINT (-73.55014679999999 45.6261413)
346,6,7,None,None,35596.067,96,4053511314,45.6381671,-73.537132,3,-73.537132,45.6381671,,,14000.0,POINT (-73.537132 45.6381671)
347,6,7,None,None,35596.067,96,344878937,45.6206297,-73.5525587,3,-73.5525587,45.6206297,83,motorway_junction,12000.0,POINT (-73.55255870000001 45.6206297)
348,6,8,None,None,28652.117999999995,97,4502155030,45.6331826,-73.5159675,3,-73.5159675,45.6331826,,,16200.0,POINT (-73.5159675 45.6331826)
349,6,8,None,None,28652.117999999995,97,215622916,45.6139287,-73.5249442,3,-73.5249442,45.6139287,,traffic_signals,10800.0,POINT (-73.52494419999999 45.6139287)
350,6,8,None,None,28652.117999999995,97,215622963,45.6365859,-73.5162869,3,-73.5162869,45.6365859,,,10800.0,POINT (-73.5162869 45.6365859)
351,6,8,None,None,28652.117999999995,97,300886902,45.6144556,-73.5096656,1,-73.5096656,45.6144556,,,700.0,POINT (-73.50966560000001 45.6144556)
352,7,0,None,None,43410.67999999999,98,124587260,45.6412421,-73.8610828,3,-73.8610828,45.6412421,,,18000.0,POINT (-73.86108280000001 45.6412421)
353,7,0,None,None,43410.67999999999,98,1843402555,45.6671012,-73.87001,4,-73.87001,45.6671012,,traffic_signals,6400.0,POINT (-73.87000999999999 45.6671012)
354,7,0,None,None,43410.67999999999,98,593564342,45.6638624,-73.8750603,3,-73.8750603,45.6638624,,traffic_signals,7000.0,POINT (-73.8750603 45.6638624)
355,7,0,None,None,43410.67999999999,98,593565821,45.6710394,-73.8650523,3,-73.8650523,45.6710394,,,5600.0,POINT (-73.8650523 45.6710394)
356,7,1,None,None,12280.191999999997,99,2806121296,45.6405487,-73.8297278,3,-73.8297278,45.6405487,,,11700.0,POINT (-73.8297278 45.6405487)
357,7,1,None,None,12280.191999999997,99,8798339106,45.6411754,-73.8118944,3,-73.8118944,45.6411754,,,10000.0,POINT (-73.8118944 45.6411754)
358,7,1,None,None,12280.191999999997,99,276310320,45.6445314,-73.8074762,3,-73.8074762,45.6445314,22,motorway_junction,10000.0,POINT (-73.8074762 45.6445314)
359,7,1,None,None,12280.191999999997,99,1850240161,45.6423769,-73.8324322,2,-73.8324322,45.6423769,,,10800.0,POINT (-73.8324322 45.6423769)
360,7,2,None,None,29619.235999999997,100,2157430266,45.6688793,-73.7627431,3,-73.7627431,45.6688793,,motorway_junction,21200.0,POINT (-73.76274309999999 45.6688793)
361,7,2,None,None,29619.235999999997,100,526460246,45.6698238,-73.7708179,3,-73.7708179,45.6698238,,,6000.0,POINT (-73.7708179 45.6698238)
362,7,2,None,None,29619.235999999997,100,255469158,45.6663277,-73.7775291,3,-73.7775291,45.6663277,26,motorway_junction,10000.0,POINT (-73.7775291 45.6663277)
363,7,2,None,None,29619.235999999997,100,568195065,45.6705243,-73.763933,3,-73.763933,45.6705243,,,16400.0,POINT (-73.76393299999999 45.6705243)
364,7,3,None,None,7432.458999999998,101,255279812,45.6640203,-73.7573318,3,-73.7573318,45.6640203,,,14400.0,POINT (-73.7573318 45.6640203)
365,7,3,None,None,7432.458999999998,101,366969337,45.6652846,-73.7595361,4,-73.7595361,45.6652846,,traffic_signals,7600.0,POINT (-73.75953610000001 45.6652846)
366,7,3,None,None,7432.458999999998,101,366967425,45.644752,-73.7382853,2,-73.7382853,45.644752,,,8400.0,POINT (-73.7382853 45.644752)
367,7,3,None,None,7432.458999999998,101,366967428,45.6525136,-73.7431796,2,-73.7431796,45.6525136,,,9600.0,POINT (-73.7431796 45.6525136)
368,7,5,None,None,50592.645,102,1338766163,45.6418362,-73.6491328,3,-73.6491328,45.6418362,34,motorway_junction,14000.0,POINT (-73.6491328 45.6418362)
369,7,5,None,None,50592.645,102,1338766233,45.6569209,-73.6391587,3,-73.6391587,45.6569209,,,7200.0,POINT (-73.6391587 45.6569209)
370,7,5,None,None,50592.645,102,1338766089,45.6584062,-73.6475115,3,-73.6475115,45.6584062,34,motorway_junction,14000.0,POINT (-73.64751149999999 45.6584062)
371,7,5,None,None,50592.645,102,1338766443,45.6529036,-73.6437059,4,-73.6437059,45.6529036,,,7200.0,POINT (-73.6437059 45.6529036)
372,7,6,None,None,17337.171000000002,103,3749429982,45.6446434,-73.5852479,3,-73.5852479,45.6446434,,,6300.0,POINT (-73.5852479 45.6446434)
373,7,6,None,None,17337.171000000002,103,5413953143,45.650156,-73.5780223,3,-73.5780223,45.650156,,,5600.0,POINT (-73.5780223 45.650156)
374,7,6,None,None,17337.171000000002,103,4667184772,45.6445218,-73.5851185,3,-73.5851185,45.6445218,,,5600.0,POINT (-73.58511849999999 45.6445218)
375,7,7,None,None,33791.88300000001,104,224873268,45.6513854,-73.535607,3,-73.535607,45.6513854,,,8400.0,POINT (-73.535607 45.6513854)
376,7,7,None,None,33791.88300000001,104,4031745322,45.6488759,-73.5296415,4,-73.5296415,45.6488759,,,5600.0,POINT (-73.5296415 45.6488759)
377,7,7,None,None,33791.88300000001,104,224886192,45.6463643,-73.5485543,3,-73.5485543,45.6463643,,,6300.0,POINT (-73.54855430000001 45.6463643)
378,7,7,None,None,33791.88300000001,104,4847120974,45.6423785,-73.5339011,3,-73.5339011,45.6423785,,,5600.0,POINT (-73.53390109999999 45.6423785)
379,7,8,0,0,21965.306999999993,105,369560243,45.6555174,-73.5218697,3,-73.5218697,45.6555174,85,motorway_junction,16000.0,POINT (-73.5218697 45.6555174)
380,7,8,0,0,21965.306999999993,105,4502304227,45.6434037,-73.5111731,3,-73.5111731,45.6434037,,,5600.0,POINT (-73.51117309999999 45.6434037)
381,7,8,0,0,21965.306999999993,105,4667249878,45.6510396,-73.5112385,3,-73.5112385,45.6510396,,,8100.0,POINT (-73.5112385 45.6510396)
382,7,8,0,0,21965.306999999993,105,369553403,45.6497176,-73.5265719,3,-73.5265719,45.6497176,,,4200.0,POINT (-73.52657189999999 45.6497176)
383,7,8,0,1,2802.346,106,224843590,45.6399878,-73.4902546,3,-73.4902546,45.6399878,,,12600.0,POINT (-73.4902546 45.6399878)
384,7,8,0,1,2802.346,106,4502211574,45.6421992,-73.5042359,3,-73.5042359,45.6421992,,,5600.0,POINT (-73.5042359 45.6421992)
385,7,8,0,1,2802.346,106,923862433,45.6405944,-73.4944775,3,-73.4944775,45.6405944,,,5600.0,POINT (-73.4944775 45.6405944)
386,7,8,1,0,30936.139000000003,107,369548249,45.6683534,-73.5187653,3,-73.5187653,45.6683534,,,16000.0,POINT (-73.5187653 45.6683534)
387,7,8,1,0,30936.139000000003,107,595748577,45.6616015,-73.5078072,3,-73.5078072,45.6616015,,,9900.0,POINT (-73.5078072 45.6616015)
388,7,8,1,0,30936.139000000003,107,369534088,45.6565076,-73.5212417,3,-73.5212417,45.6565076,,,4600.0,POINT (-73.5212417 45.6565076)
389,7,8,1,0,30936.139000000003,107,369548182,45.6662015,-73.5180488,3,-73.5180488,45.6662015,40,motorway_junction,6800.0,POINT (-73.5180488 45.6662015)
390,8,0,None,None,11402.818000000005,108,593018052,45.6793675,-73.8891998,2,-73.8891998,45.6793675,,,14400.0,POINT (-73.8891998 45.6793675)
391,8,0,None,None,11402.818000000005,108,4683355658,45.6826873,-73.8943521,2,-73.8943521,45.6826873,,,14400.0,POINT (-73.89435210000001 45.6826873)
392,8,0,None,None,11402.818000000005,108,4683369297,45.6764116,-73.8845869,2,-73.8845869,45.6764116,,,14400.0,POINT (-73.8845869 45.6764116)
393,8,0,None,None,11402.818000000005,108,4068346430,45.6738493,-73.8613338,3,-73.8613338,45.6738493,,,5600.0,POINT (-73.8613338 45.6738493)
394,8,2,None,None,19215.944000000003,110,526460256,45.6729822,-73.7656256,4,-73.7656256,45.6729822,,motorway_junction,18400.0,POINT (-73.76562560000001 45.6729822)
395,8,2,None,None,19215.944000000003,110,8806892647,45.6821509,-73.7729736,2,-73.7729736,45.6821509,,,10800.0,POINT (-73.7729736 45.6821509)
396,8,2,None,None,19215.944000000003,110,194165898,45.6808635,-73.7608476,3,-73.7608476,45.6808635,,,10000.0,POINT (-73.76084760000001 45.6808635)
397,8,2,None,None,19215.944000000003,110,3580968219,45.6917606,-73.7831349,2,-73.7831349,45.6917606,,,5200.0,POINT (-73.78313489999999 45.6917606)
398,8,3,None,None,1735.5720000000001,111,3865883489,45.6937494,-73.7493256,3,-73.7493256,45.6937494,32,motorway_junction,10000.0,POINT (-73.74932560000001 45.6937494)
399,8,3,None,None,1735.5720000000001,111,4520390198,45.6941066,-73.7411173,1,-73.7411173,45.6941066,,,2000.0,POINT (-73.7411173 45.6941066)
400,8,3,None,None,1735.5720000000001,111,3865883492,45.7008153,-73.735667,3,-73.735667,45.7008153,,,6000.0,POINT (-73.73566700000001 45.7008153)
401,8,5,None,None,54621.539,112,369830176,45.6999612,-73.6519923,3,-73.6519923,45.6999612,,,16000.0,POINT (-73.6519923 45.6999612)
402,8,5,None,None,54621.539,112,4674430018,45.7002084,-73.6473356,4,-73.6473356,45.7002084,,traffic_signals,5600.0,POINT (-73.64733560000001 45.7002084)
403,8,5,None,None,54621.539,112,8497236715,45.6794208,-73.6499607,3,-73.6499607,45.6794208,,,12000.0,POINT (-73.64996069999999 45.6794208)
404,8,5,None,None,54621.539,112,592667587,45.6851957,-73.6475426,1,-73.6475426,45.6851957,,,2000.0,POINT (-73.64754259999999 45.6851957)
405,8,8,None,None,52562.35100000001,113,224826171,45.6888422,-73.4982398,3,-73.4982398,45.6888422,,,12600.0,POINT (-73.49823979999999 45.6888422)
406,8,8,None,None,52562.35100000001,113,623609173,45.6928187,-73.5101165,3,-73.5101165,45.6928187,92,motorway_junction,10000.0,POINT (-73.5101165 45.6928187)
407,8,8,None,None,52562.35100000001,113,224843836,45.6993373,-73.4840611,3,-73.4840611,45.6993373,,,4500.0,POINT (-73.48406110000001 45.6993373)
408,8,8,None,None,52562.35100000001,113,623609158,45.6987345,-73.5096404,1,-73.5096404,45.6987345,,,4000.0,POINT (-73.50964039999999 45.6987345)
