gridID_lat,gridID_lon,inner_gridID_lat,inner_gridID_lon,oneway,lanelength,fishnetID,osmid,y,x,street_count,lon,lat,highway,ref,nodeID,geometry,lanecapacity
1,22,None,None,False,281.911,4,987043356,37.8634253,23.746339,3,23.746339,37.8634253,,,2283,POINT (23.746339 37.8634253),9600
1,22,None,None,False,281.911,4,269596847,37.8644076,23.7544538,3,23.7544538,37.8644076,,,860,POINT (23.7544538 37.8644076),4200
1,23,None,None,False,530.732,6,4551421701,37.8670427,23.7571179,2,23.7571179,37.8670427,,,845,POINT (23.7571179 37.8670427),4900
1,23,None,None,False,530.732,6,6166892124,37.8617357,23.762807,3,23.762807,37.8617357,,,2941,POINT (23.762807 37.8617357),4500
2,23,None,None,False,248.821,8,269435993,37.8755687,23.7564325,5,23.7564325,37.8755687,,,839,POINT (23.7564325 37.8755687),7800
2,23,None,None,False,248.821,8,5586902731,37.8706507,23.7589037,3,23.7589037,37.8706507,,,2834,POINT (23.7589037 37.8706507),5000
2,24,None,None,False,703.549,10,922263849,37.8735793,23.7643299,3,23.7643299,37.8735793,,,838,POINT (23.7643299 37.8735793),4200
2,24,None,None,False,703.549,10,269542131,37.8734835,23.7643486,3,23.7643486,37.8734835,,,859,POINT (23.7643486 37.8734835),2800
3,23,None,None,False,3016.71,15,1836907356,37.8756642,23.756537,4,23.756537,37.8756642,,,48,POINT (23.756537 37.8756642),6400
3,23,None,None,False,3016.71,15,1838139883,37.8794639,23.7582707,4,23.7582707,37.8794639,,,2185,POINT (23.7582707 37.8794639),5600
3,23,None,None,False,3016.71,15,360340414,37.8816189,23.7554508,1,23.7554508,37.8816189,,,2186,POINT (23.7554508 37.8816189),1400
3,23,None,None,False,3016.71,15,269435574,37.8796748,23.7635323,3,23.7635323,37.8796748,traffic_signals,,835,POINT (23.7635323 37.8796748),4200
4,23,None,None,False,2702.332,19,269432606,37.889352,23.7611614,3,23.7611614,37.889352,,,831,POINT (23.7611614 37.889352),4200
4,23,None,None,False,2702.332,19,8596337363,37.8850398,23.7598907,3,23.7598907,37.8850398,,,2488,POINT (23.7598907 37.8850398),4200
5,23,None,None,False,2378.244,24,3847643267,37.8956904,23.7612223,4,23.7612223,37.8956904,,,827,POINT (23.7612223 37.8956904),5600
5,23,None,None,False,2378.244,24,1836923934,37.8921638,23.7607347,3,23.7607347,37.8921638,,,854,POINT (23.7607347 37.8921638),4200
5,24,None,None,False,2099.981,26,269438278,37.8908789,23.766688,3,23.766688,37.8908789,,,847,POINT (23.766688 37.8908789),4200
5,24,None,None,False,2099.981,26,1845897089,37.8908993,23.7663303,3,23.7663303,37.8908993,,,850,POINT (23.7663303 37.8908993),4200
5,36,None,None,False,2873.271,29,2769048061,37.8911866,23.8817779,4,23.8817779,37.8911866,,,1278,POINT (23.8817779 37.8911866),7200
5,36,None,None,False,2873.271,29,360803923,37.8936987,23.8810089,3,23.8810089,37.8936987,,,1287,POINT (23.8810089 37.8936987),5400
5,37,None,None,False,149.391,31,2769050507,37.8925715,23.8831713,4,23.8831713,37.8925715,,,1285,POINT (23.8831713 37.8925715),7200
5,37,None,None,False,149.391,31,483411311,37.8926232,23.8830498,4,23.8830498,37.8926232,,,1634,POINT (23.8830498 37.8926232),7200
7,18,None,None,False,1338.402,35,8237762531,37.910764,23.7114905,5,23.7114905,37.910764,,,2487,POINT (23.7114905 37.910764),9000
7,18,None,None,False,1338.402,35,1579808171,37.9062999,23.7173065,3,23.7173065,37.9062999,,,2386,POINT (23.7173065 37.9062999),8400
7,18,None,None,False,1338.402,35,4019121947,37.9077645,23.7159643,3,23.7159643,37.9077645,,,9,POINT (23.7159643 37.9077645),7200
7,21,None,None,False,1266.332,39,11144591854,37.9060402,23.7451576,5,23.7451576,37.9060402,,,43,POINT (23.7451576 37.9060402),7000
7,21,None,None,False,1266.332,39,3895874574,37.9098908,23.7406406,3,23.7406406,37.9098908,,,2785,POINT (23.7406406 37.9098908),4200
7,21,None,None,False,1266.332,39,1853124884,37.9112925,23.7447542,3,23.7447542,37.9112925,,,100,POINT (23.7447542 37.9112925),5400
7,21,None,None,False,1266.332,39,4035001465,37.9088633,23.7381654,3,23.7381654,37.9088633,crossing,,2815,POINT (23.7381654 37.9088633),4200
7,22,None,None,False,1020.17,41,1856697397,37.9059385,23.7536506,5,23.7536506,37.9059385,,,2527,POINT (23.7536506 37.9059385),7000
7,22,None,None,False,1020.17,41,1856011662,37.9059922,23.7499045,2,23.7499045,37.9059922,,,869,POINT (23.7499045 37.9059922),4200
7,22,None,None,False,1020.17,41,269611886,37.9060229,23.7469037,3,23.7469037,37.9060229,,,868,POINT (23.7469037 37.9060229),4200
8,36,None,None,False,5716.79,49,8567414339,37.912695,23.8741036,3,23.8741036,37.912695,,,1446,POINT (23.8741036 37.912695),5400
8,36,None,None,False,5716.79,49,8567414319,37.9129443,23.8741828,3,23.8741828,37.9129443,,,3114,POINT (23.8741828 37.9129443),5400
9,19,None,None,False,2104.458,53,8237762303,37.9206203,23.7214782,2,23.7214782,37.9206203,,,2549,POINT (23.7214782 37.9206203),4200
9,19,None,None,False,2104.458,53,9490066521,37.9199912,23.7211143,2,23.7211143,37.9199912,,,3083,POINT (23.7211143 37.9199912),4200
10,19,None,None,False,2141.309,62,1856937349,37.9266802,23.7256281,3,23.7256281,37.9266802,,,2504,POINT (23.7256281 37.9266802),4200
10,19,None,None,False,2141.309,62,6152410546,37.9268879,23.7255236,1,23.7255236,37.9268879,,,2936,POINT (23.7255236 37.9268879),1400
10,23,None,None,False,150.357,66,1858422314,37.9326228,23.7564748,3,23.7564748,37.9326228,,,880,POINT (23.7564748 37.9326228),5400
10,23,None,None,False,150.357,66,1858422312,37.9326033,23.7562409,1,23.7562409,37.9326033,,,2550,POINT (23.7562409 37.9326033),1800
11,9,None,None,False,24.814,68,1668205352,37.9386391,23.6301383,3,23.6301383,37.9386391,,,790,POINT (23.6301383 37.9386391),4200
11,9,None,None,False,24.814,68,275307860,37.9374237,23.6355109,1,23.6355109,37.9374237,,,791,POINT (23.6355109 37.9374237),1400
11,10,None,None,False,328.424,70,1676386728,37.9383618,23.6393222,3,23.6393222,37.9383618,,,788,POINT (23.6393222 37.9383618),4200
11,10,None,None,False,328.424,70,251149703,37.9367632,23.6374729,3,23.6374729,37.9367632,,,792,POINT (23.6374729 37.9367632),4200
11,10,None,None,False,328.424,70,1685397273,37.9398204,23.6442773,2,23.6442773,37.9398204,,,946,POINT (23.6442773 37.9398204),2800
11,11,None,None,False,1769.32,72,274961625,37.9390416,23.6482135,3,23.6482135,37.9390416,,,941,POINT (23.6482135 37.9390416),4200
11,11,None,None,False,1769.32,72,276018604,37.9394419,23.6486866,3,23.6486866,37.9394419,traffic_signals,,942,POINT (23.6486866 37.9394419),4200
11,12,None,None,False,2329.18,74,446252628,37.9393386,23.6608832,2,23.6608832,37.9393386,,,951,POINT (23.6608832 37.9393386),2800
11,12,None,None,False,2329.18,74,293256647,37.9394936,23.661745,2,23.661745,37.9394936,,,1025,POINT (23.661745 37.9394936),2800
11,22,None,None,False,18.516,82,802432837,37.9343468,23.7517374,3,23.7517374,37.9343468,,,2119,POINT (23.7517374 37.9343468),4200
11,22,None,None,False,18.516,82,5390853181,37.9377628,23.7518456,3,23.7518456,37.9377628,,,2536,POINT (23.7518456 37.9377628),4200
11,22,None,None,False,18.516,82,3856466958,37.9397527,23.7506325,3,23.7506325,37.9397527,,,2780,POINT (23.7506325 37.9397527),4200
11,23,None,None,False,98.029,84,270466090,37.9334119,23.7569732,3,23.7569732,37.9334119,,,879,POINT (23.7569732 37.9334119),5400
11,23,None,None,False,98.029,84,1842969827,37.9360712,23.7586494,3,23.7586494,37.9360712,,,1985,POINT (23.7586494 37.9360712),5400
12,8,None,None,False,152.076,86,272459342,37.9435106,23.6212207,4,23.6212207,37.9435106,,,899,POINT (23.6212207 37.9435106),7200
12,8,None,None,False,152.076,86,1669712979,37.9418014,23.6220318,1,23.6220318,37.9418014,,E1,2414,POINT (23.6220318 37.9418014),1800
12,10,None,None,False,18.724,89,251148694,37.9454455,23.6424558,4,23.6424558,37.9454455,,,782,POINT (23.6424558 37.9454455),5600
12,10,None,None,False,18.724,89,276018078,37.9402892,23.6446823,4,23.6446823,37.9402892,traffic_signals,,795,POINT (23.6446823 37.9402892),5600
12,10,None,None,False,18.724,89,8583339902,37.9443103,23.6445379,4,23.6445379,37.9443103,,,803,POINT (23.6445379 37.9443103),5600
12,10,None,None,False,18.724,89,251149729,37.9415665,23.6422552,4,23.6422552,37.9415665,,,787,POINT (23.6422552 37.9415665),5600
12,11,None,None,False,744.691,91,276524408,37.9429641,23.6470196,4,23.6470196,37.9429641,traffic_signals,,777,POINT (23.6470196 37.9429641),6300
12,11,None,None,False,744.691,91,10131942154,37.9438164,23.6523901,1,23.6523901,37.9438164,,,3146,POINT (23.6523901 37.9438164),1400
12,11,None,None,False,744.691,91,804297276,37.9471881,23.6459711,3,23.6459711,37.9471881,,,2131,POINT (23.6459711 37.9471881),2800
12,11,None,None,False,744.691,91,805075603,37.9412315,23.6502169,3,23.6502169,37.9412315,crossing,,948,POINT (23.6502169 37.9412315),4200
12,12,None,None,False,559.86,93,155521820,37.9441531,23.6636156,3,23.6636156,37.9441531,,,429,POINT (23.6636156 37.9441531),6000
12,12,None,None,False,559.86,93,565473752,37.9435331,23.6580259,3,23.6580259,37.9435331,,,1787,POINT (23.6580259 37.9435331),4200
12,15,None,None,False,45.27,97,36410070,37.9427466,23.6846777,4,23.6846777,37.9427466,,,84,POINT (23.6846777 37.9427466),7200
12,15,None,None,False,45.27,97,3809337571,37.9415399,23.6870099,3,23.6870099,37.9415399,,,2777,POINT (23.6870099 37.9415399),5400
12,15,None,None,False,45.27,97,8420996033,37.9406913,23.690574,1,23.690574,37.9406913,,,445,POINT (23.690574 37.9406913),2400
12,20,None,None,False,1096.064,102,43400613,37.941059,23.7312745,2,23.7312745,37.941059,,,152,POINT (23.7312745 37.941059),4200
12,20,None,None,False,1096.064,102,6145985920,37.9452211,23.7345387,3,23.7345387,37.9452211,,,154,POINT (23.7345387 37.9452211),4200
12,22,None,None,False,431.768,105,1840022356,37.9461258,23.747296,3,23.747296,37.9461258,,,739,POINT (23.747296 37.9461258),4200
12,22,None,None,False,431.768,105,3856467557,37.9401061,23.7504025,3,23.7504025,37.9401061,,,2781,POINT (23.7504025 37.9401061),4200
12,35,None,None,False,7924.505,108,6321753890,37.9471025,23.8647125,3,23.8647125,37.9471025,,,2968,POINT (23.8647125 37.9471025),5400
12,35,None,None,False,7924.505,108,7874942020,37.9417973,23.8672272,1,23.8672272,37.9417973,,,3072,POINT (23.8672272 37.9417973),1800
13,9,None,None,False,160.924,112,1677796434,37.949148,23.6360871,4,23.6360871,37.949148,,,799,POINT (23.6360871 37.949148),6400
13,9,None,None,False,160.924,112,251150004,37.9486772,23.6358576,3,23.6358576,37.9486772,,,800,POINT (23.6358576 37.9486772),5400
13,11,None,None,False,1116.024,115,251148337,37.9483962,23.6509343,4,23.6509343,37.9483962,traffic_signals,,776,POINT (23.6509343 37.9483962),7500
13,11,None,None,False,1116.024,115,8064811481,37.9485398,23.6468599,3,23.6468599,37.9485398,,,2433,POINT (23.6468599 37.9485398),5000
13,11,None,None,False,1116.024,115,573803596,37.9485348,23.6543411,3,23.6543411,37.9485348,,,1207,POINT (23.6543411 37.9485348),4200
13,11,None,None,False,1116.024,115,804322535,37.9518412,23.6472149,3,23.6472149,37.9518412,,,770,POINT (23.6472149 37.9518412),4200
13,12,None,None,False,537.471,117,6536640153,37.9512892,23.6633311,4,23.6633311,37.9512892,,,2135,POINT (23.6633311 37.9512892),6400
13,12,None,None,False,537.471,117,10131942146,37.9477929,23.6558557,3,23.6558557,37.9477929,,,3145,POINT (23.6558557 37.9477929),4600
13,12,None,None,False,537.471,117,3607367661,37.9494001,23.6572803,3,23.6572803,37.9494001,,,2765,POINT (23.6572803 37.9494001),4600
13,13,None,None,False,407.73,119,357217930,37.9536866,23.6703149,4,23.6703149,37.9536866,,,540,POINT (23.6703149 37.9536866),6400
13,13,None,None,False,407.73,119,805901573,37.9475372,23.6651266,3,23.6651266,37.9475372,,,223,POINT (23.6651266 37.9475372),4200
13,21,None,None,False,629.294,125,251114644,37.9488829,23.7393061,4,23.7393061,37.9488829,traffic_signals,,55,POINT (23.7393061 37.9488829),6400
13,21,None,None,False,629.294,125,251115327,37.9523115,23.7373056,3,23.7373056,37.9523115,,,79,POINT (23.7373056 37.9523115),5000
13,21,None,None,False,629.294,125,357483587,37.9506772,23.7412344,3,23.7412344,37.9506772,,,738,POINT (23.7412344 37.9506772),4200
13,21,None,None,False,629.294,125,251120756,37.9491268,23.744853,4,23.744853,37.9491268,,,729,POINT (23.744853 37.9491268),5600
13,34,None,None,False,1276.325,129,4195166425,37.9518046,23.8616986,3,23.8616986,37.9518046,,,1449,POINT (23.8616986 37.9518046),5400
13,34,None,None,False,1276.325,129,4195166421,37.9516646,23.861598,1,23.861598,37.9516646,,,2830,POINT (23.861598 37.9516646),1800
14,7,None,None,False,97.604,132,2410800187,37.9583989,23.6147224,4,23.6147224,37.9583989,,,2419,POINT (23.6147224 37.9583989),6800
14,7,None,None,False,97.604,132,153799143,37.9615455,23.6118904,4,23.6118904,37.9615455,,,314,POINT (23.6118904 37.9615455),6400
14,11,None,None,False,1404.634,135,251147380,37.956586,23.6504775,3,23.6504775,37.956586,traffic_signals,,290,POINT (23.6504775 37.956586),4200
14,11,None,None,False,1404.634,135,2146155915,37.960789,23.649371,2,23.649371,37.960789,,,407,POINT (23.649371 37.960789),2800
14,13,None,None,False,873.9,137,2149932782,37.9571464,23.6705978,2,23.6705978,37.9571464,,,1201,POINT (23.6705978 37.9571464),4200
14,13,None,None,False,873.9,137,3633024100,37.9576845,23.6708624,2,23.6708624,37.9576845,,,1202,POINT (23.6708624 37.9576845),4200
14,14,None,None,False,487.298,139,828109873,37.9615423,23.6767636,3,23.6767636,37.9615423,,,2008,POINT (23.6767636 37.9615423),14000
14,14,None,None,False,487.298,139,9892016460,37.9587647,23.6756541,3,23.6756541,37.9587647,,,2012,POINT (23.6756541 37.9587647),6800
14,14,None,None,False,487.298,139,582683799,37.9569261,23.680543,4,23.680543,37.9569261,,,1879,POINT (23.680543 37.9569261),6400
14,14,None,None,False,487.298,139,357218402,37.9613787,23.6738397,2,23.6738397,37.9613787,,,412,POINT (23.6738397 37.9613787),4200
14,14,None,None,False,487.298,139,638499613,37.9552707,23.6741918,3,23.6741918,37.9552707,,,2001,POINT (23.6741918 37.9552707),4600
14,17,None,None,False,1339.051,143,36433261,37.9558904,23.7020365,4,23.7020365,37.9558904,,,90,POINT (23.7020365 37.9558904),7300
14,17,None,None,False,1339.051,143,2297377191,37.9560261,23.7020199,4,23.7020199,37.9560261,,,2668,POINT (23.7020199 37.9560261),7300
14,20,None,None,False,366.078,147,251115293,37.9590486,23.7342561,4,23.7342561,37.9590486,,,701,POINT (23.7342561 37.9590486),6400
14,20,None,None,False,366.078,147,36408673,37.9569691,23.7352646,3,23.7352646,37.9569691,traffic_signals,,78,POINT (23.7352646 37.9569691),5000
14,20,None,None,False,366.078,147,6164683725,37.9571262,23.7327547,3,23.7327547,37.9571262,,,2175,POINT (23.7327547 37.9571262),4200
14,20,None,None,False,366.078,147,572684539,37.9581819,23.7306599,4,23.7306599,37.9581819,,,731,POINT (23.7306599 37.9581819),5600
14,34,None,None,False,2044.06,151,6131714090,37.9574921,23.8574205,3,23.8574205,37.9574921,,,1059,POINT (23.8574205 37.9574921),5400
14,34,None,None,False,2044.06,151,6131714091,37.9573701,23.8572387,1,23.8572387,37.9573701,,,2933,POINT (23.8572387 37.9573701),1800
15,2,None,None,False,151.668,154,2352582756,37.9634747,23.5653786,3,23.5653786,37.9634747,crossing,,370,POINT (23.5653786 37.9634747),5400
15,2,None,None,False,151.668,154,399204289,37.9634018,23.5653695,3,23.5653695,37.9634018,,,371,POINT (23.5653695 37.9634018),5400
15,6,None,None,False,22.128,158,7871414786,37.9623484,23.6085057,4,23.6085057,37.9623484,,,375,POINT (23.6085057 37.9623484),7200
15,6,None,None,False,22.128,158,4713303340,37.9673853,23.6061306,1,23.6061306,37.9673853,,,2870,POINT (23.6061306 37.9673853),1400
15,7,None,None,False,17.616,160,153799150,37.9642499,23.6135904,4,23.6135904,37.9642499,,,318,POINT (23.6135904 37.9642499),6400
15,7,None,None,False,17.616,160,9046996467,37.96228,23.6098404,3,23.6098404,37.96228,,,316,POINT (23.6098404 37.96228),5400
15,10,None,None,False,1585.627,162,567064398,37.9681204,23.6453482,4,23.6453482,37.9681204,traffic_signals,,1583,POINT (23.6453482 37.9681204),6400
15,10,None,None,False,1585.627,162,4179497343,37.9655577,23.6371208,3,23.6371208,37.9655577,,,2288,POINT (23.6371208 37.9655577),5000
15,10,None,None,False,1585.627,162,989163704,37.9644828,23.6397755,2,23.6397755,37.9644828,traffic_signals,,1801,POINT (23.6397755 37.9644828),2800
15,11,None,None,False,1411.585,164,365373255,37.9685324,23.6466286,4,23.6466286,37.9685324,traffic_signals,,1580,POINT (23.6466286 37.9685324),6400
15,11,None,None,False,1411.585,164,155501630,37.9634113,23.6492094,4,23.6492094,37.9634113,traffic_signals,,404,POINT (23.6492094 37.9634113),5600
15,11,None,None,False,1411.585,164,5581259109,37.9670184,23.650605,2,23.650605,37.9670184,,,1599,POINT (23.650605 37.9670184),2800
15,18,None,None,False,300.166,169,250679203,37.9618154,23.7108184,4,23.7108184,37.9618154,,,587,POINT (23.7108184 37.9618154),7300
15,18,None,None,False,300.166,169,819929841,37.961786,23.7171252,1,23.7171252,37.961786,,,2147,POINT (23.7171252 37.961786),1800
15,18,None,None,False,300.166,169,250678859,37.9639171,23.7154762,3,23.7154762,37.9639171,,,583,POINT (23.7154762 37.9639171),5400
15,18,None,None,False,300.166,169,6939406197,37.9635803,23.7103465,3,23.7103465,37.9635803,,,585,POINT (23.7103465 37.9635803),5000
15,21,None,None,False,600.11,173,7229807073,37.9686499,23.7377436,3,23.7377436,37.9686499,,,1550,POINT (23.7377436 37.9686499),6300
15,21,None,None,False,600.11,173,3217770292,37.968077,23.744321,2,23.744321,37.968077,,,721,POINT (23.744321 37.968077),4200
15,22,None,None,False,1369.044,175,251110819,37.9678015,23.7470072,4,23.7470072,37.9678015,traffic_signals,,718,POINT (23.7470072 37.9678015),5600
15,22,None,None,False,1369.044,175,6897170564,37.9675104,23.7496157,3,23.7496157,37.9675104,,,722,POINT (23.7496157 37.9675104),4200
15,22,None,None,False,1369.044,175,251110816,37.9659523,23.7466928,3,23.7466928,37.9659523,,,719,POINT (23.7466928 37.9659523),4200
15,25,None,None,False,1523.331,179,7023212209,37.9652511,23.7763279,2,23.7763279,37.9652511,,,1268,POINT (23.7763279 37.9652511),4200
15,25,None,None,False,1523.331,179,5465573640,37.9652701,23.7755836,2,23.7755836,37.9652701,,,2219,POINT (23.7755836 37.9652701),4200
15,26,None,None,False,1309.485,181,1305739807,37.9678762,23.7900657,3,23.7900657,37.9678762,motorway_junction,,116,POINT (23.7900657 37.9678762),5400
15,26,None,None,False,1309.485,181,1171066982,37.9650784,23.7894981,2,23.7894981,37.9650784,,,2335,POINT (23.7894981 37.9650784),3200
16,10,None,None,False,1134.174,186,365373695,37.9687998,23.6449939,4,23.6449939,37.9687998,traffic_signals,,1582,POINT (23.6449939 37.9687998),6400
16,10,None,None,False,1134.174,186,365374402,37.9757708,23.642107,3,23.642107,37.9757708,,,1584,POINT (23.642107 37.9757708),4200
16,11,None,None,False,668.425,188,357254517,37.9703217,23.6520235,5,23.6520235,37.9703217,,,1210,POINT (23.6520235 37.9703217),7800
16,11,None,None,False,668.425,188,6351359526,37.9692168,23.6462731,4,23.6462731,37.9692168,,,1213,POINT (23.6462731 37.9692168),6400
16,12,None,None,False,2594.944,190,153791599,37.9732659,23.661159,4,23.661159,37.9732659,,,310,POINT (23.661159 37.9732659),6400
16,12,None,None,False,2594.944,190,988989347,37.9704233,23.6617017,1,23.6617017,37.9704233,,,2287,POINT (23.6617017 37.9704233),1400
16,21,None,None,False,1454.128,198,251109645,37.9707673,23.7414658,4,23.7414658,37.9707673,,,712,POINT (23.7414658 37.9707673),7300
16,21,None,None,False,1454.128,198,2062506602,37.9689075,23.7382388,3,23.7382388,37.9689075,,,2222,POINT (23.7382388 37.9689075),5900
16,21,None,None,False,1454.128,198,8445978240,37.9753413,23.7432745,3,23.7432745,37.9753413,,,607,POINT (23.7432745 37.9753413),5400
16,21,None,None,False,1454.128,198,250692401,37.9757883,23.7390757,3,23.7390757,37.9757883,,,605,POINT (23.7390757 37.9757883),5000
16,22,None,None,False,669.614,200,6281867408,37.9750548,23.7477357,4,23.7477357,37.9750548,,,2967,POINT (23.7477357 37.9750548),6400
16,22,None,None,False,669.614,200,1211280648,37.9693119,23.7537752,3,23.7537752,37.9693119,,,2218,POINT (23.7537752 37.9693119),4200
16,22,None,None,False,669.614,200,2296291519,37.9722538,23.7525629,3,23.7525629,37.9722538,,,1309,POINT (23.7525629 37.9722538),4200
16,22,None,None,False,669.614,200,838712128,37.9751408,23.7503226,3,23.7503226,37.9751408,,,1261,POINT (23.7503226 37.9751408),4200
17,11,None,None,False,1105.69,208,357255317,37.9808333,23.6545933,4,23.6545933,37.9808333,traffic_signals,,322,POINT (23.6545933 37.9808333),5600
17,11,None,None,False,1105.69,208,10151963675,37.9766163,23.6510684,3,23.6510684,37.9766163,,,1215,POINT (23.6510684 37.9766163),4200
17,11,None,None,False,1105.69,208,510488924,37.9769314,23.6475482,2,23.6475482,37.9769314,traffic_signals,,1221,POINT (23.6475482 37.9769314),2800
17,12,None,None,False,523.855,210,365131334,37.9805395,23.6553779,4,23.6553779,37.9805395,,,1220,POINT (23.6553779 37.9805395),5600
17,12,None,None,False,523.855,210,988757781,37.9785173,23.6607934,4,23.6607934,37.9785173,,,1566,POINT (23.6607934 37.9785173),5600
17,18,None,None,False,630.296,214,250664454,37.9760846,23.7115181,4,23.7115181,37.9760846,,,554,POINT (23.7115181 37.9760846),7200
17,18,None,None,False,630.296,214,251140818,37.9809146,23.7113485,4,23.7113485,37.9809146,,,758,POINT (23.7113485 37.9809146),5600
17,18,None,None,False,630.296,214,6742071240,37.97907,23.7166691,4,23.7166691,37.97907,,,3018,POINT (23.7166691 37.97907),6400
17,19,None,None,False,1018.852,216,2318403662,37.982284,23.7240131,3,23.7240131,37.982284,,,679,POINT (23.7240131 37.982284),7200
17,19,None,None,False,1018.852,216,7214467399,37.9827092,23.7249813,2,23.7249813,37.9827092,,,2675,POINT (23.7249813 37.9827092),6300
17,20,None,None,False,191.099,218,250691827,37.9765,23.7358438,3,23.7358438,37.9765,,,600,POINT (23.7358438 37.9765),8100
17,20,None,None,False,191.099,218,250702474,37.9822249,23.7313355,2,23.7313355,37.9822249,,,608,POINT (23.7313355 37.9822249),3600
17,20,None,None,False,191.099,218,250700142,37.9829031,23.7291536,3,23.7291536,37.9829031,,,609,POINT (23.7291536 37.9829031),5400
17,22,None,None,False,216.375,221,574812197,37.9762578,23.7494933,4,23.7494933,37.9762578,,,710,POINT (23.7494933 37.9762578),8000
17,22,None,None,False,216.375,221,8445978239,37.9759128,23.7456342,3,23.7456342,37.9759128,,,151,POINT (23.7456342 37.9759128),5400
18,15,None,None,False,32.598,228,1174962706,37.9839967,23.6824192,3,23.6824192,37.9839967,,,807,POINT (23.6824192 37.9839967),14000
18,15,None,None,False,32.598,228,668992246,37.990151,23.6878818,3,23.6878818,37.990151,,,757,POINT (23.6878818 37.990151),4200
18,15,None,None,False,32.598,228,262413077,37.9866808,23.6841623,3,23.6841623,37.9866808,,,806,POINT (23.6841623 37.9866808),6800
18,18,None,None,False,714.076,230,652688299,37.9849119,23.7117103,3,23.7117103,37.9849119,,,1346,POINT (23.7117103 37.9849119),8600
18,18,None,None,False,714.076,230,951713740,37.9843272,23.7146465,4,23.7146465,37.9843272,,,768,POINT (23.7146465 37.9843272),5600
18,18,None,None,False,714.076,230,7331500784,37.988801,23.7168514,3,23.7168514,37.988801,,,1347,POINT (23.7168514 37.988801),4200
18,19,None,None,False,1494.151,232,962356785,37.987173,23.7268008,4,23.7268008,37.987173,,,2083,POINT (23.7268008 37.987173),7200
18,19,None,None,False,1494.151,232,952764144,37.9859209,23.7222394,3,23.7222394,37.9859209,,,184,POINT (23.7222394 37.9859209),4200
18,19,None,None,False,1494.151,232,6355624058,37.9876906,23.7200874,4,23.7200874,37.9876906,,,2214,POINT (23.7200874 37.9876906),5600
18,19,None,None,False,1494.151,232,8212395770,37.988863,23.7250927,3,23.7250927,37.988863,,,2964,POINT (23.7250927 37.988863),4200
18,19,None,None,False,1494.151,232,360079251,37.9849893,23.7195932,3,23.7195932,37.9849893,,,677,POINT (23.7195932 37.9849893),5900
18,20,None,None,False,90.161,234,250714051,37.983919,23.7293833,5,23.7293833,37.983919,,,610,POINT (23.7293833 37.983919),10800
18,20,None,None,False,90.161,234,97788195,37.9875469,23.7302398,4,23.7302398,37.9875469,,,200,POINT (23.7302398 37.9875469),6800
18,20,None,None,False,90.161,234,597677303,37.9894966,23.7306793,4,23.7306793,37.9894966,,,206,POINT (23.7306793 37.9894966),7200
18,20,None,None,False,90.161,234,95663420,37.9861564,23.7285143,4,23.7285143,37.9861564,,,186,POINT (23.7285143 37.9861564),7200
18,23,None,None,False,29.304,237,4238774499,37.9865476,23.7613394,4,23.7613394,37.9865476,,,1512,POINT (23.7613394 37.9865476),9900
18,23,None,None,False,29.304,237,213006831,37.9847109,23.7599803,3,23.7599803,37.9847109,,,509,POINT (23.7599803 37.9847109),6300
18,37,None,None,False,2561.64,243,445393555,37.987682,23.8830564,4,23.8830564,37.987682,,,1608,POINT (23.8830564 37.987682),5600
18,37,None,None,False,2561.64,243,1374277430,37.9875781,23.8834018,3,23.8834018,37.9875781,,,1611,POINT (23.8834018 37.9875781),2800
19,19,None,None,False,3344.681,250,98303894,37.9919569,23.7269517,4,23.7269517,37.9919569,,,181,POINT (23.7269517 37.9919569),6400
19,19,None,None,False,3344.681,250,7608268128,37.9967862,23.7217316,3,23.7217316,37.9967862,,,629,POINT (23.7217316 37.9967862),4200
19,19,None,None,False,3344.681,250,250922398,37.9922147,23.7213868,4,23.7213868,37.9922147,,,212,POINT (23.7213868 37.9922147),5600
19,19,None,None,False,3344.681,250,358465079,37.9945727,23.7214143,3,23.7214143,37.9945727,,,1115,POINT (23.7214143 37.9945727),4200
19,20,None,None,False,611.275,252,358464212,37.9915406,23.732304,4,23.732304,37.9915406,,,204,POINT (23.732304 37.9915406),7300
19,20,None,None,False,611.275,252,358464160,37.9954508,23.7331881,3,23.7331881,37.9954508,,,1193,POINT (23.7331881 37.9954508),4200
19,20,None,None,False,611.275,252,97788471,37.9915157,23.7298367,4,23.7298367,37.9915157,,,179,POINT (23.7298367 37.9915157),5600
19,20,None,None,False,611.275,252,358465449,37.9948549,23.7306743,4,23.7306743,37.9948549,,,207,POINT (23.7306743 37.9948549),5600
19,35,None,None,False,1462.436,261,152950258,37.991447,23.8721177,3,23.8721177,37.991447,,,257,POINT (23.8721177 37.991447),14000
19,35,None,None,False,1462.436,261,3127222347,37.9954111,23.8718935,2,23.8718935,37.9954111,,,246,POINT (23.8718935 37.9954111),4200
19,35,None,None,False,1462.436,261,1580970852,37.996621,23.8688211,2,23.8688211,37.996621,,,1936,POINT (23.8688211 37.996621),4200
19,36,None,None,False,878.12,263,272563468,37.995014,23.8780936,3,23.8780936,37.995014,,,911,POINT (23.8780936 37.995014),8000
19,36,None,None,False,878.12,263,152806682,37.9941248,23.8732945,2,23.8732945,37.9941248,,,245,POINT (23.8732945 37.9941248),4200
19,36,None,None,False,878.12,263,8744664680,37.9912556,23.8764783,2,23.8764783,37.9912556,,,247,POINT (23.8764783 37.9912556),4200
20,12,None,None,False,1252.487,265,251137967,38.0005266,23.6628366,4,23.6628366,38.0005266,,,749,POINT (23.6628366 38.0005266),5600
20,12,None,None,False,1252.487,265,251140901,38.0004521,23.6627825,3,23.6627825,38.0004521,,,750,POINT (23.6627825 38.0004521),4200
20,17,None,None,False,28.776,270,1955394123,38.0003284,23.7022211,3,23.7022211,38.0003284,,,651,POINT (23.7022211 38.0003284),16000
20,17,None,None,False,28.776,270,6390445794,38.0018034,23.7051034,5,23.7051034,38.0018034,,,2667,POINT (23.7051034 38.0018034),7000
20,17,None,None,False,28.776,270,1294018429,38.004262,23.7086759,3,23.7086759,38.004262,motorway_junction,7,2362,POINT (23.7086759 38.004262),14000
20,17,None,None,False,28.776,270,250720245,37.9993458,23.7002898,3,23.7002898,37.9993458,,,650,POINT (23.7002898 37.9993458),6800
20,18,None,None,False,22.566,272,8993558378,37.9977368,23.7100364,3,23.7100364,37.9977368,,,1190,POINT (23.7100364 37.9977368),4200
20,18,None,None,False,22.566,272,8993558379,37.9976672,23.7099427,3,23.7099427,37.9976672,,,2832,POINT (23.7099427 37.9976672),4200
20,19,None,None,False,2071.151,274,250717184,38.0015192,23.7223022,4,23.7223022,38.0015192,,,623,POINT (23.7223022 38.0015192),5600
20,19,None,None,False,2071.151,274,358483881,37.9992965,23.7205077,2,23.7205077,37.9992965,,,630,POINT (23.7205077 37.9992965),2800
20,19,None,None,False,2071.151,274,314862169,38.0017939,23.7193235,3,23.7193235,38.0017939,,,1117,POINT (23.7193235 38.0017939),5600
20,20,None,None,False,5374.042,276,515962418,38.0001139,23.7333598,4,23.7333598,38.0001139,,,617,POINT (23.7333598 38.0001139),8600
20,20,None,None,False,5374.042,276,250717176,38.000438,23.7308035,2,23.7308035,38.000438,,,618,POINT (23.7308035 38.000438),2800
20,20,None,None,False,5374.042,276,516020609,38.0019869,23.7338224,2,23.7338224,38.0019869,,,1641,POINT (23.7338224 38.0019869),7200
20,20,None,None,False,5374.042,276,250717178,38.0008482,23.7275731,4,23.7275731,38.0008482,,,620,POINT (23.7275731 38.0008482),6400
20,22,None,None,False,1386.582,278,347498168,37.9984618,23.7508638,3,23.7508638,37.9984618,,,1176,POINT (23.7508638 37.9984618),4200
20,22,None,None,False,1386.582,278,1052495300,38.0004164,23.7501562,1,23.7501562,38.0004164,,,2317,POINT (23.7501562 38.0004164),1400
20,23,None,None,False,1356.56,280,347434823,38.0010117,23.7622307,3,23.7622307,38.0010117,crossing,,1163,POINT (23.7622307 38.0010117),4200
20,23,None,None,False,1356.56,280,5610732646,38.0007393,23.7597682,3,23.7597682,38.0007393,,,1165,POINT (23.7597682 38.0007393),4200
20,24,None,None,False,731.622,282,8113207733,37.998108,23.7692828,7,23.7692828,37.998108,,,1171,POINT (23.7692828 37.998108),11000
20,24,None,None,False,731.622,282,347434009,38.001318,23.7654257,1,23.7654257,38.001318,,,2329,POINT (23.7654257 38.001318),1400
20,24,None,None,False,731.622,282,6342888025,37.9994927,23.7637956,1,23.7637956,37.9994927,,,2952,POINT (23.7637956 37.9994927),1400
20,24,None,None,False,731.622,282,1285517623,38.0005463,23.7718623,3,23.7718623,38.0005463,,,2349,POINT (23.7718623 38.0005463),6300
20,34,None,None,False,1270.804,289,598498294,38.0040023,23.8547993,4,23.8547993,38.0040023,,,1938,POINT (23.8547993 38.0040023),5600
20,34,None,None,False,1270.804,289,598498277,38.0029719,23.8568389,3,23.8568389,38.0029719,,,1935,POINT (23.8568389 38.0029719),4200
20,36,None,None,False,1791.306,292,584358272,38.0037228,23.8808368,4,23.8808368,38.0037228,,,1887,POINT (23.8808368 38.0037228),4600
20,36,None,None,False,1791.306,292,6764928337,38.0037967,23.8808408,3,23.8808408,38.0037967,,,1888,POINT (23.8808408 38.0037967),3200
21,6,None,None,False,242.16,294,155488516,38.0108417,23.6041581,3,23.6041581,38.0108417,,,385,POINT (23.6041581 38.0108417),6300
21,6,None,None,False,242.16,294,360124100,38.0115768,23.6041048,1,23.6041048,38.0115768,,,1355,POINT (23.6041048 38.0115768),1800
21,11,None,None,False,1323.888,297,566620950,38.0106885,23.6503781,3,23.6503781,38.0106885,,,1789,POINT (23.6503781 38.0106885),14400
21,11,None,None,False,1323.888,297,3550574298,38.005818,23.6525272,1,23.6525272,38.005818,,,2761,POINT (23.6525272 38.005818),1400
21,11,None,None,False,1323.888,297,3907743497,38.0115992,23.6540016,1,23.6540016,38.0115992,,,3036,POINT (23.6540016 38.0115992),2400
21,13,None,None,False,1152.441,299,304824743,38.0116173,23.667154,3,23.667154,38.0116173,,,1101,POINT (23.667154 38.0116173),10800
21,13,None,None,False,1152.441,299,3746268827,38.0114903,23.6663509,3,23.6663509,38.0114903,,,1806,POINT (23.6663509 38.0114903),5200
21,18,None,None,False,181.852,302,360033064,38.0107657,23.7178194,3,23.7178194,38.0107657,motorway_junction,8,634,POINT (23.7178194 38.0107657),20000
21,18,None,None,False,181.852,302,619352458,38.0080689,23.7152503,3,23.7152503,38.0080689,,,1123,POINT (23.7152503 38.0080689),4200
21,18,None,None,False,181.852,302,250719484,38.0062645,23.7129218,3,23.7129218,38.0062645,,,34,POINT (23.7129218 38.0062645),6800
21,18,None,None,False,181.852,302,3206655517,38.005331,23.7176161,3,23.7176161,38.005331,,,1676,POINT (23.7176161 38.005331),4200
21,23,None,None,False,167.029,307,347433886,38.0068661,23.7619264,3,23.7619264,38.0068661,,,1158,POINT (23.7619264 38.0068661),4200
21,23,None,None,False,167.029,307,533913737,38.0080729,23.7601953,3,23.7601953,38.0080729,,,1687,POINT (23.7601953 38.0080729),4200
21,24,None,None,False,715.225,309,347492399,38.006035,23.7647394,3,23.7647394,38.006035,,,1156,POINT (23.7647394 38.006035),4200
21,24,None,None,False,715.225,309,6901798365,38.0063271,23.7637058,3,23.7637058,38.0063271,,,1160,POINT (23.7637058 38.0063271),4200
21,25,None,None,False,1641.122,311,7229011616,38.01002,23.7800122,4,23.7800122,38.01002,,,2867,POINT (23.7800122 38.01002),8200
21,25,None,None,False,1641.122,311,1285491933,38.0073363,23.7773922,1,23.7773922,38.0073363,,,2348,POINT (23.7773922 38.0073363),1800
21,25,None,None,False,1641.122,311,6196285009,38.0115635,23.7815782,3,23.7815782,38.0115635,,,2959,POINT (23.7815782 38.0115635),3600
22,6,None,None,False,242.16,318,155491049,38.012862,23.6035184,3,23.6035184,38.012862,motorway_junction,,390,POINT (23.6035184 38.012862),7200
22,6,None,None,False,242.16,318,8473909272,38.0134503,23.600262,1,23.600262,38.0134503,,,3032,POINT (23.600262 38.0134503),2400
22,6,None,None,False,242.16,318,155489788,38.0130343,23.6058798,3,23.6058798,38.0130343,,,388,POINT (23.6058798 38.0130343),3600
22,6,None,None,False,242.16,318,3760801648,38.0118804,23.6080873,3,23.6080873,38.0118804,,,391,POINT (23.6080873 38.0118804),7200
22,10,None,None,False,1328.294,321,153765837,38.0124388,23.6406273,4,23.6406273,38.0124388,,,276,POINT (23.6406273 38.0124388),11200
22,10,None,None,False,1328.294,321,7663248235,38.0122157,23.6406912,4,23.6406912,38.0122157,,,1553,POINT (23.6406912 38.0122157),11200
22,13,None,None,False,607.379,325,411798636,38.0122336,23.665971,3,23.665971,38.0122336,,,1099,POINT (23.665971 38.0122336),10800
22,13,None,None,False,607.379,325,304824615,38.0117796,23.6665063,4,23.6665063,38.0117796,,,1093,POINT (23.6665063 38.0117796),7600
22,16,None,None,False,273.406,329,564890835,38.016563,23.6916004,4,23.6916004,38.016563,,,1781,POINT (23.6916004 38.016563),5600
22,16,None,None,False,273.406,329,6348360304,38.0180778,23.6994206,4,23.6994206,38.0180778,,,2759,POINT (23.6994206 38.0180778),5600
22,19,None,None,False,1099.121,333,1292305523,38.0167076,23.7204551,3,23.7204551,38.0167076,motorway_junction,9,2355,POINT (23.7204551 38.0167076),16000
22,19,None,None,False,1099.121,333,35488413,38.0184709,23.7227928,3,23.7227928,38.0184709,,,31,POINT (23.7227928 38.0184709),13400
22,19,None,None,False,1099.121,333,6552777311,38.0138045,23.7199924,4,23.7199924,38.0138045,,,1243,POINT (23.7199924 38.0138045),6400
22,20,None,None,False,3532.778,335,6279842645,38.0166189,23.7283308,5,23.7283308,38.0166189,,,1616,POINT (23.7283308 38.0166189),7800
22,20,None,None,False,3532.778,335,9676967442,38.0156669,23.735405,3,23.735405,38.0156669,,,1615,POINT (23.735405 38.0156669),5900
22,20,None,None,False,3532.778,335,2965316534,38.0124584,23.7286424,3,23.7286424,38.0124584,,,2725,POINT (23.7286424 38.0124584),5400
22,27,None,None,False,1668.508,339,338484240,38.0179305,23.795818,5,23.795818,38.0179305,,,1143,POINT (23.795818 38.0179305),7000
22,27,None,None,False,1668.508,339,338484231,38.0180196,23.7959259,4,23.7959259,38.0180196,,,1142,POINT (23.7959259 38.0180196),5600
22,29,None,None,False,31.17,342,3764764447,38.0164664,23.8133316,3,23.8133316,38.0164664,,,494,POINT (23.8133316 38.0164664),4200
22,29,None,None,False,31.17,342,3764764448,38.0164994,23.8135045,3,23.8135045,38.0164994,,,2495,POINT (23.8135045 38.0164994),4200
22,32,None,None,False,2492.041,346,599162401,38.0179829,23.8392117,3,23.8392117,38.0179829,,,1949,POINT (23.8392117 38.0179829),14000
22,32,None,None,False,2492.041,346,8080740346,38.0135649,23.843632,3,23.843632,38.0135649,,,2500,POINT (23.843632 38.0135649),4200
22,32,None,None,False,2492.041,346,2192311336,38.0125359,23.8367405,3,23.8367405,38.0125359,,,1934,POINT (23.8367405 38.0125359),5400
23,18,None,None,False,257.522,350,4357835534,38.0191874,23.7179169,3,23.7179169,38.0191874,,,2842,POINT (23.7179169 38.0191874),5400
23,18,None,None,False,257.522,350,8522000592,38.0203444,23.7178714,2,23.7178714,38.0203444,,,2843,POINT (23.7178714 38.0203444),5400
23,20,None,None,False,2335.973,353,6279680545,38.0259879,23.7313774,4,23.7313774,38.0259879,,,1672,POINT (23.7313774 38.0259879),7200
23,20,None,None,False,2335.973,353,360031401,38.0255664,23.7289555,3,23.7289555,38.0255664,,,1331,POINT (23.7289555 38.0255664),4200
23,20,None,None,False,2335.973,353,524144324,38.0228913,23.7360068,2,23.7360068,38.0228913,,,1617,POINT (23.7360068 38.0228913),5400
23,21,None,None,False,2086.013,355,359103011,38.0198337,23.73685,3,23.73685,38.0198337,,,1246,POINT (23.73685 38.0198337),4200
23,21,None,None,False,2086.013,355,3095197570,38.0224631,23.7391813,3,23.7391813,38.0224631,,,1250,POINT (23.7391813 38.0224631),4200
23,26,None,None,False,31.558,358,597692693,38.0238949,23.7894851,5,23.7894851,38.0238949,,,1922,POINT (23.7894851 38.0238949),7800
23,26,None,None,False,31.558,358,1305700915,38.0194927,23.7885803,1,23.7885803,38.0194927,,,1886,POINT (23.7885803 38.0194927),1800
23,26,None,None,False,31.558,358,3105638878,38.025152,23.7871789,3,23.7871789,38.025152,,,2737,POINT (23.7871789 38.025152),4200
23,26,None,None,False,31.558,358,2302094979,38.0216302,23.7890672,1,23.7890672,38.0216302,,,2669,POINT (23.7890672 38.0216302),1800
23,28,None,None,False,919.681,361,3811346974,38.0189185,23.8074543,4,23.8074543,38.0189185,,,493,POINT (23.8074543 38.0189185),5600
23,28,None,None,False,919.681,361,4237796481,38.0225636,23.8005138,3,23.8005138,38.0225636,,,1436,POINT (23.8005138 38.0225636),4200
24,5,None,None,False,1474.235,367,6056031388,38.0303197,23.5968657,5,23.5968657,38.0303197,,,2713,POINT (23.5968657 38.0303197),12000
24,5,None,None,False,1474.235,367,2786683259,38.0311206,23.5963974,3,23.5963974,38.0311206,,,236,POINT (23.5963974 38.0311206),8400
24,7,None,None,False,7835.895,369,272965172,38.0262767,23.6116167,3,23.6116167,38.0262767,,,921,POINT (23.6116167 38.0262767),7200
24,7,None,None,False,7835.895,369,360145390,38.0289725,23.6108351,3,23.6108351,38.0289725,,,923,POINT (23.6108351 38.0289725),6200
24,16,None,None,False,1907.217,371,303118728,38.0278049,23.6984761,4,23.6984761,38.0278049,,,633,POINT (23.6984761 38.0278049),5600
24,16,None,None,False,1907.217,371,304549819,38.0299416,23.6979505,3,23.6979505,38.0299416,,,1080,POINT (23.6979505 38.0299416),4200
24,17,None,None,False,264.88,373,153775097,38.0299715,23.7004254,4,23.7004254,38.0299715,,,279,POINT (23.7004254 38.0299715),5600
24,17,None,None,False,264.88,373,303116017,38.030574,23.7026429,2,23.7026429,38.030574,,,1074,POINT (23.7026429 38.030574),4200
24,18,None,None,False,3259.984,375,8522014525,38.0277007,23.7176092,4,23.7176092,38.0277007,,,2723,POINT (23.7176092 38.0277007),6400
24,18,None,None,False,3259.984,375,6141158210,38.0327386,23.7171616,1,23.7171616,38.0327386,,,2934,POINT (23.7171616 38.0327386),1800
24,18,None,None,False,3259.984,375,4548837668,38.0310754,23.7123764,3,23.7123764,38.0310754,,,1073,POINT (23.7123764 38.0310754),4200
24,20,None,None,False,1313.939,379,1838193525,38.0290411,23.7277455,3,23.7277455,38.0290411,,,1324,POINT (23.7277455 38.0290411),18000
24,20,None,None,False,1313.939,379,3174415758,38.027388,23.7324198,3,23.7324198,38.027388,,,1470,POINT (23.7324198 38.027388),5400
24,20,None,None,False,1313.939,379,360030156,38.0299211,23.7299653,3,23.7299653,38.0299211,,,1326,POINT (23.7299653 38.0299211),9800
24,20,None,None,False,1313.939,379,3890238706,38.0320952,23.7298799,3,23.7298799,38.0320952,,,1325,POINT (23.7298799 38.0320952),12000
24,25,None,None,False,37.812,384,4047540128,38.0322169,23.7755317,3,23.7755317,38.0322169,,,1678,POINT (23.7755317 38.0322169),4200
24,25,None,None,False,37.812,384,2186462803,38.0305858,23.7783264,3,23.7783264,38.0305858,,,1775,POINT (23.7783264 38.0305858),4200
24,29,None,None,False,1886.792,387,8620746935,38.026098,23.8104612,2,23.8104612,38.026098,,,1435,POINT (23.8104612 38.026098),4200
24,29,None,None,False,1886.792,387,8620746932,38.0271756,23.8120569,2,23.8120569,38.0271756,,,2755,POINT (23.8120569 38.0271756),4200
24,30,None,None,False,987.027,389,5693846355,38.0307751,23.82525,3,23.82525,38.0307751,,,519,POINT (23.82525 38.0307751),16000
24,30,None,None,False,987.027,389,5656215424,38.0328622,23.823198,3,23.823198,38.0328622,,,1852,POINT (23.823198 38.0328622),4200
24,30,None,None,False,987.027,389,3397245095,38.0325949,23.8206129,3,23.8206129,38.0325949,,,2619,POINT (23.8206129 38.0325949),4200
25,10,None,None,False,170.294,393,272965193,38.0347259,23.6368277,3,23.6368277,38.0347259,,,922,POINT (23.6368277 38.0347259),7200
25,10,None,None,False,170.294,393,4872087114,38.0365952,23.6378999,1,23.6378999,38.0365952,,,2017,POINT (23.6378999 38.0365952),2400
25,18,None,None,False,287.214,397,153845102,38.0355051,23.716537,3,23.716537,38.0355051,,,342,POINT (23.716537 38.0355051),5400
25,18,None,None,False,287.214,397,2804854714,38.0384189,23.7163026,3,23.7163026,38.0384189,,,344,POINT (23.7163026 38.0384189),3600
25,21,None,None,False,4123.228,402,2052491287,38.036636,23.7389712,4,23.7389712,38.036636,,,1653,POINT (23.7389712 38.036636),6400
25,21,None,None,False,4123.228,402,5664734927,38.0385657,23.7447354,2,23.7447354,38.0385657,,,2791,POINT (23.7447354 38.0385657),4200
25,21,None,None,False,4123.228,402,3149087980,38.0343539,23.7380161,2,23.7380161,38.0343539,,,1656,POINT (23.7380161 38.0343539),5400
25,22,None,None,False,1761.189,404,359103335,38.0348996,23.7470555,3,23.7470555,38.0348996,,,1249,POINT (23.7470555 38.0348996),4200
25,22,None,None,False,1761.189,404,6355929641,38.036761,23.7491036,3,23.7491036,38.036761,,,1251,POINT (23.7491036 38.036761),4200
25,22,None,None,False,1761.189,404,361374909,38.0393012,23.7526095,3,23.7526095,38.0393012,,,1461,POINT (23.7526095 38.0393012),4200
25,24,None,None,False,29.696,407,360927855,38.0346038,23.7713313,5,23.7713313,38.0346038,,,1453,POINT (23.7713313 38.0346038),7400
25,24,None,None,False,29.696,407,5453963413,38.0361809,23.7727368,3,23.7727368,38.0361809,,,1740,POINT (23.7727368 38.0361809),5000
25,26,None,None,False,56.778,410,150563272,38.0344772,23.7846472,4,23.7846472,38.0344772,,,218,POINT (23.7846472 38.0344772),5600
25,26,None,None,False,56.778,410,2338147770,38.034343,23.7869955,2,23.7869955,38.034343,,,3085,POINT (23.7869955 38.034343),2800
25,26,None,None,False,56.778,410,360000059,38.0341344,23.7897697,3,23.7897697,38.0341344,,,1300,POINT (23.7897697 38.0341344),2800
25,27,None,None,False,1354.811,412,559938648,38.03745,23.799192,5,23.799192,38.03745,,,1744,POINT (23.799192 38.03745),7000
25,27,None,None,False,1354.811,412,1789031233,38.0385844,23.7961241,1,23.7961241,38.0385844,,,2657,POINT (23.7961241 38.0385844),1400
25,27,None,None,False,1354.811,412,36645011,38.0353394,23.7970366,3,23.7970366,38.0353394,,,124,POINT (23.7970366 38.0353394),5900
25,27,None,None,False,1354.811,412,359999214,38.0336083,23.7953604,3,23.7953604,38.0336083,,,1291,POINT (23.7953604 38.0336083),5400
25,30,None,None,False,22.922,415,577419535,38.0361976,23.8190255,3,23.8190255,38.0361976,,,1440,POINT (23.8190255 38.0361976),20000
25,30,None,None,False,22.922,415,577419530,38.0335964,23.821319,3,23.821319,38.0335964,,,1854,POINT (23.821319 38.0335964),12000
25,34,None,None,False,4862.417,418,294184359,38.0335977,23.857217,3,23.857217,38.0335977,,,1050,POINT (23.857217 38.0335977),4200
25,34,None,None,False,4862.417,418,6181491316,38.033476,23.8571686,3,23.8571686,38.033476,,,1051,POINT (23.8571686 38.033476),4200
26,15,None,None,False,2618.749,424,304545813,38.0423208,23.6841043,2,23.6841043,38.0423208,,,1089,POINT (23.6841043 38.0423208),4200
26,15,None,None,False,2618.749,424,304546360,38.0426433,23.6833629,2,23.6833629,38.0426433,,,1090,POINT (23.6833629 38.0426433),4200
26,20,None,None,False,976.584,427,35488370,38.0418411,23.7346449,3,23.7346449,38.0418411,,,26,POINT (23.7346449 38.0418411),12000
26,20,None,None,False,976.584,427,534798760,38.0436937,23.7276013,2,23.7276013,38.0436937,,,1022,POINT (23.7276013 38.0436937),4200
26,21,None,None,False,2557.114,429,656656246,38.0451019,23.7376243,3,23.7376243,38.0451019,,,27,POINT (23.7376243 38.0451019),18000
26,21,None,None,False,2557.114,429,1652750337,38.0472026,23.7375807,3,23.7375807,38.0472026,,,1129,POINT (23.7375807 38.0472026),4200
26,22,None,None,False,1896.09,431,3916865350,38.0405986,23.7512146,5,23.7512146,38.0405986,,,1465,POINT (23.7512146 38.0405986),7000
26,22,None,None,False,1896.09,431,5564287072,38.0422031,23.7528877,4,23.7528877,38.0422031,,,2703,POINT (23.7528877 38.0422031),5600
26,22,None,None,False,1896.09,431,2197786009,38.0452669,23.7516202,2,23.7516202,38.0452669,,,2614,POINT (23.7516202 38.0452669),2800
26,25,None,None,False,86.663,435,559494652,38.0404649,23.7767109,4,23.7767109,38.0404649,,,1733,POINT (23.7767109 38.0404649),6400
26,25,None,None,False,86.663,435,559494659,38.0426742,23.779279,3,23.779279,38.0426742,,,1735,POINT (23.779279 38.0426742),5400
26,25,None,None,False,86.663,435,939569797,38.0437991,23.7817558,3,23.7817558,38.0437991,,,1621,POINT (23.7817558 38.0437991),5000
26,26,None,None,False,1585.644,437,3127007821,38.0464913,23.7889553,3,23.7889553,38.0464913,,,137,POINT (23.7889553 38.0464913),20000
26,26,None,None,False,1585.644,437,6901904010,38.0421443,23.7890428,3,23.7890428,38.0421443,,,2210,POINT (23.7890428 38.0421443),4200
26,26,None,None,False,1585.644,437,7124267898,38.0433748,23.7825829,3,23.7825829,38.0433748,,,1623,POINT (23.7825829 38.0433748),4600
26,32,None,None,False,1531.812,441,294145226,38.0467056,23.8394784,4,23.8394784,38.0467056,,,1043,POINT (23.8394784 38.0467056),5600
26,32,None,None,False,1531.812,441,938502038,38.0464046,23.8390737,3,23.8390737,38.0464046,,,1049,POINT (23.8390737 38.0464046),4200
27,18,None,None,False,2042.268,447,360083541,38.0477986,23.715799,4,23.715799,38.0477986,,,1350,POINT (23.715799 38.0477986),7200
27,18,None,None,False,2042.268,447,6312819170,38.0498585,23.7159286,3,23.7159286,38.0498585,,,341,POINT (23.7159286 38.0498585),5000
27,20,None,None,False,1312.088,449,311702528,38.0522184,23.7299906,2,23.7299906,38.0522184,,,1111,POINT (23.7299906 38.0522184),4200
27,20,None,None,False,1312.088,449,537542394,38.054635,23.7304429,2,23.7304429,38.054635,,,1689,POINT (23.7304429 38.054635),4200
27,21,None,None,False,1696.931,451,35488354,38.0529178,23.7450739,3,23.7450739,38.0529178,motorway_junction,14,23,POINT (23.7450739 38.0529178),22000
27,21,None,None,False,1696.931,451,330727068,38.0488852,23.7379136,2,23.7379136,38.0488852,,,1131,POINT (23.7379136 38.0488852),4200
27,21,None,None,False,1696.931,451,412346065,38.0510509,23.7367119,2,23.7367119,38.0510509,,,1132,POINT (23.7367119 38.0510509),4200
27,21,None,None,False,1696.931,451,522148495,38.0494405,23.7423567,3,23.7423567,38.0494405,motorway_junction,13,1663,POINT (23.7423567 38.0494405),14000
27,22,None,None,False,2484.952,453,6362191689,38.0502615,23.74919,4,23.74919,38.0502615,,,2975,POINT (23.74919 38.0502615),6400
27,22,None,None,False,2484.952,453,6362289690,38.0540888,23.7471471,3,23.7471471,38.0540888,,,2322,POINT (23.7471471 38.0540888),4200
27,22,None,None,False,2484.952,453,1125240919,38.0520795,23.7485708,3,23.7485708,38.0520795,,,2321,POINT (23.7485708 38.0520795),4200
27,24,None,None,False,1515.057,455,5630846013,38.0500727,23.7640887,3,23.7640887,38.0500727,,,692,POINT (23.7640887 38.0500727),4200
27,24,None,None,False,1515.057,455,5630846011,38.0498101,23.764131,1,23.764131,38.0498101,,,2905,POINT (23.764131 38.0498101),1400
27,30,None,None,False,1165.522,461,294114688,38.0528441,23.825933,3,23.825933,38.0528441,,,1036,POINT (23.825933 38.0528441),4200
27,30,None,None,False,1165.522,461,360006487,38.0523348,23.8205527,3,23.8205527,38.0523348,,,1038,POINT (23.8205527 38.0523348),4200
27,33,None,None,False,1463.688,464,7961788473,38.0530547,23.8545374,4,23.8545374,38.0530547,,,2754,POINT (23.8545374 38.0530547),5600
27,33,None,None,False,1463.688,464,3395638295,38.053223,23.8536797,3,23.8536797,38.053223,,,1569,POINT (23.8536797 38.053223),4200
27,34,None,None,False,1404.39,466,7961788474,38.0530298,23.8546371,4,23.8546371,38.0530298,,,2278,POINT (23.8546371 38.0530298),5600
27,34,None,None,False,1404.39,466,984771986,38.0527622,23.8556935,3,23.8556935,38.0527622,,,2279,POINT (23.8556935 38.0527622),4200
27,35,None,None,False,4535.116,468,365311012,38.050052,23.8699074,3,23.8699074,38.050052,,,1052,POINT (23.8699074 38.050052),4200
27,35,None,None,False,4535.116,468,7961882706,38.0522192,23.8659929,2,23.8659929,38.0522192,,,2280,POINT (23.8659929 38.0522192),4200
27,35,None,None,False,4535.116,468,1849643026,38.053773,23.8698859,3,23.8698859,38.053773,,,1596,POINT (23.8698859 38.053773),4200
28,4,None,None,False,939.167,470,9888048506,38.0555154,23.5879578,2,23.5879578,38.0555154,,,1560,POINT (23.5879578 38.0555154),4200
28,4,None,None,False,939.167,470,9888048491,38.055161,23.5876766,2,23.5876766,38.055161,,,3143,POINT (23.5876766 38.055161),4200
28,5,None,None,False,3153.228,472,364664871,38.056487,23.5975617,3,23.5975617,38.056487,,,1556,POINT (23.5975617 38.056487),4200
28,5,None,None,False,3153.228,472,656260055,38.0563512,23.5984455,3,23.5984455,38.0563512,,,1557,POINT (23.5984455 38.0563512),4200
28,12,None,None,False,5842.212,475,656415165,38.0556102,23.6575681,3,23.6575681,38.0556102,,,2018,POINT (23.6575681 38.0556102),12000
28,12,None,None,False,5842.212,475,656415304,38.0606625,23.6618672,4,23.6618672,38.0606625,,,2045,POINT (23.6618672 38.0606625),5600
28,12,None,None,False,5842.212,475,4495207709,38.0598896,23.6547244,1,23.6547244,38.0598896,,,2042,POINT (23.6547244 38.0598896),1400
28,12,None,None,False,5842.212,475,656415259,38.0591645,23.65751,3,23.65751,38.0591645,,,2019,POINT (23.65751 38.0591645),9400
28,12,None,None,False,5842.212,475,656415296,38.0583474,23.6611298,3,23.6611298,38.0583474,motorway_junction,5Î‘,2044,POINT (23.6611298 38.0583474),12000
28,20,None,None,False,366.566,477,537549856,38.0566113,23.7308003,2,23.7308003,38.0566113,,,1690,POINT (23.7308003 38.0566113),4200
28,20,None,None,False,366.566,477,4511478858,38.0614799,23.731712,3,23.731712,38.0614799,,,1706,POINT (23.731712 38.0614799),4200
28,21,None,None,False,2858.16,479,656656253,38.0548416,23.7452925,3,23.7452925,38.0548416,,,2056,POINT (23.7452925 38.0548416),12000
28,21,None,None,False,2858.16,479,6532093938,38.0550398,23.7453073,3,23.7453073,38.0550398,,,2987,POINT (23.7453073 38.0550398),4200
28,23,None,None,False,204.206,482,153871218,38.0600261,23.7555459,3,23.7555459,38.0600261,,,216,POINT (23.7555459 38.0600261),16000
28,23,None,None,False,204.206,482,360020256,38.0603457,23.7580839,3,23.7580839,38.0603457,,,1317,POINT (23.7580839 38.0603457),4200
28,24,None,None,False,1277.432,484,250929192,38.0569427,23.7712278,5,23.7712278,38.0569427,,,355,POINT (23.7712278 38.0569427),16200
28,24,None,None,False,1277.432,484,153872014,38.0598426,23.7641757,3,23.7641757,38.0598426,,,354,POINT (23.7641757 38.0598426),16000
28,24,None,None,False,1277.432,484,153873215,38.058977,23.7665175,3,23.7665175,38.058977,motorway_junction,9,353,POINT (23.7665175 38.058977),16000
28,24,None,None,False,1277.432,484,966278539,38.0587745,23.7721408,3,23.7721408,38.0587745,,,1532,POINT (23.7721408 38.0587745),4200
28,25,None,None,False,1170.266,486,7895164206,38.055125,23.7753569,3,23.7753569,38.055125,,,356,POINT (23.7753569 38.055125),18000
28,25,None,None,False,1170.266,486,6148063153,38.0573465,23.7781208,3,23.7781208,38.0573465,,,2248,POINT (23.7781208 38.0573465),4200
28,25,None,None,False,1170.266,486,363984897,38.0602438,23.7760957,3,23.7760957,38.0602438,,,1529,POINT (23.7760957 38.0602438),4200
28,25,None,None,False,1170.266,486,363984889,38.0615624,23.7739245,3,23.7739245,38.0615624,,,1526,POINT (23.7739245 38.0615624),4200
28,31,None,None,False,1529.067,494,6214463046,38.0586914,23.8358011,3,23.8358011,38.0586914,,,1961,POINT (23.8358011 38.0586914),3500
28,31,None,None,False,1529.067,494,984639848,38.0587726,23.8356762,3,23.8356762,38.0587726,,,2275,POINT (23.8356762 38.0587726),3500
28,32,None,None,False,341.494,496,600919204,38.0574037,23.8384015,3,23.8384015,38.0574037,,,1960,POINT (23.8384015 38.0574037),4200
28,32,None,None,False,341.494,496,3659642593,38.0570195,23.8383875,3,23.8383875,38.0570195,,,1962,POINT (23.8383875 38.0570195),4200
28,34,None,None,False,1197.53,498,736546855,38.0568054,23.8575258,3,23.8575258,38.0568054,,,2089,POINT (23.8575258 38.0568054),4200
28,34,None,None,False,1197.53,498,3901361257,38.0592514,23.8579846,3,23.8579846,38.0592514,,,2093,POINT (23.8579846 38.0592514),4200
29,7,None,None,False,2340.348,502,4102664148,38.0683135,23.618227,4,23.618227,38.0683135,,,2583,POINT (23.618227 38.0683135),5600
29,7,None,None,False,2340.348,502,4102664149,38.0684176,23.6182701,3,23.6182701,38.0684176,,,1555,POINT (23.6182701 38.0684176),4200
29,18,None,None,False,2543.447,508,153845006,38.0656068,23.7131801,3,23.7131801,38.0656068,,,336,POINT (23.7131801 38.0656068),5400
29,18,None,None,False,2543.447,508,960933558,38.0684108,23.7117474,3,23.7117474,38.0684108,,,2232,POINT (23.7117474 38.0684108),5000
29,21,None,None,False,1924.101,511,155570772,38.0640179,23.7436631,3,23.7436631,38.0640179,,,128,POINT (23.7436631 38.0640179),14000
29,21,None,None,False,1924.101,511,290732710,38.0659012,23.7373588,3,23.7373588,38.0659012,motorway_junction,7,455,POINT (23.7373588 38.0659012),14000
29,21,None,None,False,1924.101,511,4494253020,38.0686673,23.7389478,3,23.7389478,38.0686673,,,1726,POINT (23.7389478 38.0686673),4200
29,21,None,None,False,1924.101,511,939228168,38.0647696,23.7403896,3,23.7403896,38.0647696,motorway_junction,8Î‘,1710,POINT (23.7403896 38.0647696),12000
29,23,None,None,False,1357.178,514,155584020,38.0684197,23.7595936,3,23.7595936,38.0684197,,,470,POINT (23.7595936 38.0684197),14000
29,23,None,None,False,1357.178,514,360021897,38.0662947,23.7599058,3,23.7599058,38.0662947,,,1320,POINT (23.7599058 38.0662947),5400
29,23,None,None,False,1357.178,514,966199812,38.0624153,23.7571475,3,23.7571475,38.0624153,,,1322,POINT (23.7571475 38.0624153),5400
29,23,None,None,False,1357.178,514,246587961,38.0643002,23.761608,2,23.761608,38.0643002,,,511,POINT (23.761608 38.0643002),2800
29,24,None,None,False,1264.629,516,638733560,38.0652786,23.7645067,2,23.7645067,38.0652786,,,513,POINT (23.7645067 38.0652786),4200
29,24,None,None,False,1264.629,516,8080790286,38.0650263,23.7652611,2,23.7652611,38.0650263,,,2006,POINT (23.7652611 38.0650263),4200
29,25,None,None,False,5165.138,518,6193836671,38.0643997,23.7763156,4,23.7763156,38.0643997,,,1527,POINT (23.7763156 38.0643997),5600
29,25,None,None,False,5165.138,518,965324283,38.0658185,23.7730566,2,23.7730566,38.0658185,,,1318,POINT (23.7730566 38.0658185),2800
29,25,None,None,False,5165.138,518,966153833,38.0687481,23.7744252,3,23.7744252,38.0687481,traffic_signals,,2243,POINT (23.7744252 38.0687481),4200
29,29,None,None,False,1688.391,519,363972646,38.0668092,23.8103478,3,23.8103478,38.0668092,,,1524,POINT (23.8103478 38.0668092),7700
29,29,None,None,False,1688.391,519,968962553,38.067622,23.8156475,4,23.8156475,38.067622,,,2252,POINT (23.8156475 38.067622),5600
29,29,None,None,False,1688.391,519,363972551,38.0660554,23.8142971,3,23.8142971,38.0660554,,,1523,POINT (23.8142971 38.0660554),4200
29,30,None,None,False,2191.437,521,2264256718,38.0643834,23.8268381,3,23.8268381,38.0643834,,,2276,POINT (23.8268381 38.0643834),4200
29,30,None,None,False,2191.437,521,2264256753,38.0664501,23.8263449,3,23.8263449,38.0664501,,,2367,POINT (23.8263449 38.0664501),4200
30,17,None,None,False,5989.916,533,559981014,38.0716247,23.705163,3,23.705163,38.0716247,,,1233,POINT (23.705163 38.0716247),20000
30,17,None,None,False,5989.916,533,538492355,38.0734907,23.7075396,3,23.7075396,38.0734907,,,327,POINT (23.7075396 38.0734907),5000
30,18,None,None,False,367.128,535,559981005,38.0699359,23.7150139,3,23.7150139,38.0699359,,,132,POINT (23.7150139 38.0699359),20000
30,18,None,None,False,367.128,535,960933537,38.0703301,23.7100443,3,23.7100443,38.0703301,,,131,POINT (23.7100443 38.0703301),5400
30,21,None,None,False,4444.468,539,280572805,38.0744932,23.7395127,3,23.7395127,38.0744932,,,1007,POINT (23.7395127 38.0744932),4200
30,21,None,None,False,4444.468,539,9492760846,38.074028,23.7432681,3,23.7432681,38.074028,,,3135,POINT (23.7432681 38.074028),4200
30,21,None,None,False,4444.468,539,4494253032,38.0691874,23.7391888,3,23.7391888,38.0691874,,,2848,POINT (23.7391888 38.0691874),4200
30,21,None,None,False,4444.468,539,9039105817,38.0722615,23.7438102,2,23.7438102,38.0722615,,,2087,POINT (23.7438102 38.0722615),4200
30,23,None,None,False,826.272,541,155578058,38.0691048,23.7613117,3,23.7613117,38.0691048,,,461,POINT (23.7613117 38.0691048),13300
30,23,None,None,False,826.272,541,9754284214,38.0707747,23.7600492,3,23.7600492,38.0707747,,,1793,POINT (23.7600492 38.0707747),4200
30,27,None,None,False,1533.215,545,6122403704,38.074656,23.7935097,3,23.7935097,38.074656,,,2929,POINT (23.7935097 38.074656),3500
30,27,None,None,False,1533.215,545,6122403706,38.0749208,23.7938003,3,23.7938003,38.0749208,,,2930,POINT (23.7938003 38.0749208),3500
30,29,None,None,False,649.234,547,279591116,38.0730481,23.8122859,3,23.8122859,38.0730481,,,964,POINT (23.8122859 38.0730481),5400
30,29,None,None,False,649.234,547,363970709,38.0749227,23.8122491,3,23.8122491,38.0749227,,,966,POINT (23.8122491 38.0749227),5000
31,20,None,None,False,4661.228,556,279593180,38.0794188,23.730236,3,23.730236,38.0794188,,,990,POINT (23.730236 38.0794188),4200
31,20,None,None,False,4661.228,556,559984203,38.0785434,23.7349904,3,23.7349904,38.0785434,,,1684,POINT (23.7349904 38.0785434),4200
31,21,None,None,False,1121.512,558,4003904536,38.0803813,23.7417985,3,23.7417985,38.0803813,,,1006,POINT (23.7417985 38.0803813),4200
31,21,None,None,False,1121.512,558,559984270,38.080017,23.7376988,3,23.7376988,38.080017,,,1763,POINT (23.7376988 38.080017),4200
31,21,None,None,False,1121.512,558,280565535,38.0806541,23.7452419,2,23.7452419,38.0806541,,,996,POINT (23.7452419 38.0806541),2800
31,23,None,None,False,1583.107,560,663420279,38.0774677,23.7614923,3,23.7614923,38.0774677,traffic_signals,,1973,POINT (23.7614923 38.0774677),4200
31,23,None,None,False,1583.107,560,663420285,38.0773127,23.7616379,1,23.7616379,38.0773127,traffic_signals,,2072,POINT (23.7616379 38.0773127),1400
31,25,None,None,False,23.404,562,155586576,38.0790512,23.7816583,3,23.7816583,38.0790512,,,464,POINT (23.7816583 38.0790512),14000
31,25,None,None,False,23.404,562,3659672680,38.0777058,23.7795907,3,23.7795907,38.0777058,,,472,POINT (23.7795907 38.0777058),4200
31,27,None,None,False,2348.527,565,6951697728,38.0782716,23.7942451,3,23.7942451,38.0782716,,,2261,POINT (23.7942451 38.0782716),4200
31,27,None,None,False,2348.527,565,6951697725,38.0780821,23.7944147,3,23.7944147,38.0780821,,,2931,POINT (23.7944147 38.0780821),4200
31,29,None,None,False,1556.977,567,279591449,38.0768657,23.8124641,3,23.8124641,38.0768657,,,970,POINT (23.8124641 38.0768657),5000
31,29,None,None,False,1556.977,567,972481643,38.0772982,23.8113957,1,23.8113957,38.0772982,,,2258,POINT (23.8113957 38.0772982),1400
32,18,None,None,False,4395.108,571,11199095519,38.0857717,23.7114549,3,23.7114549,38.0857717,,,1152,POINT (23.7114549 38.0857717),4200
32,18,None,None,False,4395.108,571,11199141241,38.0857357,23.7116111,3,23.7116111,38.0857357,,,2940,POINT (23.7116111 38.0857357),4200
32,21,None,None,False,5837.426,573,280556440,38.089765,23.7375154,3,23.7375154,38.089765,traffic_signals,,991,POINT (23.7375154 38.089765),4200
32,21,None,None,False,5837.426,573,279596089,38.0841208,23.7453016,3,23.7453016,38.0841208,,,994,POINT (23.7453016 38.0841208),4200
32,23,None,None,False,3327.324,574,279596234,38.0898766,23.7583735,5,23.7583735,38.0898766,,,995,POINT (23.7583735 38.0898766),7000
32,23,None,None,False,3327.324,574,8562130407,38.0848553,23.7632653,1,23.7632653,38.0848553,,,2312,POINT (23.7632653 38.0848553),1400
32,24,None,None,False,756.835,576,614393755,38.0840319,23.7637528,3,23.7637528,38.0840319,,,1972,POINT (23.7637528 38.0840319),4200
32,24,None,None,False,756.835,576,1037445372,38.0844104,23.7637078,3,23.7637078,38.0844104,,,2311,POINT (23.7637078 38.0844104),4200
32,26,None,None,False,1204.171,578,35487997,38.0846517,23.7859934,3,23.7859934,38.0846517,motorway_junction,18,20,POINT (23.7859934 38.0846517),14000
32,26,None,None,False,1204.171,578,3750576439,38.0869977,23.7879683,4,23.7879683,38.0869977,,,1957,POINT (23.7879683 38.0869977),8200
32,26,None,None,False,1204.171,578,3659656280,38.0896261,23.7836671,1,23.7836671,38.0896261,,,2766,POINT (23.7836671 38.0896261),1400
32,26,None,None,False,1204.171,578,973016840,38.0881757,23.7859472,3,23.7859472,38.0881757,,,2065,POINT (23.7859472 38.0881757),4200
32,26,None,None,False,1204.171,578,973017226,38.0855314,23.7894038,3,23.7894038,38.0855314,,,2260,POINT (23.7894038 38.0855314),4200
32,27,None,None,False,1051.01,580,11158410258,38.0863893,23.7998879,3,23.7998879,38.0863893,,,1422,POINT (23.7998879 38.0863893),4200
32,27,None,None,False,1051.01,580,10302230348,38.0863886,23.8000189,2,23.8000189,38.0863886,,,3147,POINT (23.8000189 38.0863886),2800
32,28,None,None,False,785.543,582,360224583,38.0868493,23.8002357,4,23.8002357,38.0868493,,,982,POINT (23.8002357 38.0868493),5600
32,28,None,None,False,785.543,582,6193856004,38.0869257,23.8002948,4,23.8002948,38.0869257,,,1385,POINT (23.8002948 38.0869257),5600
32,29,None,None,False,5844.282,584,279591661,38.0874672,23.8095451,4,23.8095451,38.0874672,,,972,POINT (23.8095451 38.0874672),5600
32,29,None,None,False,5844.282,584,6131362077,38.0886274,23.8160631,1,23.8160631,38.0886274,,,2932,POINT (23.8160631 38.0886274),1400
32,29,None,None,False,5844.282,584,360194250,38.0834906,23.8102413,3,23.8102413,38.0834906,,,975,POINT (23.8102413 38.0834906),4200
33,15,None,None,False,6309.747,588,5492295752,38.0940323,23.6876797,3,23.6876797,38.0940323,,,1151,POINT (23.6876797 38.0940323),5400
33,15,None,None,False,6309.747,588,936539388,38.0976514,23.6820601,2,23.6820601,38.0976514,,,1138,POINT (23.6820601 38.0976514),4200
33,15,None,None,False,6309.747,588,338489173,38.0911297,23.6891004,3,23.6891004,38.0911297,,,1149,POINT (23.6891004 38.0911297),5000
33,19,None,None,False,1973.843,591,9002190809,38.0919374,23.720852,3,23.720852,38.0919374,,,1148,POINT (23.720852 38.0919374),4200
33,19,None,None,False,1973.843,591,338488739,38.0949404,23.7247816,1,23.7247816,38.0949404,,,1147,POINT (23.7247816 38.0949404),1400
33,21,None,None,False,2698.395,593,662411193,38.0963374,23.7388741,4,23.7388741,38.0963374,,,2062,POINT (23.7388741 38.0963374),5600
33,21,None,None,False,2698.395,593,6117170048,38.0924975,23.7380929,2,23.7380929,38.0924975,,,1003,POINT (23.7380929 38.0924975),4200
33,25,None,None,False,1612.868,598,279592740,38.0925612,23.7742159,3,23.7742159,38.0925612,traffic_signals,,988,POINT (23.7742159 38.0925612),4200
33,25,None,None,False,1612.868,598,585200697,38.0962599,23.7743152,3,23.7743152,38.0962599,,,1900,POINT (23.7743152 38.0962599),2800
33,25,None,None,False,1612.868,598,662948268,38.0932613,23.7789945,3,23.7789945,38.0932613,,,2066,POINT (23.7789945 38.0932613),2800
33,26,None,None,False,2242.993,600,973037227,38.0906723,23.7903696,3,23.7903696,38.0906723,motorway_junction,18,1953,POINT (23.7903696 38.0906723),14000
33,26,None,None,False,2242.993,600,279592453,38.0919489,23.7908324,3,23.7908324,38.0919489,,,985,POINT (23.7908324 38.0919489),4200
33,27,None,None,False,4207.324,602,360215100,38.0919332,23.7916026,3,23.7916026,38.0919332,,,18,POINT (23.7916026 38.0919332),14000
33,27,None,None,False,4207.324,602,279592213,38.091787,23.7962336,3,23.7962336,38.091787,,,981,POINT (23.7962336 38.091787),4200
33,27,None,None,False,4207.324,602,360216930,38.0959854,23.7928663,1,23.7928663,38.0959854,,,1421,POINT (23.7928663 38.0959854),1400
33,28,None,None,False,1391.191,604,360196238,38.0932506,23.8046843,2,23.8046843,38.0932506,,,1387,POINT (23.8046843 38.0932506),4200
33,28,None,None,False,1391.191,604,3659672696,38.0957296,23.8090329,3,23.8090329,38.0957296,,,1396,POINT (23.8090329 38.0957296),4200
33,29,None,None,False,1595.718,606,279591918,38.0959294,23.8095907,3,23.8095907,38.0959294,,,976,POINT (23.8095907 38.0959294),4200
33,29,None,None,False,1595.718,606,279591921,38.0958905,23.8097903,3,23.8097903,38.0958905,,,977,POINT (23.8097903 38.0958905),4200
34,21,None,None,False,5664.181,610,280851900,38.1020347,23.741637,4,23.741637,38.1020347,traffic_signals,,1011,POINT (23.741637 38.1020347),5600
34,21,None,None,False,5664.181,610,6122124143,38.1007243,23.7434435,3,23.7434435,38.1007243,,,999,POINT (23.7434435 38.1007243),4200
34,29,None,None,False,5273.372,612,35487986,38.1027156,23.8117957,3,23.8117957,38.1027156,motorway_junction,20,15,POINT (23.8117957 38.1027156),14000
34,29,None,None,False,5273.372,612,360200740,38.104409,23.8149827,4,23.8149827,38.104409,,,1408,POINT (23.8149827 38.104409),10800
34,29,None,None,False,5273.372,612,360200725,38.1025376,23.8158982,4,23.8158982,38.1025376,,,1394,POINT (23.8158982 38.1025376),5600
34,29,None,None,False,5273.372,612,360199439,38.1009505,23.8126882,3,23.8126882,38.1009505,,,979,POINT (23.8126882 38.1009505),4200
34,30,None,None,False,2226.4,614,360201326,38.0982522,23.8245971,3,23.8245971,38.0982522,,,955,POINT (23.8245971 38.0982522),5000
34,30,None,None,False,2226.4,614,2320157557,38.1003186,23.8203572,3,23.8203572,38.1003186,,,963,POINT (23.8203572 38.1003186),4200
34,31,None,None,False,2975.975,616,952161852,38.1018951,23.8281103,3,23.8281103,38.1018951,,,961,POINT (23.8281103 38.1018951),5400
34,31,None,None,False,2975.975,616,952161551,38.101419,23.8283585,1,23.8283585,38.101419,,,2217,POINT (23.8283585 38.101419),1800
34,36,None,None,False,3245.642,617,5218269701,38.1038976,23.8728027,3,23.8728027,38.1038976,,,2309,POINT (23.8728027 38.1038976),4200
34,36,None,None,False,3245.642,617,6704527141,38.1038249,23.8734984,1,23.8734984,38.1038249,,,2953,POINT (23.8734984 38.1038249),1400
34,37,None,None,False,829.697,619,1371124968,38.1019897,23.8823572,2,23.8823572,38.1019897,,,2371,POINT (23.8823572 38.1019897),4200
34,37,None,None,False,829.697,619,6195379250,38.1014098,23.8841513,2,23.8841513,38.1014098,,,2372,POINT (23.8841513 38.1014098),2800
35,20,None,None,False,2375.63,622,1539636992,38.1057036,23.7352939,3,23.7352939,38.1057036,,,2378,POINT (23.7352939 38.1057036),4200
35,20,None,None,False,2375.63,622,1768139004,38.1077536,23.735755,3,23.735755,38.1077536,,,1013,POINT (23.735755 38.1077536),2800
35,29,None,None,False,8120.873,624,35487981,38.1060573,23.8177532,3,23.8177532,38.1060573,,,13,POINT (23.8177532 38.1060573),14000
35,29,None,None,False,8120.873,624,360200670,38.1052333,23.8141003,3,23.8141003,38.1052333,,,1405,POINT (23.8141003 38.1052333),4200
36,31,None,None,False,4071.754,629,8700270246,38.1186229,23.8309881,4,23.8309881,38.1186229,,,3121,POINT (23.8309881 38.1186229),5600
36,31,None,None,False,4071.754,629,8700270225,38.1184971,23.8309778,3,23.8309778,38.1184971,,,483,POINT (23.8309778 38.1184971),4200
36,33,None,None,False,5948.873,631,365388314,38.1144984,23.8504366,4,23.8504366,38.1144984,traffic_signals,,1591,POINT (23.8504366 38.1144984),6400
36,33,None,None,False,5948.873,631,278009603,38.1142981,23.8494864,3,23.8494864,38.1142981,,,958,POINT (23.8494864 38.1142981),4900
37,21,None,None,False,1972.925,633,280851929,38.1193466,23.745236,3,23.745236,38.1193466,,,1014,POINT (23.745236 38.1193466),4200
37,21,None,None,False,1972.925,633,6915877615,38.1196464,23.7453873,3,23.7453873,38.1196464,,,3026,POINT (23.7453873 38.1196464),4200
37,22,None,None,False,1647.7,635,280856889,38.1197023,23.7455401,3,23.7455401,38.1197023,,,1018,POINT (23.7455401 38.1197023),4200
37,22,None,None,False,1647.7,635,280852178,38.1202121,23.7541483,1,23.7541483,38.1202121,,,1017,POINT (23.7541483 38.1202121),1400
37,31,None,None,False,3924.689,637,8700270282,38.1235379,23.8356294,4,23.8356294,38.1235379,,,489,POINT (23.8356294 38.1235379),5600
37,31,None,None,False,3924.689,637,155867049,38.1217902,23.834074,3,23.834074,38.1217902,,,484,POINT (23.834074 38.1217902),4200
37,31,None,None,False,3924.689,637,8700263915,38.1198073,23.8321431,3,23.8321431,38.1198073,,,485,POINT (23.8321431 38.1198073),4200
37,34,None,None,False,2622.738,639,4247776576,38.1232595,23.8569707,2,23.8569707,38.1232595,,,2191,POINT (23.8569707 38.1232595),6300
37,34,None,None,False,2622.738,639,4247776522,38.1218656,23.8584465,2,23.8584465,38.1218656,,,2307,POINT (23.8584465 38.1218656),6300
38,27,None,None,False,3971.291,641,5436315656,38.1265583,23.7946299,3,23.7946299,38.1265583,,,2881,POINT (23.7946299 38.1265583),4200
38,27,None,None,False,3971.291,641,5436315640,38.1267514,23.7944733,2,23.7944733,38.1267514,,,2883,POINT (23.7944733 38.1267514),4200
39,30,None,None,False,583.418,643,913575819,38.1391132,23.8262101,3,23.8262101,38.1391132,,,2188,POINT (23.8262101 38.1391132),4200
39,30,None,None,False,583.418,643,913575909,38.1382459,23.8231206,1,23.8231206,38.1382459,,,2189,POINT (23.8231206 38.1382459),1400
39,31,None,None,False,584.654,645,6086591549,38.1395812,23.8316163,4,23.8316163,38.1395812,,,1988,POINT (23.8316163 38.1395812),5600
39,31,None,None,False,584.654,645,620791698,38.1406181,23.8344616,2,23.8344616,38.1406181,,,1993,POINT (23.8344616 38.1406181),4200
39,32,None,None,False,4517.874,647,155589682,38.1374193,23.8423619,3,23.8423619,38.1374193,motorway_junction,21,14,POINT (23.8423619 38.1374193),14000
39,32,None,None,False,4517.874,647,273145143,38.139054,23.8454431,3,23.8454431,38.139054,,,488,POINT (23.8454431 38.139054),4200
39,32,None,None,False,4517.874,647,273144940,38.1405517,23.8418302,3,23.8418302,38.1405517,,,932,POINT (23.8418302 38.1405517),4200
39,33,None,None,False,846.731,649,7655163080,38.139454,23.8455079,4,23.8455079,38.139454,,,2824,POINT (23.8455079 38.139454),7300
39,33,None,None,False,846.731,649,7655163057,38.1394236,23.8464735,3,23.8464735,38.1394236,,,1544,POINT (23.8464735 38.1394236),6300
39,34,None,None,False,2978.503,651,364329641,38.1378553,23.8552092,3,23.8552092,38.1378553,,,1543,POINT (23.8552092 38.1378553),3600
39,34,None,None,False,2978.503,651,918553570,38.1355898,23.8572284,3,23.8572284,38.1355898,,,1545,POINT (23.8572284 38.1355898),3600
