from,to,volume,TT,TSTT:,2850.6829519561766
3984547307,9784949118,147.02676075345443,0.04253909230465086
4091044900,9784949143,148.96213880933416,0.052768826917035556
1067571026,2916372149,35.88589708525893,0.04098300749368119
1067571015,2370546572,477.6947491440705,0.036636892798702296
2370546572,1067571056,477.6947491440705,0.422425781150317
3992697239,6019551947,119.10441787520436,0.14008073266815343
3992697239,7674928571,562.0726640988195,0.06816596063185158
2916372149,3029841304,1.4985214608300637,0.03427800000001906
2916372149,1331315681,670.1251713301906,0.08326957092962907
1067571056,2370546591,98.91330541974764,0.21837529772888373
2370546591,2370546572,0.0,0.031906
2370546591,1067571015,302.6160669464368,0.04412019456116814
3980689115,9783698738,157.36142840435184,2.2260334844849443
9771229436,9016911523,405.93496885076206,0.1495142790715986
1073220447,1073220575,1240.0951727813633,0.04051278592111407
1073220575,1073220929,1241.8038459603667,0.2442277952410942
1073220455,3980567292,803.6876553532251,0.00836171349738581
3980567292,3405474001,0.0,0.027078
3980567292,1073265181,803.6876553532251,0.09853516823626945
1073220929,1073220773,346.91508183152774,0.062028898576458415
1073220929,3405474001,894.8887641288388,0.16478098833798324
1073220583,1073220575,1.7086731790032723,0.017927000000016843
1073220583,1073220447,353.0958156716655,0.03983715711388203
1073220659,1073220455,803.6876553532251,0.07118857858457386
1073220710,2916396459,1072.4946043908224,0.06511885081435366
2916396459,1073220791,1088.1366112544845,0.45900458979668224
1073220773,1073265181,346.91508183152774,0.05474027763441275
1073220773,1073220710,0.0,0.06624600000000001
1073265181,2916398205,3.6393496215483445,0.8039140000424893
1073265181,1073220710,1072.4946043908224,0.04028776990237134
1073220791,1073220583,354.8044888506687,0.007306744371390214
1073220791,2916353513,733.3321224038139,0.3510968648349184
2916353513,1331315681,20.340574286261436,0.04822800460800952
2916353513,3029841304,733.3321224038139,0.08666650948513373
3405474001,3405474003,894.8887641288388,0.006305403156111366
3029855824,2916330938,0.0,0.19323500000000002
2916398205,2916398217,15.642006863661607,0.2640660047627358
9784527896,9784527903,3.6393496215483445,0.04319400000228294
9784060897,9784060911,0.0,0.024936
1330605009,1330605566,250.3078631762272,0.43885641935523406
1330605566,3416239363,329.5854303010607,0.48077713367640545
1330605166,1330605388,0.0,0.013233
1330605166,3989846958,376.12539012386657,0.025657784660900056
1330605388,3989929957,359.87233385688694,0.01331997028611259
3989846958,1330605388,359.87233385688694,0.027282169577946606
3980386435,3980386437,50.824679496388676,0.03893107826512238
3988788460,3988795029,211.80500871016682,0.04682237325684327
3989929957,3416239360,33.187347289988644,0.015584005695648957
3989929957,1334516810,326.6849865668984,0.024539922081095136
1330605474,1335061028,29.863699427956455,0.022005005273147395
1335061028,1330605166,376.12539012386657,0.019658828813466436
9784010390,9784010392,33.187347289988644,0.035860013106132675
1334516810,3416239360,346.26169069591015,0.025096223953009048
1330605641,3032776825,518.2992956953439,0.34888601719837725
3032776825,1330605641,574.4571089584182,0.3528501977814209
3032776825,7635344834,518.2992956953439,0.10896366009723173
7635344825,7635344827,283.8050470496713,0.023472790063968664
1331315637,2916365919,635.7377957057618,0.0675273340625921
1331315637,6749367530,86.37553909834688,0.0618193793859964
2916365919,6749367530,203.70276152668913,0.0028086967246597153
2916365919,2916372149,635.7377957057618,0.12546215307720415
6749367530,2370546591,203.70276152668913,0.4474936537823489
6749367530,1067571031,87.87406055917694,0.03888025560260391
1331315653,9771229466,0.0,0.041427
9771229466,9771229477,0.0,0.012235
9771229466,9771229470,0.0,0.015570999999999998
1331315681,1067571010,0.8477691327132699,0.04171800000001203
1331315681,3029651126,689.6179764837389,0.18082227082340166
3029651126,1073220447,1015.0606202865654,0.18490368130129303
3416239360,1335060974,379.44903798589877,0.0038881337637459564
9074525746,9784010387,385.3203052504067,0.06173367584322771
1338457101,4256570954,35.912155155163546,0.03971603687165658
9770768344,9770768319,207.47619266091837,0.04780667431892
1334565566,3982830207,243.57320237042617,0.04199634522234065
3982830207,3982830213,0.0,0.021773
3982830207,3982833158,243.57320237042617,0.01597632591902996
1335060974,1335061028,346.26169069591015,0.015375303845710564
1335060974,1330605474,33.187347289988644,0.024453008937096
3988880743,3988880750,0.0,0.03197
1335061003,3988880782,227.2557524257576,0.12878840977239592
3989680428,9784060883,296.7973044265027,0.07126321308089946
3988880782,3988867788,4.758751159875811,0.02273100000351208
3988880782,3988880784,222.49700126588178,0.031862508784890664
3988859211,9784060896,9.994467683789145,0.13190300039652217
9783820471,9783820480,118.41794389472224,0.03105683982159795
4020011665,9019188138,58.578938212312735,0.022795080868556927
1338456909,4256531766,89.731517231876,0.03551325384209471
1338457022,9784032134,560.2670843234575,0.08995069304726228
4256531766,3526691229,89.731517231876,0.007631054545350288
4256531766,9784032134,23.56983470638152,0.04612700156955882
1338456932,9783883952,146.0861820424454,0.11487376057000497
9783883952,9783883950,161.32897759977737,0.005698162705857574
3999732216,3999734820,53.91586848106402,0.02128205418174334
9784032134,3526691217,583.8369190298391,0.08483704976076141
9784108632,9784108651,224.04546963822074,0.033990784006387324
4256570954,3526690811,422.0593242717855,0.007725935469744622
4256570954,4173224932,60.33403859049039,0.1233744925466247
1338457143,9784108631,286.2530815116749,0.11627273347699718
9783820461,9783820470,263.9971750416297,0.08710628746683056
9784108631,9784108639,497.86087880958394,0.007620491724837689
9784949127,9784949147,203.21068672115334,0.05784070097939564
9098857474,9783820474,371.38995344714124,0.051229968910553356
1392107009,9784101195,0.0,0.07852599999999998
9784101195,9784101200,0.0,0.007633
9784101195,9784101197,472.3360478806304,0.027554839076784604
1392107018,4124403485,65.05995848247406,0.05541929914925594
4124403485,4250418571,0.0,0.010395
4124403485,3982483979,125.04147212212233,0.11126519441155439
3982530847,3982532685,290.6393535597135,0.03210887859787136
3982463149,10801510405,165.2102536251291,0.1156379492625803
1392550038,3409128252,371.13775764594266,0.3510553301140379
9784527820,9784527880,0.0,0.18159999999999996
3097356289,4404070983,768.0791289025279,0.033244046218849195
4126284489,9770768343,384.8888747320493,0.11026827607881823
1837501367,9784126694,479.2245996701919,0.06010209853295465
9784126694,4007324411,479.2245996701919,0.11912430573802092
9784126694,9837102189,0.0,0.020894
9784143128,9784143142,120.44445300056638,0.08953667668459117
1837501419,3982994349,11.00628777247643,0.026312000116329923
3986867504,9074525779,13.606469328885778,0.020478000211467406
3982994352,3982994349,101.5645582714905,0.035001122046602835
3982994349,1837501498,112.57084604396695,0.024482184423427894
1837501498,3986867504,40.39179034057921,0.052656042227405
3980634482,9783972302,175.29916389263883,0.28915690259706256
3982994351,9074525779,17.531402671949333,0.027831000792080975
3526691077,9783684680,4.35454757381251,0.01916600000207624
1876012697,3526686370,0.0,0.034194
3526691045,9771229491,0.0,0.061471000000000005
3526686370,9016737893,0.0,0.009130000000000001
3526686370,1876012739,369.7749844787081,0.13648676475322263
1876012739,9016737893,374.00036154509456,0.13398640928368602
9016737893,3526690835,374.00036154509456,0.008737808363210057
3526691405,3526691231,369.7749844787081,0.12046280211450787
1877378924,3526691015,118.79454647427107,0.025272516291002696
3526691015,3526691399,21.02907633610748,0.0068510004036536395
3526691015,3526691030,237.45060124254664,0.41293868473313994
3097356292,3097356289,581.5279078387566,0.06184801502052612
9783883951,9783883964,199.0035004080244,0.020097577934591968
9783865799,9783865811,350.47848798587336,0.02160644624131931
1908801841,3982567594,126.23478051576302,0.058035224462192614
9784126634,9784126644,5.928610648252821,0.007171000004944845
3982567594,9019188138,35.07444748106931,0.005230004418006148
3982567594,4020011665,155.61227067629733,0.025429491696835695
1910224505,2867470429,67.20250952012232,0.17255396436973805
2867470429,1910224505,315.20930083942886,0.17763743157101974
9784655837,9784655823,64.24972728163422,0.025450242066234387
4016894943,9784655819,0.0,0.100338
3979578162,9784143144,351.92537147916187,0.0653084299535391
3980734217,9783684657,8.195891248449755,0.09671600013147925
9783684667,9783684688,0.0,0.010319000000000002
3982483978,4250418572,0.0,0.03275
2887261923,4250423777,0.0,0.038957
2370340774,9784126640,290.6393535597135,0.06907317282641334
3982530845,4124408498,65.05995848247406,0.15370982971423128
9784126640,9784126638,290.6393535597135,0.02712518779677229
9784126640,9784126628,0.0,0.033628
10801462893,10801462890,125.04147212212233,0.06478577131483777
3982483979,3982483141,348.6035799623242,0.06715648245882117
4250423777,4124408498,0.0,0.008960000000000001
4250423777,3982530845,290.6393535597135,0.15751489423775364
2916348987,2916353513,20.340574286261436,0.5130560490206296
3029841304,2916372157,531.1278823379544,0.2510364111387788
3029841304,2916365919,203.70276152668913,0.09834842764957792
2916372157,3029654294,506.5191313534365,0.5175852464301897
2916372157,2916373220,0.0,0.635409
2916379851,2916381747,20.340574286261436,0.23889102282516383
2916399036,2916396459,15.642006863661607,0.47614800858787976
9784655826,9784655848,0.0,0.02942
3029654255,1331315637,722.1133348041085,0.3735960567244026
7635344834,7674928571,10.229952981484532,0.006705000022124194
7635344834,3992697239,520.3461073495814,0.06647144995284215
4404070983,3097356292,71.27589795476717,0.03598727982760036
9098857403,4404070983,38.58678506565945,0.04928203291674045
9784949173,9784949172,28.720713856960344,0.029990011389867177
3405474003,1073220659,894.8887641288388,0.07419796704231713
3405474003,1073220455,0.0,0.026075
3405629188,9074525791,157.36142840435184,0.06803259914494236
9783698738,3980689115,200.3973304350082,2.225590168924328
9074525791,6019587428,153.1005428584192,0.0053633248710084095
9074525791,6019587427,250.04293195927823,0.056130026233866974
3408966780,4248963845,0.0,0.017727000000000003
4248963845,3988790672,0.0,0.022764000000000003
4248963845,4256526768,0.0,0.019580999999999998
9784527864,9784527927,81.70225154722036,0.02323531192694479
3526686366,3526690811,22.17521749355376,0.02483200180907831
3526686366,3526691060,2.9469111535743773,0.03403700000028302
3526690811,4256531766,23.56983470638152,0.00794200027024164
3526690811,3526691060,420.66470705895773,0.021244094031766754
3526691060,1338456909,423.61161821253205,0.013392379041058949
3526686392,3526690832,6.39852414476873,0.02866800000529801
3526686392,3526691229,412.10912839562667,0.021853275999945975
3526690832,1338457101,61.75796206515905,0.01648113381865432
3526691229,4256570954,446.4812077071124,0.008163611696959666
3526691229,3526690832,55.359437920390334,0.02091910966521164
3526690817,3526691244,11.768150476377745,0.008786000094055743
3526690817,3526691405,374.00036154509456,0.13836683827274338
3526691244,3526691235,0.0,0.023953000000000002
3526691244,9771229491,467.1424463207593,0.009358881355541774
3526690835,3526691069,13.131438844801597,0.009123000151407787
3526690835,3526691079,360.8689227002929,0.12313079976812813
3526691069,3526686370,369.4193205906479,0.008433281458188406
3526691069,3526691037,0.0,0.018671999999999998
3526691079,3526691035,356.28788174584633,0.10295058216242119
3526691399,9771230519,339.85361187794126,0.019868179884863845
3526691030,3526691399,318.82453554183377,0.4049688189128051
3526691021,3526691237,78.65355858201508,0.2658911219454643
10712670084,10712670089,0.0,0.031167999999999998
3526691237,3526691015,66.07901485646144,0.02090704394831159
3526691237,1877378924,39.44600265287524,0.02364001724382415
3526691226,9771229485,237.45060124254664,0.16167164622825536
3526691035,3526691037,0.0,0.031674999999999995
3526691035,3526691069,356.28788174584633,0.023949474230859833
3526691037,1876012697,0.0,0.014573
9771229491,9771229485,148.31791077892564,0.008656337505069904
9771229491,3526691226,318.82453554183377,0.16903334508602286
9783684680,9783684668,0.0,0.035521000000000004
9783684680,9783684692,4.35454757381251,0.023402000002535128
9771229433,9771229471,360.8689227002929,0.08936979139076438
3526691217,3526686392,418.50765254039527,0.1052678453818475
9784010378,9784010373,583.8369190298391,0.06712806003884132
9771229485,3526690817,385.76851202147225,0.009675567887363566
3526691231,3526691244,306.69262775565676,0.021948388917239138
3526691231,3526691235,0.0,0.037736
3526691235,3526691045,0.0,0.036313000000000005
9771230519,3526691237,26.871458927321598,0.0070770011117017645
9771230519,3526691021,275.33677094167354,0.26518793133718055
9784143144,9784143162,0.0,0.024039
9784143144,9784143154,351.92537147916187,0.017304604140255215
3979618651,9770694199,479.2245996701919,0.0910410358714681
9030532853,9784646155,182.5722897282253,0.18805292863505702
9770694199,9770768347,147.04137165456984,0.0332816868004482
9770694199,9770768346,332.18322801562203,0.016359796053735512
3980386437,3992634306,128.7446045607225,0.0544793530055932
3980386437,7635344822,255.43407630774453,0.0086380649447336
3992634306,7635344822,332.3166664413115,0.05484481648302277
7635344822,7635344825,258.86414206202005,0.021429953146365713
7635344822,7635344827,328.886600687036,0.007108971083539837
9783972302,3980634482,135.69942686982625,0.2943242031752842
3980687542,9074525798,421.55306077206,0.16585266401518906
9074525798,9771179013,446.179376848354,0.006514340737781155
9783684657,9783684658,8.195891248449755,0.008136000011060374
10801510405,10801510406,481.5175604834898,0.007852150776132131
3982483141,4250418571,348.6035799623242,0.03863614618493481
3982483141,3982483988,0.0,0.038133
4250418571,3982483988,0.0,0.011969
4250418571,4250418572,348.6035799623242,0.010174067976269458
3982483988,3982483978,0.0,0.024413
4250418572,4124403485,57.96422640261055,0.008622054326217524
4250418572,1392107018,290.6393535597135,0.05344765362859779
4124408498,4462012265,65.05995848247406,0.008370045180881506
3982532685,4124408499,290.6393535597135,0.032443596620708094
3982532685,3982532695,0.0,0.03757499999999999
4124408499,4250423777,290.6393535597135,0.008712690091444871
4124408499,3982532695,0.0,0.025253999999999995
3982532695,2887261923,0.0,0.009932000000000002
3982567564,4020019490,34.141012833781176,0.01993800816133698
4105357827,9784126635,35.07444748106931,0.10026704571887017
4020019490,3982568189,34.141012833781176,0.033186013584217515
4020019490,3982568181,0.0,0.032962000000000005
9019188138,4020011667,93.65338569338205,0.007239167782484348
3982568181,3982567594,28.16489616754721,0.005660001073057919
3982568181,3982568189,30.4140420447655,0.02935101401782854
3982568189,1908801841,795.7784468833797,0.028497021579868505
3982820563,3982820935,0.0,0.01809
3982817753,3982820935,0.0,0.012367
3982820935,3982820577,0.0,0.036391
3982820577,3982820585,19.543458038654023,0.039443001733603184
3982820585,3982817753,19.543458038654023,0.014069000618362278
3982820585,3982820591,0.0,0.019504999999999998
3982824758,3982826865,0.0,0.025676000000000004
3982824759,3982826865,0.0,0.04231499999999999
3982826865,3982826871,0.0,0.029455
3982829760,3982830370,0.0,0.036736000000000005
3982826871,3982824758,0.0,0.05150600000000001
3982828439,1334565566,425.4727092784191,0.04009828067510141
3982830370,3982833161,0.0,0.05458500000000001
3982830370,3982833158,0.0,0.047999
3982830213,3982829760,66.60942294269218,0.0604463584960432
3982833158,3982833161,214.65344569547017,0.010835926501391778
3982833158,3982830213,66.60942294269218,0.019535115859117286
3982833158,3982828439,8.253061242495757,0.02154300005578632
3982830357,3982830958,500.5522017874284,0.025800927332974826
3982830958,3982828439,417.21964803592346,0.05751531923648578
3982830958,3982833158,83.33255375150507,0.050078727578496574
3982833161,3982830357,214.65344569547017,0.0678083442023099
9074525779,9074525778,31.137872000835106,0.03125600885244484
9784949118,9784949143,103.19230998089054,0.007708487856748166
9784949118,4091044900,17.68553542313473,0.05995200176705734
3988788459,4248963854,173.17517299724707,0.11610945332425378
4248963854,4256526769,173.17517299724707,0.0031548546303752346
3988795029,4051684131,211.80500871016682,0.018148997865808085
3988795029,3988807213,0.0,0.03214500000000001
3988788468,3988788460,173.17517299724707,0.05391260458717957
3988790672,3988788459,211.80500871016682,0.0993512044929954
4051684131,4256526768,211.80500871016682,0.0030488475298884785
4051684131,3988807213,0.0,0.021195000000000002
3988807213,3408966780,0.0,0.018040999999999998
9784060896,9784060904,0.0,0.0076820000000000005
9784060896,3989680428,11.611078753720873,0.10018100054859236
3988867784,3988867788,376.12539012386657,0.0549181621257008
3988867784,3988873852,0.0,0.0672
3988867788,3988873852,148.93868197691492,0.030648415502616325
3988867788,3988880784,137.37533259100536,0.014398544831608816
3988867788,3988881057,525.5455001023228,0.02901897179927558
3988873852,3988880743,148.93868197691492,0.048584340384385694
3988880784,3988880744,359.87233385688694,0.11198001428867477
3988881057,1335061003,525.5455001023228,0.1237482631443145
3988880750,3988867788,0.0,0.039252999999999996
3988880750,3988881057,0.0,0.042769999999999996
3988880744,3988867784,376.12539012386657,0.07469570245853621
9784060883,9784060904,296.7973044265027,0.0218990770270404
9784060883,9784060910,0.0,0.025335000000000003
11180744356,9055646749,0.0,0.025558
6019551947,6019551932,129.33437085668888,0.556970948948262
7674928571,7674928570,562.0726640988195,0.00541611189860789
7674928571,6019551947,10.229952981484532,0.10504800034662228
6019551932,7635344838,24.66120949532076,0.6393860712516174
4008989102,9784949179,397.4936855848204,0.041238855846785966
3999712034,9783865798,17.259708608946404,0.08815300235692114
8992756578,9783883955,169.05174911517716,0.08142203031894288
9783865798,9783865792,367.7381965948198,0.005532314448286898
3999732215,3999732230,322.9564558138082,0.0963357141145716
8982677490,9783826354,49.875513444094935,0.039541073717615956
3999732230,4124550035,0.0,0.007643
3999732230,3999732216,408.7364606319217,0.07996683873941625
3999734820,4124550035,49.875513444094935,0.05613110464691083
3999734820,3999734826,4.040355036969092,0.06374200000511773
4124550035,4124550036,49.875513444094935,0.007105013246090422
4124550035,3999734826,0.0,0.021962
3999734167,4124550036,85.96670147721872,0.04633041232697021
4124550036,3999732230,85.96670147721872,0.00830525317566724
4124550036,3999732215,49.875513444094935,0.09184917123717934
3999734826,3999734167,4.040355036969092,0.027696000004119606
4007324411,1837501367,120.44445300056638,0.1713018606513979
9784646155,9784646170,541.3524363978509,0.05359380575939367
9784655819,9784655833,0.0,0.009064000000000001
9784655819,9784646188,64.24972728163422,0.010708054975302993
4016894944,4016895630,64.3670723004842,0.08752245263316481
9784143147,9784143151,64.24972728163422,0.017415089409310944
4016895630,9784655827,64.3670723004842,0.008731045153677501
9784655827,9784655856,0.0,0.008564
9784655827,9784655833,0.0,0.033960000000000004
9784655827,9784655822,64.3670723004842,0.03788619593313775
4020011667,3982568181,58.578938212312735,0.004624030391006312
4020011667,3982567564,35.07444748106931,0.053734024501159605
4256526768,3988790672,211.80500871016682,0.01635591129752447
4256526768,4248963854,0.0,0.008055
9784949143,9784949141,252.15444879022473,0.007435044729837415
9784126635,9784126633,69.43962484156829,0.007512052621007308
4462012265,4124408499,0.0,0.008903000000000001
4462012265,3982530847,65.05995848247406,0.06535235276714078
9770768343,9770768345,498.8002516286666,0.006202560355768562
4173224932,3526686366,25.12212864712814,0.09590101150861313
9784949176,4008989102,318.198859266278,0.036743137221019136
9783826349,9783826362,414.1257813419313,0.05601371726240106
4256526769,4051684131,0.0,0.008216000000000001
4256526769,3988788468,173.17517299724707,0.01094096383863168
4248963864,3988788468,0.0,0.011882000000000002
7635344838,7635344831,12.384444859598723,0.020773000147224302
7635344838,7674928570,12.27676463572204,0.020705000141704965
6019587427,6019587428,31.137872000835106,0.05636501596391263
9074525778,1837501419,250.04293195927823,0.05306141660189632
6019587428,9074525798,24.62631607629398,0.005291000586286203
6019587428,3980687542,159.61209878296037,0.16590707116361256
7635344827,3980386435,271.504254862849,0.042047724685905986
7635344827,3980386437,333.3540013720785,0.00790229119271724
7635344831,3032776825,574.4571089584182,0.09201613000471294
7674928570,7635344831,562.0726640988195,0.012969620562071495
7674928570,7635344834,12.27676463572204,0.009177000062807363
9783826354,9783826363,49.75712726710899,0.03075205678958229
9783826354,9783826361,0.11838617698594327,0.037311
9783883955,9783883963,0.0,0.049751
9783883955,9783883974,169.05174911517716,0.03523266745232849
9016911523,9016911524,405.93496885076206,0.008092153940145822
9016911524,9771229476,49.64708710491588,0.009156031048608976
9016911524,9771229433,356.28788174584633,0.10033293979134841
9771229476,9771229475,0.0,0.014590999999999998
9771229476,9771229477,410.51600980520874,0.008153450734929363
9784010387,9784010388,418.50765254039527,0.00713204126251439
9771179013,9074525791,245.78204641334568,0.005227741318048293
9771179013,3405629188,200.3973304350082,0.06904227444425479
9783820474,9783820479,296.3436285476168,0.024623080916726214
9783820474,9783820472,75.04632489952436,0.03021728876408458
9770768347,9770768344,240.98535345798362,0.027680097213712153
9770768346,9770768319,325.81497450089535,0.006754856113539561
9770768346,9770768347,93.94398180341383,0.022280522835606255
9770768319,9770768343,113.91137689661717,0.007612386136895
9770768319,4126284489,372.35445509407936,0.11528182431877136
9770768345,9770768346,316.2279619004412,0.0076228975377222235
9770768345,3979618651,182.5722897282253,0.09261699266240432
9771229471,9771229476,360.8689227002929,0.01350821045616937
9771229471,9771229475,0.0,0.020781
9771229477,9016911523,0.0,0.009144999999999999
9771229477,9771229470,414.855310526481,0.010183147356157487
9771229470,9771229436,414.855310526481,0.11995145626103897
9771229475,1331315653,0.0,0.040097
9783684658,9783684692,1.8812415239520472,0.007575000000052958
9783684658,3526691077,6.314649724497708,0.038466000018426726
9783684692,9783684693,6.235789097764558,0.007875000003587486
9783684692,9783684668,0.0,0.018674
9783684688,9783684693,0.0,0.016940999999999998
9783684688,9783684686,0.0,0.026312000000000002
9783684668,9783684667,0.0,0.012454
9783684686,3980734217,6.298705908855201,0.07155200003393136
9783684693,9783684657,0.0,0.007660999999999999
9783684693,9783684686,6.235789097764558,0.022079000010058174
9783820470,9783820473,375.57377114586797,0.005549065827217761
9783820473,9783820479,77.93753583704304,0.005036055981756167
9783820473,9098857474,297.6362353088247,0.07552514895972874
9783820480,9783820470,111.57659610423784,0.005048235714279971
9783820480,9783820461,286.2530815116749,0.08772109291361659
9783820472,9783820471,158.4909998903777,0.014568769063031659
9783820479,9783820480,242.7650768240028,0.005447694787153028
9783820479,9783820472,83.44467499085334,0.01648224075678457
9783826329,9783826342,367.7381965948198,0.06037683630713105
9783826342,9783826343,395.6830757176288,0.006999312576756634
9783865789,9783865778,432.32246939299836,0.07244046603763153
9783826343,9783826363,72.72661990382068,0.006900107741738229
9783826343,8982677490,322.9564558138082,0.07184972210573776
9783826363,9783826362,46.14156717387595,0.007075009662064293
9783826363,9783826361,318.77233000966476,0.030662710790052686
9783826362,9783826342,27.944879122808995,0.006703002281599611
9783826362,9783826329,432.32246939299836,0.061454042652854445
9783826361,9783826349,318.8907161866506,0.019223320859482806
9783865778,9783865790,169.05174911517716,0.04200733406187372
9783865778,9783865796,263.2707202778212,0.06283681768064425
9783865790,9783865800,169.05174911517716,0.006648635605145002
9783865790,9783865796,0.0,0.030628000000000002
9783865796,9783865799,263.2707202778212,0.01694832473893234
9783865800,9783865798,350.47848798587336,0.007212232965458588
9783865800,9783883918,169.05174911517716,0.01835251483123221
9783865792,9783865790,0.0,0.007097000000000001
9783865792,9783865789,367.7381965948198,0.11124255622634031
9783865811,9783865800,350.47848798587336,0.022703609198033364
9783865811,9783883918,0.0,0.028775999999999996
9783883918,3999712034,169.05174911517716,0.07398320032112984
9783883937,1338456932,291.42407011303663,0.08308916792189439
9783883950,8992756578,17.259708608946404,0.11584900309742104
9783883950,9783883974,144.06926899083098,0.006937667845310007
9783883974,9783883953,202.6663461921064,0.00600905271312486
9783883974,9783883963,110.45467191390169,0.035214925420675884
9783883964,9783883953,15.242795557331988,0.02452500073897337
9783883964,9783883937,183.76070485069243,0.050482337041327666
9783883953,9783883952,15.242795557331988,0.00698300021040779
9783883953,9783883937,202.6663461921064,0.03500978563730688
9783883963,9783883951,110.45467191390169,0.007087588789512948
9784010373,9784010377,553.9732196018824,0.02406733927066385
9784010373,9784010391,29.863699427956455,0.03818300334842602
9784010377,9784010392,553.9732196018824,0.007539483024252462
9784010377,9784010391,0.0,0.026090000000000002
9784010391,9784010390,29.863699427956455,0.008794002107341886
9784010392,9784010387,33.187347289988644,0.007243002647175655
9784010392,9074525746,553.9732196018824,0.06382694748392552
9784010388,9784010377,0.0,0.007216
9784010388,9784010378,418.50765254039527,0.08833877951505759
9784060904,9784060905,296.7973044265027,0.0036665518017628056
9784060904,9784060910,0.0,0.018009999999999998
9784060910,9784060897,0.0,0.024326
9784060911,9784060905,0.0,0.015765
9784060911,9784060916,0.0,0.027154000000000005
9784060905,9784060896,147.131287577731,0.007615991564095934
9784060905,9784060916,149.66601684877165,0.024688731642658182
9784060916,3988859211,149.66601684877165,0.10679514182991282
9784101184,9784101190,207.94839348959823,0.07707039496841578
9784101190,9784101189,386.19754058894637,0.10065913816909539
9784101189,9784101198,392.49645264695386,0.007254502756474389
9784101198,9784101195,472.3360478806304,0.007955033735707306
9784101198,1392107009,152.2803425423642,0.07987293834718949
9784101203,9784101208,207.94839348959823,0.027028218407594944
9784101200,9784101189,6.2989120580075735,0.007803000006856226
9784101200,9784101184,0.0,0.027455999999999998
9784101197,9784108647,214.24730554760583,0.01609090134338923
9784108647,9784101200,6.2989120580075735,0.015122000013287175
9784108647,9784101184,207.94839348959823,0.03641450341413431
10801510408,10801510417,472.3360478806304,0.006618916958392125
9784101208,9784108633,11.993869963401606,0.04103200025581978
9784101208,9784108652,195.9545235261967,0.03236236953527917
9784108633,9784108632,31.41961887729368,0.023114006786609718
9784108652,9784108651,251.5595027013179,0.007506045332497394
9784108652,9784108633,19.425748913892075,0.017922000768903205
9784108639,9784108652,111.66333822063757,0.007709361089274716
9784108639,9784101203,386.19754058894637,0.05815416130388477
9784108651,9784108631,211.60779729790886,0.0077066526919045185
9784108651,1338457143,263.9971750416297,0.12088665034227936
9784126628,9784126634,151.89062314529014,0.0244182522154786
9784126633,9784126638,4.379666359094231,0.00757000000155461
9784126633,2370340774,65.05995848247406,0.09321650317575278
9784126638,9784126639,62.577579546027316,0.0075860350478996735
9784126638,9784126628,151.89062314529014,0.015137495832896548
9784126644,9784126639,4.379666359094231,0.028338000005819618
9784126644,9784126649,1.5489442891585912,0.033040000000057294
9784126639,9784126635,34.365177360498976,0.007630005939640638
9784126639,9784126649,32.59206854462258,0.017273005872047872
9784126649,4105357827,34.141012833781176,0.08714203567033939
9784143121,9784143128,479.2245996701919,0.06185247742096184
9784143142,9784143146,120.44445300056638,0.006662422401992006
9784143141,9784143142,0.0,0.006669
9784143141,9784143121,414.97487238855774,0.030231707848289647
9784143146,9784143154,64.3670723004842,0.0066760345259364315
9784143146,3979578162,56.077380700082195,0.08051423988130264
9784143162,9784143147,64.3670723004842,0.011478059360200472
9784143154,9784143141,351.92537147916187,0.0058880862041239945
9784143154,9784143162,64.3670723004842,0.01888009764075492
9784143151,9784143141,0.0,0.016187
9784143151,9784143121,64.24972728163422,0.03995520513057817
9784499507,9784527849,143.03495989644668,0.03553348049392685
9784527849,9784499499,41.26031266989304,0.041546036277169185
9784527880,9784527903,43.268131187850685,0.005255005549059562
9784527880,9784527896,15.642006863661607,0.05025800090646117
9784527853,9784527920,143.03495989644668,0.027915519928691665
9784527920,9784527919,142.3118730735411,0.005088628761232398
9784527920,9784527880,41.1650257002329,0.13194511415123536
9784527927,9784527921,40.441938877327274,0.02080001676352412
9784527927,9784527932,41.26031266989304,0.028315024724114127
9784527903,9784527818,40.39179034057921,0.1573851262146789
9784527903,9784527919,6.515690468819834,0.13525300007344507
9784527919,9784527922,148.8275635423609,0.005099753689759827
9784527922,9784527921,0.0,0.0050869999999999995
9784527922,9784527864,148.8275635423609,0.04474661307704542
9784527921,9784527920,40.441938877327274,0.005150004150584097
9784527921,9784527932,0.0,0.017012
9784527932,9784527853,41.26031266989304,0.01106100965825274
9784646170,9784646180,479.2245996701919,0.04409268419975373
9784646170,9784646175,62.127836727658874,0.02729512251863256
9784646180,9030532853,479.2245996701919,0.09567654304847145
9784646176,9784646180,0.0,0.020687
9784646188,9784655828,0.0,0.04791000000000001
9784646188,9784655856,64.24972728163422,0.028944148599660983
9784655828,9784655826,0.0,0.017342
9784655856,9784655857,64.24972728163422,0.008644044378643917
9784655856,9784655828,0.0,0.029943
9784655818,9784655819,64.24972728163422,0.00908508641146324
9784655818,9784655842,0.0,0.016297000000000002
9784655842,4016894943,0.0,0.08095799999999999
9784655833,9784655818,0.0,0.004693
9784655833,9784655822,0.0,0.020294000000000003
9784655822,9784655837,64.3670723004842,0.026514254033825926
9784655823,9784655818,64.24972728163422,0.01663715824188375
9784655823,9784655842,0.0,0.019177999999999997
9784655848,9784655857,0.0,0.016888999999999998
9784655848,9784655855,0.0,0.023241
9784655857,4016895630,0.0,0.008487
9784655857,9784655855,64.24972728163422,0.012404063682635256
9784655855,4016894944,64.24972728163422,0.07765239866849347
9784949147,9784949118,89.45783914602498,0.007341141645555911
9784949147,3984547307,131.09938163387613,0.04003559991871807
9784949141,9784949147,17.34653405874779,0.0074450003762502786
9784949141,9784949127,234.80791473147693,0.06329191295115826
9784949163,9784949173,59.612549973074906,0.03148022189463149
10712670088,10712670087,0.0,0.019308
10801462890,10801510409,2.9964098081281323,0.036238000000880115
10801462890,10801462904,122.0450623139942,0.041548777053109505
10801510409,10801510410,0.0,0.0077670000000000005
10801510409,10801462904,92.2022432336117,0.01760871029253809
10801462904,10801510408,214.24730554760583,0.020483060638651088
10801510406,10801510409,132.9139805211655,0.007768352998254943
10801510406,10801462893,348.6035799623242,0.09858972199375812
10801510417,10801510410,472.3360478806304,0.026166305410513218
10801510417,10801510425,0.0,0.030126000000000003
10801510410,10801510425,0.0,0.021936
10801510410,10801510405,316.3073068583605,0.00779631795592868
10801510425,3982463149,0.0,0.093488
865549575,865549742,107.75642678778202,2.1340190629328126
865549575,2634400797,0.0,4.479963
865549575,1334565418,79.16956415668955,7.168827353595284
865549742,3031023103,39.05529758739284,7.35297646548318
865549742,865549575,79.16956415668955,2.133036871529284
865549742,1334565544,68.70112920038916,8.864945300882246
2634400797,865549575,0.0,4.479963000000001
1334565418,3984824680,143.42733251666664,5.7099994605811
1334565418,865549575,107.75642678778202,7.172128356355291
1334565418,9770768344,207.47619266091837,16.718846945730952
3031023103,3982837980,308.01244233267056,9.237359438322676
3031023103,3978840923,214.01757552942715,0.9169485082728923
3031023103,865549742,14.091172608475793,7.352895397465007
1334565544,3982816392,250.0377677497373,0.3388269635896016
1334565544,1334565161,396.4603949899479,7.417616461000008
1334565544,865549742,65.07839154821374,8.864601770556835
865589486,3984508658,13.526014042202576,2.2467993625247447
865589486,1880751300,543.6698543164802,0.05227694222193943
865589486,4045620602,434.748854507225,0.5467472825024839
3984508658,865589486,12.634393113499447,2.246799275978889
3984508658,3410701291,236.35620591128878,0.9510647230859786
3984508658,4043580004,354.11027382125116,4.050125723664929
1880751300,3097371617,543.6698543164802,3.1021012174798965
1880751300,865589486,462.459700267008,0.04489573909517229
4045620602,865589486,507.7378623576349,0.6158550549373881
4045620602,4045640072,449.9607582657927,0.5000625589573656
4045620602,3982816392,428.5009941005516,4.627789963201063
865589509,3984547307,147.02676075345443,2.4641184674010765
865589509,4045640072,550.7960364854652,1.075972382753263
865589509,4091044900,426.9601245445506,2.482563443310878
3984547307,865589509,131.09938163387613,2.460351464875586
4045640072,3410701712,420.56156651486094,1.8614608995074688
4045640072,4045620602,592.2144437571244,0.6651364938035077
4045640072,865589509,573.986885298005,1.135279320919668
4091044900,865589509,419.69665485158873,2.459826477821393
976675651,976675719,0.0,0.7779469999999999
976675651,976675664,408.5128887363382,1.7774142349934208
976675651,1334516738,372.6275033605052,1.097607117511039
976675719,976675651,0.0,0.7779469999999997
976675719,976675679,0.9167326621040537,0.2829370000017845
976675719,1334516840,0.42402025668896104,0.9001530000002599
976675664,976675651,372.6275033605052,1.7126755124211999
976675664,976675679,466.16438991643116,1.5453014188568208
976675664,976675665,974.8737918902193,0.6608828330160206
1334516738,1334516858,63.18997341909149,1.051171653112399
1334516738,976675651,408.5128887363382,1.1390964026432755
1334516738,3999647774,494.46983639064746,0.17038664494990674
976675679,976675719,0.42402025668896104,0.28293700000008165
976675679,976675664,602.6250584040828,1.7583384717914408
976675679,1331315906,465.74036965974216,0.7189675283275616
976675665,3988608601,380.5350217564482,0.4513547439071976
976675665,3982887220,642.7849866058584,2.5653083836306427
976675665,976675664,791.4258376804282,0.4312066156591562
3988608601,976675665,416.64535522469964,0.4824728106220774
3988608601,3992662851,48.218355315136634,1.5682397046066407
3988608601,3992634306,332.3166664413115,0.36677047962266984
3982887220,3992715510,757.0017946952794,1.0729593447263475
3982887220,976675665,617.0287703599214,2.475713771167635
3982887220,3423433532,107.36560635664875,4.5225360679521245
1331315906,1330605009,92.30805609333973,0.8103875262639697
1331315906,976675679,601.7083257419787,0.8173762031542829
1331315906,1334516823,394.71650139097204,0.09450878646336651
1334516840,1334516858,9.820216397254253,0.015387001277966416
1334516840,1334516823,27.214993788716473,0.49929844608926094
1334516840,976675719,0.9167326621040537,0.9001530000056773
1067571010,1067571026,98.91330541974764,0.07524370374930198
1067571010,1331315698,530.5306817507018,0.16970908279505612
1067571026,1067571010,529.6829126179884,0.0856776466757662
1067571026,1067571031,98.91330541974764,0.08319004536762693
1331315698,3029651126,325.44264380282664,0.016075823641276202
1331315698,1073220447,205.08803794787514,0.17233917712782584
1331315698,1067571010,98.91330541974764,0.14892514373424606
1067571015,3992697239,302.6160669464368,0.7201517453352734
3992697239,1067571015,477.6947491440705,0.8659135695058167
1067571031,1067571056,98.91330541974764,0.24685485556905987
1067571031,1067571026,565.5688097032473,0.09818860485342754
1067571056,1067571031,477.6947491440705,0.3086761634474691
1070584116,2916319151,250.73164991034622,3.754694892300958
1070584116,3980689115,164.12366061613486,0.5189714205370872
1070584116,9771229436,405.93496885076206,7.8091301477852975
2916319151,1070584116,201.51898696962155,3.6801035509270816
2916319151,1392550038,371.13775764594266,0.8164300881490721
2916319151,3982994352,250.73164991034622,0.3026399728497147
3980689115,1070584116,204.41598188114054,0.5199044801427319
9771229436,1070584116,414.855310526481,7.841556503324874
1073220447,1331315698,98.91330541974764,0.17183201120869496
1073220659,1875985673,894.8887641288388,0.08131694529493498
1875985673,1875985777,367.6550672478486,1.624927964161951
1875985673,3980634482,527.2336968809901,1.3545987589980808
1875985673,1073220659,803.6876553532251,0.06623280598601118
1073264921,3029855824,0.0,1.400668
1073264921,2916398205,15.642006863661607,0.5140161483339711
1073264921,9784527896,3.6393496215483445,0.4520390003822655
3029855824,1073264921,0.0,1.4006679999999998
2916398205,1073264921,3.6393496215483445,0.5140160004346761
9784527896,1073264921,15.642006863661607,0.45203913044874094
1330604921,1330604939,0.0,1.724276
1330604921,1335060980,3.8477457109345803,0.9140740017893201
1330604939,9784060897,0.0,0.47230499999999986
1330604939,1330605408,0.0,1.0332169999999998
1330604939,1330604921,0.0,1.724276
1335060980,1330604921,150.52674611517216,0.8464512358326929
1335060980,3988880743,0.0,1.461699
9784060897,1330604939,0.0,0.47230500000000003
1330605408,3988759017,27.876780534610944,0.8719657027163106
1330605408,1330604939,0.0,1.0332169999999996
1330605408,1335987976,0.0,0.409611
1330605009,1330605639,74.50705188754024,0.06535370709615079
1330605009,1331315906,124.11608658871745,0.8110307170831194
1330605566,1334516810,346.26169069591015,0.11318183640412938
1330605639,3416239363,0.0,0.058256
1330605639,1330605009,356.62294555914525,0.07043891502013434
1330605639,1330605665,327.88098431891353,1.2800006672917998
3989846958,3988880744,376.12539012386657,0.3581215156093029
1330605260,3980386435,50.824679496388676,0.40824313099418374
1330605260,3988788460,211.80500871016682,0.32832867638440977
1330605260,2370355022,444.679427860096,1.6585971120148364
3980386435,1330605260,271.504254862849,0.4189231479177306
3988788460,1330605260,173.17517299724707,0.3265837835263741
2370355022,1330605641,518.2992956953439,0.7257792970090722
2370355022,1330605260,262.62968820655544,1.4275578432476828
2370355022,3992662851,287.9007506639771,0.38929877461575596
3988759017,3988769037,0.0,0.5386539999999999
3988759017,1330605408,445.3477372839905,1.178280974485566
3988759017,3988759010,27.876780534610944,0.053418288097403274
1335987976,1330605408,61.54569177787127,0.40966348600254776
1335987976,3988859211,9.994467683789145,0.7034850338366695
1335987976,3988759010,149.66601684877165,0.8294463637816003
1330605474,9784010390,33.187347289988644,0.9980488362449432
9784010390,1330605474,29.863699427956455,0.9980468266414713
1334516810,1330605566,326.6849865668984,0.11165851489543802
3416239363,1330605639,329.5854303010607,0.061569651100336784
1330605665,3988769037,0.0,2.0460119999999997
1330605665,1330605639,280.4114476894577,1.2485870977014728
1330605665,7635344825,283.8050470496713,1.856997440421625
1330605641,2370355022,574.4571089584182,0.8211349662681005
3988769037,3408966780,0.0,0.39537900000000004
3988769037,3988759017,0.0,0.5386540000000001
3988769037,1330605665,0.0,2.0460120000000006
7635344825,1330605665,258.86414206202005,1.8396619673177077
1331315653,3089395032,0.0,1.129162
3089395032,1331315653,0.0,1.129162
3029651126,1331315698,0.0,0.014612
1334516823,1334516840,9.39619614056529,0.4992960347574284
1334516823,1331315906,581.1882133905993,0.10886888092468248
1334516823,9074525746,385.3203052504067,0.5218100559066582
1334516858,1334516840,28.131726450820526,0.015387086063846575
1334516858,1334516738,70.72427027552072,1.0512568372377453
1334516858,1338457101,35.912155155163546,0.6631138498309884
3999647774,3097374451,320.84738887560536,1.423630728873149
3999647774,1334516738,503.4612545290199,0.173235632591948
3999647774,4008989102,397.4936855848204,1.1270376733017844
9074525746,1334516823,553.9732196018824,0.5857259087761524
1338457101,1334516858,61.75796206515905,0.6631901459231373
1334565161,1334565544,181.33663854934807,6.662776864654746
1334565161,1837352264,56.65063842159473,0.2942966109020853
1334565161,1336000140,0.0,0.5014620000000001
1837352264,1334565161,95.79769253211148,0.2944014752615721
1837352264,1334565617,172.83034041303875,0.17667965283091003
1837352264,1336000140,101.24658840279359,0.6411581192421975
1336000140,1334565161,21.129315845496514,0.5014624818078441
1336000140,9783820471,118.41794389472224,5.272838409115785
1336000140,1837352264,116.17970199144403,0.6415992216010488
3984824680,1334565418,138.50503435069373,5.708483980545929
3984824680,1334565617,203.13874164112522,5.711829970495888
3984824680,1335060887,0.0,1.0233519999999998
9770768344,1334565418,240.98535345798362,16.840232084130005
3982816392,3982820563,180.9426897549048,1.8109022555181453
3982816392,1334565544,461.5387865381616,0.4053051762701712
3982816392,4045620602,359.52949177031786,4.301464465216978
1334565566,4141357247,425.4727092784191,1.2583455603591136
4141357247,3982826871,0.0,0.289102
4141357247,1334565566,243.57320237042617,1.0040514641897034
4141357247,3982820591,408.9624823850851,1.2310971037785123
1334565617,1837352264,197.04428093490506,0.17720141558695798
1334565617,3984824680,263.4847342769303,5.796951743048239
1334565617,1336000150,71.50884929507765,3.8517064356826647
1336000150,4020011665,58.578938212312735,13.28946429790824
1336000150,1334565617,155.61227067629733,3.862106989178693
1336000150,1392107193,12.929911082764932,7.649755909461384
1335060887,3984824680,0.0,1.023352
3988880743,1335060980,148.93868197691492,1.4681224630594152
1335061003,3989680428,296.7973044265027,2.1714066574878177
3989680428,1335061003,11.611078753720873,2.093113183390593
3988859211,1335987976,149.66601684877165,0.7051865383498589
3988759010,1335987976,71.54015946166042,0.8275494799241999
3988759010,3988788459,173.17517299724707,0.5639926202879183
3988759010,3988759017,445.3477372839905,0.0721837480060117
9783820471,1336000140,158.4909998903777,5.283868061755878
4020011665,1336000150,155.61227067629733,13.326272309007637
1392107193,1392107009,0.0,1.5413189999999999
1392107193,3982463149,165.2102536251291,0.05603651939597043
1392107193,1336000150,0.0,7.649753999999997
1338456844,3097383808,128.89324819114586,0.3650400403067301
1338456844,4043580004,285.91765175431595,0.14761087210993773
1338456844,4031800308,501.30347459716614,0.3146162390917727
3097383808,1338456844,157.0281719719306,0.3656234826051497
3097383808,3097383794,133.889153933158,0.1679768081507344
3097383808,4031800308,0.0,3.4162000000000012
4043580004,1338456844,366.5575092389476,0.15544945463615553
4043580004,7934673746,23.211453325403145,1.9087606708795437
4043580004,3984508658,265.06648542678334,3.7079951525176655
4031800308,3097383808,0.0,3.4162000000000012
4031800308,1338457008,546.1509612012242,1.6858607975697826
4031800308,1338456844,395.3078368445923,0.2952733355009946
1338456889,1338457094,142.7334529605609,2.616127818630819
1338456889,4003122284,156.93474408667842,0.6292314798647073
1338456889,3410725727,92.78684251708584,0.2838503850738491
1338457094,3410725815,172.60422821513384,2.509752354444945
1338457094,1338457019,279.99158021241095,0.4786144693321539
1338457094,1338456889,253.0250748038373,2.662490878388769
4003122284,3410725727,87.36796812891356,0.361729125537417
4003122284,1338456889,23.82826179653329,0.6273979750030785
4003122284,1338457135,284.0536310124877,1.5713513054945738
3410725727,3414299966,180.15481064599933,0.06455815872176217
3410725727,4003122284,73.82463784914472,0.3616369056320119
3410725727,1338456889,83.33034697069563,0.2838149540087728
1338456909,1338457022,423.61161821253205,0.026346152259092783
1338457022,1338456909,89.731517231876,0.024932851139997717
1338457022,3410578516,423.61161821253205,0.3728070373098934
1338456932,3097401911,246.2322284400735,1.8491409862226196
3097401911,3097401999,0.0,1.2900439999999997
3097401911,1338456985,73.69726112072054,0.5269149166296045
3097401911,1338456932,100.89434036948228,1.817851617499774
1338456950,1338824491,562.0006515143834,0.4258862818188008
1338456950,1338457135,215.11931526560954,2.94008377490625
1338456950,3999732216,53.91586848106402,0.6957743407433141
1338824491,3410701291,381.11041505267053,2.894034611440439
1338824491,1338456950,141.05851994141676,0.2881378626257174
1338824491,1338456985,222.4789750407648,4.241965839982071
1338457135,3410725815,0.0,3.8212409999999988
1338457135,4003122284,215.11931526560954,1.5392656927245123
1338457135,1338456950,284.0536310124877,3.0013690942368036
3999732216,1338456950,408.7364606319217,0.7893551572446728
1338456985,3097401999,126.36530966113767,0.7509288725385268
1338456985,3097401911,96.26001899698551,0.5270580502609473
1338456985,1338824491,24.678845372872747,4.151154751437161
3097401999,3097383794,163.99234567929926,2.4744270913418975
3097401999,1338456985,96.8447339966383,0.750325026607671
3097401999,3097401911,0.0,1.2900440000000002
1338457008,7493203324,0.0,2.0356629999999996
1338457008,3410586942,516.7547200170867,0.7139797228191177
1338457008,4031800308,438.4942096639039,1.5521907831364161
7493203324,1338457008,0.0,2.035662999999999
3410586942,3410578516,649.9986015553337,0.46547418186783046
3410586942,1338457008,413.6102034357535,0.666944271299685
3410586942,3410586928,315.7020009727554,0.45774422311865925
1338457019,1338457250,288.5224689460543,2.5318530573357365
1338457019,2916340037,0.0,0.23796299999999998
1338457019,1338457094,353.50003761911205,0.49983415275805587
1338457250,1338457086,224.04546963822074,0.40525016194454305
1338457250,1338462710,0.0,0.9805380000000002
1338457250,1338457019,364.282412026267,2.759264029243673
2916340037,1338457019,0.0,0.23796299999999998
3410578516,1338457022,649.9986015553337,0.46385291620405267
3410578516,3410586942,423.61161821253205,0.37411007805339364
3410578516,3410586927,0.0,0.3255659999999999
1338457086,9784108632,224.04546963822074,4.617079780282702
1338457086,1338457250,31.41961887729368,0.40038888095201497
1338457086,2898828154,0.0,4.782100999999998
9784108632,1338457086,31.41961887729368,4.56169442998654
2898828154,1338457086,0.0,4.782101
3410725815,1338457094,228.51290135198346,2.550650381876756
3410725815,4173430717,172.60422821513384,6.1243615948392485
3410725815,1338457135,0.0,3.8212409999999988
1338457143,9783820461,263.9971750416297,3.4398262314100427
9783820461,1338457143,286.2530815116749,3.46991364440691
1338462710,1338457250,0.0,0.980538
1338457281,3414299966,123.65222683211607,3.0218736452237085
1338457281,9784949127,203.21068672115334,3.47697425753418
1338457281,9098857474,371.38995344714124,0.3785328293947329
3414299966,3410725727,157.15498481984037,0.06442086791520385
3414299966,1338457281,165.80871696010894,3.029469923232733
3414299966,3410701712,364.06748891751505,6.683722493601117
9784949127,1338457281,234.80791473147693,3.499160866458189
9098857474,1338457281,297.6362353088247,0.3598509764216408
3410701291,3984508658,325.53818563888535,0.9876945861767505
3410701291,1338824491,156.43838779050705,2.6344782034102647
3410701291,3410701712,446.5319321752943,0.9771045947520575
1392107009,1392107193,152.2803425423642,1.5453144160484364
1392107018,3982530847,290.6393535597135,0.7044094011735456
3982530847,1392107018,65.05995848247406,0.6810448149061382
3982463149,1392107193,0.0,0.055836
1392550038,2916319151,0.0,0.748016
3409128252,9098857403,379.7945998091756,18.52213296241485
1837433732,9784527820,33.24604145759083,2.7386341281786044
1837433732,3992715510,44.04224027500412,0.48823785513685025
1837433732,2916373220,0.0,0.300963
1837433732,2370546617,0.0,0.18819
9784527820,9784499499,33.24604145759083,0.08593850610322903
9784527820,1837433732,44.04224027500412,2.7386676710297233
3992715510,1837433732,31.803910509966272,0.48823140790728553
3992715510,3982887220,659.5300639112068,0.9061524831507494
3992715510,3029654294,722.1133348041085,0.6614825853722655
3992715510,6019551932,24.66120949532076,0.09410616779109239
2916373220,2916379851,20.340574286261436,0.12270118757812909
2916373220,1837433732,1.4421309476245554,0.30096300001162557
2370546617,1837433732,0.0,0.18819
1837501338,3097356289,372.35445509407936,7.7280221780762846
1837501338,4126284489,384.8888747320493,3.0212455533607105
1837501338,1915033722,0.0,13.434632000000006
3097356289,1837501338,384.8888747320493,7.820827870931464
3097356289,9098857403,7.443466950229887,0.03829100056661995
4126284489,1837501338,372.35445509407936,2.985394005226343
1915033722,1907455564,6.298705908855201,7.804622109708038
1915033722,3980734217,8.195891248449755,24.749061538316337
1915033722,1837501338,0.0,13.434632000000011
1837501367,9784143128,120.44445300056638,0.18715567231663166
9784143128,1837501367,479.2245996701919,0.23450096158004105
1837501419,3986867504,421.317522392755,0.007081826174405596
1837501419,3982994352,572.6567446155643,0.03929184143720225
3986867504,3982994351,419.97641383406517,0.02427118890330551
3986867504,1837501419,378.25009414628266,0.006754658288374207
3982994352,2916319151,572.6567446155643,0.45093981735530386
3982994352,1837501419,149.1670916388557,0.02593875897964848
1837501498,3031023056,112.57084604396695,0.8856940866507079
3031023056,1875985777,0.0,1.2626669999999998
3031023056,9784527818,112.57084604396695,1.914997255295161
3031023056,1837501498,40.39179034057921,0.8850203557075248
1875985777,1875985673,419.97641383406517,1.7173550849730332
1875985777,3031023056,0.0,1.262667
1875985777,3982994351,367.6550672478486,1.0934682476398343
3980634482,1875985673,383.71124151915956,1.2376905354268388
3982994351,3986867504,350.1236645758993,0.02263492398162667
3982994351,1875985777,419.97641383406517,1.1556655413394432
1876012646,4024115730,6.314649724497708,0.47185900132350483
1876012646,3526691077,4.35454757381251,0.1497500002595572
4024115730,1876012646,4.35454757381251,1.0249720032912844
4024115730,10712670087,6.314649724497708,0.926377202598371
3526691077,1876012646,6.314649724497708,0.14975000114777826
1876012697,3526691045,0.0,2.707442999999999
3526691045,1876012697,0.0,2.7074430000000005
1876012739,3526691405,369.7749844787081,2.384265205351107
3526691405,1876012739,374.00036154509456,2.387804797265122
1877378924,3097356292,39.44600265287524,11.616446573349702
3097356292,1877378924,118.79454647427107,11.627462886575968
1880725026,3097417754,0.0,4.840491
3097417754,1908801649,0.0,0.048287
3097417754,3097418337,0.0,1.7626390000000005
3097417754,1880725026,0.0,4.840491000000001
3097371617,1880751300,462.459700267008,2.4543271321546523
3097371617,7934673746,365.889443841626,0.1305098374359332
1907455214,1907455564,59.25449941732117,2.162198484039544
1907455214,1910224621,355.0314733485726,5.866716340737708
1907455214,4023640212,0.0,2.293635
1907455564,9009545450,65.55320532617637,3.820428050324137
1907455564,1907455214,355.0314733485726,2.327658917527706
1907455564,1915033722,8.195891248449755,7.804622314497987
1910224621,1907455214,59.25449941732117,5.449683835854408
1910224621,3979578162,351.92537147916187,3.0230762013230956
1910224621,1910280487,1.3836845614295838,1.051535000034423
4023640212,1907455214,0.0,2.293635
9009545450,1907456364,0.0,0.12598199999999998
9009545450,1907455564,363.2273645970224,4.140627609644508
9009545450,1907456566,0.0,0.6271129999999998
1907456364,9009545450,0.0,0.125982
1907456364,3366355160,0.0,4.336390999999998
1907456364,1907456566,0.0,0.46709399999999995
3366355160,1907456364,0.0,4.336390999999999
3366355160,1910227680,0.0,2.8936749999999987
3366355160,4007638755,0.0,7.984453999999993
1907456566,9009545450,0.0,0.6271129999999997
1907456566,4016945029,0.0,38.00631799999987
1907456566,1907456364,0.0,0.46709399999999995
4016945029,1910280487,0.0,0.03134
4016945029,1910224549,0.0,0.057655000000000005
4016945029,1907456566,0.0,38.00631799999997
1908801649,3097417754,0.0,0.048287
1908801649,9783883951,198.94829155483617,0.9503790879827692
1908801649,9783865799,525.168939736563,1.0419050839838198
9783883951,1908801649,110.39946306071343,0.9385094031509689
9783865799,1908801649,541.0500851457601,1.0952462118626547
1908801841,9784126634,1.4992068335596676,0.6462840000291575
9784126634,1908801841,0.0,0.6462839999999999
1908908911,9022270319,0.0,4.142918999999997
1908908911,2370325736,0.0,2.628096
1908908911,2370392279,0.0,8.630143
9022270319,1908908911,0.0,4.142919000000002
2370325736,3982483978,0.0,0.13728300000000002
2370325736,2887261923,0.0,1.002688
2370325736,1908908911,0.0,2.6280960000000007
2370392279,10801462893,125.04147212212233,0.020586231246987666
2370392279,3982483979,348.6035799623242,5.396025262062627
2370392279,1908908911,0.0,8.630142999999999
1910224505,9784655837,64.24972728163422,0.252174370836667
2867470429,1910280487,1.4664897564080874,0.33611400001388303
9784655837,1910224505,64.3670723004842,0.2521746519259163
1910224549,2991903759,0.0,1.578834
1910224549,4016894943,0.0,0.561757
1910224549,4016945029,0.0,0.057655000000000005
2991903759,9784655826,0.0,1.8907189999999996
2991903759,2991897713,0.0,4.419190999999998
2991903759,1910224549,0.0,1.5788339999999996
4016894943,1910224549,0.0,0.5617570000000001
3979578162,1910224621,56.077380700082195,2.815066187754676
1910280487,1910224621,1.4664897564080874,1.0515350000434331
1910280487,2867470429,1.3836845614295838,0.33611400001100306
1910280487,4016945029,0.0,0.03134
1910227680,3366355160,0.0,2.893674999999997
3980734217,1915033722,6.298705908855201,24.7490611877838
1915033754,9783684667,0.0,1.8052939999999995
9783684667,1915033754,0.0,1.805294
3982483978,2370325736,0.0,0.13728300000000002
2887261923,2370325736,0.0,1.0026880000000005
2370340774,3982530845,65.05995848247406,2.663953058500797
3982530845,2370340774,290.6393535597135,2.755345224897723
3992662851,11180744356,0.0,0.5217930000000001
3992662851,3988608601,287.9007506639771,1.664379252650104
3992662851,2370355022,48.218355315136634,0.366811707328754
10801462893,2370392279,348.6035799623242,0.022025817123984694
3982483979,2370392279,125.04147212212233,5.043346325546548
2916348987,2916381747,0.0,0.237253
2916381747,2916348987,20.340574286261436,0.23725336269854247
3029654294,3992715510,506.5191313534365,0.4989594461131495
3029654294,3029654255,722.1133348041085,0.15117289446957324
2916379851,2916373220,0.0,0.12270099999999999
2916398217,2916399036,15.642006863661607,0.07334502116579078
2916399036,2916398217,0.0,0.073345
2991897713,2991903759,0.0,4.419191000000001
9784655826,2991903759,0.0,1.8907190000000005
3029654255,3029654294,0.0,0.10216700000000001
9784527818,3031023056,40.39179034057921,1.9135405526633504
9784527818,9784499507,112.57084604396695,0.19417019114152545
3982837980,3423433532,179.1008518806801,0.2625518387923303
3982837980,3982830357,500.5522017874284,0.9747786671012095
3982837980,3031023103,174.96227794203438,8.621646320473642
3978840923,3423460257,32.6588047364694,2.6319637397837123
3978840923,3031023103,322.1036149411463,0.9548713030308333
9098857403,3409128252,9.074004091714485,16.83375355013708
9098857403,3097356289,304.00053144900585,0.03986747895386235
7934673746,4043580004,14.807522415567027,1.9087584423586892
7934673746,9784949172,361.170499504436,2.6465213687826017
7934673746,3097371617,457.9082748972523,0.1455912789035077
3097374451,3423433532,320.84738887560536,0.19040813993848854
3097374451,3999647774,414.3076751321871,1.5468137379120463
3097374451,9784949173,0.0,4.428562
3423433532,3097374451,414.3076751321871,0.2068836536706822
3423433532,3982887220,169.4001564482243,4.537582273449898
3423433532,3982837980,333.31276627888616,0.27680019238057635
9784949173,3097374451,0.0,4.428562000000002
3097378026,3097383794,0.0,1.4545039999999987
3097383794,3097383808,163.99234567929926,0.1683017436232785
3097383794,3097401999,133.889153933158,2.469649784114463
3097383794,3097378026,0.0,1.4545039999999996
3097418337,3097417754,0.0,1.7626389999999996
4007638755,3366355160,0.0,7.984453999999998
3405629188,9783698738,200.3973304350082,0.8726090393631682
9783698738,3405629188,157.36142840435184,0.871074728925903
3408966780,3988769037,0.0,0.3953789999999999
3410586927,3410586928,334.6527278952696,0.20351793759466422
3410586927,3410578516,0.0,0.325566
3410586928,3410586927,315.7020009727554,0.1060973255273807
3410586928,3410586942,334.6527278952696,0.46753925445578376
3410701712,3414299966,331.4345690639683,6.520310501832185
3410701712,4045640072,430.73799249859195,1.8859414552827283
3410701712,3410701291,309.51343444910594,0.7801825984734958
4173430717,3999734167,85.96670147721872,0.24167482079162222
4173430717,9783826349,414.00739516494536,0.5952817854423456
4173430717,3410725815,228.51290135198346,6.224162002662146
3423460257,3978840923,6.715182388103478,2.6319370477956103
3423460257,9784527864,81.70225154722036,1.310632460750787
9784527864,3423460257,148.8275635423609,1.3134499547141898
3526691079,9771229433,360.8689227002929,0.5551024604260218
3526691030,3526691226,237.45060124254664,4.647056637969519
3526691021,10712670084,275.33677094167354,2.4751124306226404
10712670084,3526691021,78.65355858201508,2.4504358259888925
10712670084,10712670087,4.35454757381251,0.03186500002021168
3526691226,3526691030,318.82453554183377,4.705372286206569
9771229433,3526691079,356.28788174584633,0.5542991534699433
3526691217,9784010378,583.8369190298391,0.050025380424577666
9784010378,3526691217,418.50765254039527,0.043762701304552384
3979618651,9030532853,182.5722897282253,3.586443348056672
9030532853,3979618651,479.2245996701919,4.474310606099819
3992634306,3988608601,128.7446045607225,0.33155850896174044
9783972302,3980687542,175.29916389263883,1.7033738443028483
3980687542,9783972302,135.69942686982625,1.7015582211481324
3982567564,4105357827,35.07444748106931,0.5213908037997856
4105357827,3982567564,34.141012833781176,0.5213904147577494
3982820563,3982817753,180.9426897549048,0.016194249333036283
3982820563,3982816392,428.5059404237391,2.0943977859675553
3982817753,3982820563,428.5059404237391,0.01872944817709842
3982817753,3982820591,180.9426897549048,0.014727650076613094
3982820591,4141357247,180.9426897549048,0.9944545871069242
3982820591,3982817753,408.9624823850851,0.018232272835634566
3982820577,3982824758,0.0,1.261197
3982824758,3982824759,0.0,0.040966999999999996
3982824758,3982820577,19.543458038654023,1.2611978869163651
3982824759,3982824758,19.543458038654023,0.04096702880937933
3982824759,3982829760,0.0,1.2191640000000001
3982829760,3982824759,66.60942294269218,1.2192796908235468
3982826871,4141357247,0.0,0.28910199999999997
3982830357,3982837980,214.65344569547017,0.7559823503222828
3988788459,3988759010,211.80500871016682,0.5670059563589842
3988880744,3989846958,359.87233385688694,0.3530179805991331
11180744356,11180744354,0.0,0.019687
11180744356,3992662851,0.0,0.5217930000000001
6019551932,3992715510,129.33437085668888,0.0942329308623836
4008989102,3999647774,318.198859266278,1.0556907612619877
3999712034,8992756578,169.05174911517716,0.6169805676449941
8992756578,3999712034,17.259708608946404,0.6145612629014195
3999732215,8982677490,49.875513444094935,0.6626237650387002
8982677490,3999732215,322.9564558138082,0.6973515375047701
3999734167,4173430717,4.040355036969092,0.24155700057488239
4007324411,9784646155,479.2245996701919,1.2674736461323837
9784646155,4007324411,120.44445300056638,1.0115731755946402
9784949179,9784949176,343.32098791340627,0.00830637971286377
9784949179,9784949163,457.827724175311,0.06274398687045932
4016894944,9784143147,64.24972728163422,1.194574119805778
9784143147,4016894944,64.3670723004842,1.1945748385918384
10712670087,10712670084,6.314649724497708,0.031865000089377295
10712670087,4024115730,4.35454757381251,0.9263772005875929
4173224932,9784949176,60.33403859049039,1.613518059913757
9784949176,4173224932,25.12212864712814,1.613418097889543
9784949176,9784949179,60.33403859049039,0.007785497281498313
9783826349,4173430717,318.77233000966476,0.5150440287382576
6019587427,9074525778,250.04293195927823,0.5442038363388909
9074525778,6019587427,31.137872000835106,0.534141420494514
9784949172,9784949163,366.69550027519296,0.012004418944790918
9784949172,7934673746,444.78539965022617,2.90735849829873
9783826329,9783865789,432.32246939299836,0.2265818783168218
9783865789,9783826329,367.7381965948198,0.21102162980293718
9784101190,9784101203,207.94839348959823,0.04918640426611226
9784101203,9784101190,386.19754058894637,0.05397433105903943
9784101197,10801510408,472.3360478806304,1.615775783798996
10801510408,9784101197,214.24730554760583,1.1396075725848258
9784499499,9784499507,33.24604145759083,0.05073929881044169
9784499499,9784527820,44.04224027500412,0.08593955867994453
9784499507,9784527818,0.0,0.19401999999999997
9784499507,9784499499,2.781927605111084,0.050739000014649385
9784527849,9784527853,143.03495989644668,0.05287246750206051
9784527853,9784527849,41.26031266989304,0.05276673718812283
9784949163,9784949179,343.32098791340627,0.05524569412622482
9784949163,9784949172,421.5896865640229,0.012723518898389971
11180744354,11180744356,0.0,0.019687
