,gridID_lat,gridID_lon,inner_grid,inner_gr_1,lanelength,fishnetID,osmid,y,x,street_cou,lon,lat,highway,ref,lanecapaci,geometry
0,0,0,None,None,13129.963,0,197295841,48.7610865,2.1733813,5,2.1733813,48.7610865,,,8400.0,POINT (2.1733813 48.7610865)
1,0,0,None,None,13129.963,0,1183627269,48.7689467,2.1521077,2,2.1521077,48.7689467,,,5600.0,POINT (2.1521077 48.7689467)
2,0,0,None,None,13129.963,0,29393093,48.7492681,2.1656017,3,2.1656017,48.7492681,,,2800.0,POINT (2.1656017 48.7492681)
3,0,0,None,None,13129.963,0,4318060008,48.7552061,2.1709948,3,2.1709948,48.7552061,,,4200.0,POINT (2.1709948 48.7552061)
4,0,1,None,None,12966.006000000001,1,35118433,48.7492895,2.2110775,3,2.2110775,48.7492895,motorway_junction,6b,7200.0,POINT (2.2110775 48.7492895)
5,0,1,None,None,12966.006000000001,1,199034365,48.7488128,2.2145372,3,2.2145372,48.7488128,motorway_junction,6 b,3600.0,POINT (2.2145372 48.7488128)
6,0,1,None,None,12966.006000000001,1,162631335,48.7629379,2.2026551,2,2.2026551,48.7629379,,,5600.0,POINT (2.2026551 48.7629379)
7,0,1,None,None,12966.006000000001,1,34958085,48.7617173,2.1810427,2,2.1810427,48.7617173,,,5600.0,POINT (2.1810427 48.7617173)
8,0,2,None,None,37628.35299999999,2,59721788,48.7716032,2.2486378,3,2.2486378,48.7716032,,,10800.0,POINT (2.2486378 48.7716032)
9,0,2,None,None,37628.35299999999,2,420450693,48.7697632,2.2439994,3,2.2439994,48.7697632,motorway_junction,29,8400.0,POINT (2.2439994 48.7697632)
10,0,2,None,None,37628.35299999999,2,35111730,48.7478056,2.2184684,3,2.2184684,48.7478056,,,2800.0,POINT (2.2184684 48.7478056)
11,0,2,None,None,37628.35299999999,2,248172269,48.770896,2.2282557,1,2.2282557,48.770896,,,2400.0,POINT (2.2282557 48.770896)
12,0,3,None,None,25105.928000000007,3,205497479,48.7599336,2.2730615,3,2.2730615,48.7599336,motorway_junction,28,12000.0,POINT (2.2730615 48.7599336)
13,0,3,None,None,25105.928000000007,3,291296034,48.771225,2.2860957,3,2.2860957,48.771225,,,4200.0,POINT (2.2860957 48.771225)
14,0,3,None,None,25105.928000000007,3,206241260,48.7624347,2.28287,3,2.28287,48.7624347,,,7200.0,POINT (2.28287 48.7624347)
15,0,3,None,None,25105.928000000007,3,2276036410,48.7597429,2.2632625,3,2.2632625,48.7597429,motorway_junction,28,7200.0,POINT (2.2632625 48.7597429)
16,0,4,None,None,50449.85299999999,4,36417456,48.7624476,2.3130269,3,2.3130269,48.7624476,,,16000.0,POINT (2.3130269 48.7624476)
17,0,4,None,None,50449.85299999999,4,241473501,48.7608931,2.2935306,3,2.2935306,48.7608931,,,5400.0,POINT (2.2935306 48.7608931)
18,0,4,None,None,50449.85299999999,4,227637762,48.7534427,2.3050444,5,2.3050444,48.7534427,traffic_signals,,10700.0,POINT (2.3050444 48.7534427)
19,0,4,None,None,50449.85299999999,4,432004087,48.7732776,2.3239497,3,2.3239497,48.7732776,,,4200.0,POINT (2.3239497 48.7732776)
20,0,5,None,None,79692.22400000002,5,28869158,48.7728061,2.346071,3,2.346071,48.7728061,,,18000.0,POINT (2.346071 48.7728061)
21,0,5,None,None,79692.22400000002,5,28868731,48.7561301,2.3335536,3,2.3335536,48.7561301,,,8000.0,POINT (2.3335536 48.7561301)
22,0,5,None,None,79692.22400000002,5,28869093,48.7562839,2.3383136,3,2.3383136,48.7562839,,,10400.0,POINT (2.3383136 48.7562839)
23,0,5,None,None,79692.22400000002,5,28869157,48.7695977,2.3456071,3,2.3456071,48.7695977,,,16000.0,POINT (2.3456071 48.7695977)
24,0,6,None,None,65692.149,6,81108980,48.7723452,2.3974175,3,2.3974175,48.7723452,motorway_junction,24,18000.0,POINT (2.3974175 48.7723452)
25,0,6,None,None,65692.149,6,1310966800,48.7685416,2.3694665,3,2.3694665,48.7685416,,,5600.0,POINT (2.3694665 48.7685416)
26,0,6,None,None,65692.149,6,56019857,48.7519701,2.36888,3,2.36888,48.7519701,,,3000.0,POINT (2.36888 48.7519701)
27,0,6,None,None,65692.149,6,56019808,48.7546632,2.3689038,3,2.3689038,48.7546632,,,6600.0,POINT (2.3689038 48.7546632)
28,0,7,None,None,24052.489,7,300519043,48.774006,2.4069514,3,2.4069514,48.774006,,,14000.0,POINT (2.4069514 48.774006)
29,0,7,None,None,24052.489,7,248807665,48.7666294,2.4129918,3,2.4129918,48.7666294,,,4500.0,POINT (2.4129918 48.7666294)
30,0,7,None,None,24052.489,7,248823091,48.7495876,2.4127806,2,2.4127806,48.7495876,,,7200.0,POINT (2.4127806 48.7495876)
31,0,7,None,None,24052.489,7,383589199,48.7614612,2.4032609,4,2.4032609,48.7614612,,,6400.0,POINT (2.4032609 48.7614612)
32,0,8,None,None,41054.14699999999,8,418878003,48.7729472,2.4396314,3,2.4396314,48.7729472,,,10800.0,POINT (2.4396314 48.7729472)
33,0,8,None,None,41054.14699999999,8,243772727,48.7490328,2.4554881,3,2.4554881,48.7490328,,,5600.0,POINT (2.4554881 48.7490328)
34,0,8,None,None,41054.14699999999,8,243771521,48.7553045,2.4443185,3,2.4443185,48.7553045,,,5900.0,POINT (2.4443185 48.7553045)
35,0,8,None,None,41054.14699999999,8,243775192,48.7737407,2.4448335,3,2.4448335,48.7737407,,,5600.0,POINT (2.4448335 48.7737407)
36,0,9,None,None,31691.954,9,301266379,48.7650384,2.4806965,5,2.4806965,48.7650384,,,12600.0,POINT (2.4806965 48.7650384)
37,0,9,None,None,31691.954,9,1177127586,48.7557911,2.5076559,3,2.5076559,48.7557911,,,4000.0,POINT (2.5076559 48.7557911)
38,0,9,None,None,31691.954,9,760291990,48.7679925,2.4878384,3,2.4878384,48.7679925,,,7200.0,POINT (2.4878384 48.7679925)
39,0,9,None,None,31691.954,9,2399646057,48.7662401,2.4899148,3,2.4899148,48.7662401,,,6300.0,POINT (2.4899148 48.7662401)
40,1,0,None,None,60572.62000000001,10,35346745,48.7811958,2.1707649,3,2.1707649,48.7811958,motorway_junction,,16000.0,POINT (2.1707649 48.7811958)
41,1,0,None,None,60572.62000000001,10,204963478,48.7987072,2.1536747,3,2.1536747,48.7987072,,,4900.0,POINT (2.1536747 48.7987072)
42,1,0,None,None,60572.62000000001,10,35157993,48.7814102,2.1671621,3,2.1671621,48.7814102,,,15600.0,POINT (2.1671621 48.7814102)
43,1,0,None,None,60572.62000000001,10,6696778832,48.790277,2.1478508,4,2.1478508,48.790277,,,10000.0,POINT (2.1478508 48.790277)
44,1,1,None,None,30773.805,11,227312597,48.780404,2.1796729,3,2.1796729,48.780404,,,18000.0,POINT (2.1796729 48.780404)
45,1,1,None,None,30773.805,11,165134853,48.7856333,2.1795019,3,2.1795019,48.7856333,,,4200.0,POINT (2.1795019 48.7856333)
46,1,1,None,None,30773.805,11,2352550446,48.7818266,2.2098346,3,2.2098346,48.7818266,traffic_signals,,4200.0,POINT (2.2098346 48.7818266)
47,1,1,None,None,30773.805,11,174026541,48.7878735,2.1791383,2,2.1791383,48.7878735,,,5600.0,POINT (2.1791383 48.7878735)
48,1,2,None,None,49384.08,12,2175148193,48.7853584,2.2514801,4,2.2514801,48.7853584,,,19800.0,POINT (2.2514801 48.7853584)
49,1,2,None,None,49384.08,12,8331646552,48.7863863,2.2209505,1,2.2209505,48.7863863,,,1400.0,POINT (2.2209505 48.7863863)
50,1,2,None,None,49384.08,12,35346729,48.7778259,2.222555,3,2.222555,48.7778259,,,4800.0,POINT (2.222555 48.7778259)
51,1,2,None,None,49384.08,12,111441096,48.7765919,2.2301968,3,2.2301968,48.7765919,,,6000.0,POINT (2.2301968 48.7765919)
52,1,3,None,None,19802.755999999998,13,415457991,48.7863999,2.2539993,4,2.2539993,48.7863999,traffic_signals,,16200.0,POINT (2.2539993 48.7863999)
53,1,3,None,None,19802.755999999998,13,221455386,48.7759992,2.2563819,3,2.2563819,48.7759992,traffic_signals,,4200.0,POINT (2.2563819 48.7759992)
54,1,3,None,None,19802.755999999998,13,1833632929,48.788279,2.2529177,3,2.2529177,48.788279,,,10800.0,POINT (2.2529177 48.788279)
55,1,3,None,None,19802.755999999998,13,296234991,48.7751653,2.2885877,3,2.2885877,48.7751653,traffic_signals,,5600.0,POINT (2.2885877 48.7751653)
56,1,4,None,None,41245.265,14,100300851,48.7823992,2.3165659,4,2.3165659,48.7823992,,,15700.0,POINT (2.3165659 48.7823992)
57,1,4,None,None,41245.265,14,6282744266,48.7787867,2.2947859,3,2.2947859,48.7787867,,,4200.0,POINT (2.2947859 48.7787867)
58,1,4,None,None,41245.265,14,100295661,48.7962084,2.321914,4,2.321914,48.7962084,,,11000.0,POINT (2.321914 48.7962084)
59,1,4,None,None,41245.265,14,298740595,48.7888515,2.2934139,4,2.2934139,48.7888515,,,5600.0,POINT (2.2934139 48.7888515)
60,1,5,None,None,70479.894,15,125792,48.7831284,2.3468659,3,2.3468659,48.7831284,motorway_junction,,16000.0,POINT (2.3468659 48.7831284)
61,1,5,None,None,70479.894,15,1720251418,48.7905427,2.34355,3,2.34355,48.7905427,traffic_signals,,4200.0,POINT (2.34355 48.7905427)
62,1,5,None,None,70479.894,15,2315157621,48.7996326,2.3435428,3,2.3435428,48.7996326,,,4200.0,POINT (2.3435428 48.7996326)
63,1,5,None,None,70479.894,15,788794594,48.7921511,2.336929,3,2.336929,48.7921511,,,5600.0,POINT (2.336929 48.7921511)
64,1,6,None,None,27160.959000000003,16,300297897,48.7930572,2.3955644,4,2.3955644,48.7930572,traffic_signals,,12600.0,POINT (2.3955644 48.7930572)
65,1,6,None,None,27160.959000000003,16,300298152,48.7925676,2.3866544,3,2.3866544,48.7925676,,,5400.0,POINT (2.3866544 48.7925676)
66,1,6,None,None,27160.959000000003,16,1919230354,48.7959716,2.3683668,4,2.3683668,48.7959716,,,10100.0,POINT (2.3683668 48.7959716)
67,1,6,None,None,27160.959000000003,16,426655714,48.788557,2.370185,2,2.370185,48.788557,,,5600.0,POINT (2.370185 48.788557)
68,1,7,None,None,34570.25700000002,17,300519118,48.7741827,2.4083916,3,2.4083916,48.7741827,motorway_junction,24,18000.0,POINT (2.4083916 48.7741827)
69,1,7,None,None,34570.25700000002,17,1688841856,48.7870698,2.4229078,3,2.4229078,48.7870698,,,4200.0,POINT (2.4229078 48.7870698)
70,1,7,None,None,34570.25700000002,17,5067051365,48.7875968,2.4358129,3,2.4358129,48.7875968,,,6300.0,POINT (2.4358129 48.7875968)
71,1,7,None,None,34570.25700000002,17,195556141,48.7783271,2.4381649,3,2.4381649,48.7783271,,,6300.0,POINT (2.4381649 48.7783271)
72,1,8,None,None,62426.582,18,81109129,48.782588,2.4409065,3,2.4409065,48.782588,,,16000.0,POINT (2.4409065 48.782588)
73,1,8,None,None,62426.582,18,1019086158,48.7823935,2.4585674,5,2.4585674,48.7823935,,,8700.0,POINT (2.4585674 48.7823935)
74,1,8,None,None,62426.582,18,248810719,48.7741535,2.4388849,3,2.4388849,48.7741535,,,7200.0,POINT (2.4388849 48.7741535)
75,1,8,None,None,62426.582,18,301263935,48.7800834,2.4591035,3,2.4591035,48.7800834,,,7200.0,POINT (2.4591035 48.7800834)
76,1,9,None,None,25161.964999999997,19,301266733,48.7745992,2.5107784,3,2.5107784,48.7745992,traffic_signals,,9800.0,POINT (2.5107784 48.7745992)
77,1,9,None,None,25161.964999999997,19,1424627780,48.7979534,2.5026594,3,2.5026594,48.7979534,,,5600.0,POINT (2.5026594 48.7979534)
78,1,9,None,None,25161.964999999997,19,431523676,48.7808116,2.4936861,2,2.4936861,48.7808116,,,5600.0,POINT (2.4936861 48.7808116)
79,1,9,None,None,25161.964999999997,19,2434929527,48.7791374,2.4921655,3,2.4921655,48.7791374,,,3500.0,POINT (2.4921655 48.7791374)
80,2,0,None,None,17411.50800000001,20,194768348,48.801053,2.1625391,3,2.1625391,48.801053,,,10000.0,POINT (2.1625391 48.801053)
81,2,0,None,None,17411.50800000001,20,5999155007,48.8022377,2.1520081,3,2.1520081,48.8022377,,,5600.0,POINT (2.1520081 48.8022377)
82,2,0,None,None,17411.50800000001,20,793649670,48.8079646,2.145547,4,2.145547,48.8079646,,,6400.0,POINT (2.145547 48.8079646)
83,2,0,None,None,17411.50800000001,20,2184277662,48.8109114,2.1504889,4,2.1504889,48.8109114,,,6400.0,POINT (2.1504889 48.8109114)
84,2,1,None,None,31293.655000000002,21,199463194,48.8112525,2.2128121,3,2.2128121,48.8112525,motorway_junction,2,8400.0,POINT (2.2128121 48.8112525)
85,2,1,None,None,31293.655000000002,21,1801433962,48.8092245,2.2058672,3,2.2058672,48.8092245,,,4200.0,POINT (2.2058672 48.8092245)
86,2,1,None,None,31293.655000000002,21,4023553393,48.8055494,2.1842727,4,2.1842727,48.8055494,,,6400.0,POINT (2.1842727 48.8055494)
87,2,1,None,None,31293.655000000002,21,479328892,48.8084965,2.1959159,3,2.1959159,48.8084965,,,4200.0,POINT (2.1959159 48.8084965)
88,2,2,None,None,39849.88600000002,22,5262639727,48.8178935,2.2300863,5,2.2300863,48.8178935,traffic_signals,,12600.0,POINT (2.2300863 48.8178935)
89,2,2,None,None,39849.88600000002,22,185722364,48.82327,2.249599,3,2.249599,48.82327,,,6300.0,POINT (2.249599 48.82327)
90,2,2,None,None,39849.88600000002,22,7619775847,48.8250041,2.2282392,3,2.2282392,48.8250041,,,7200.0,POINT (2.2282392 48.8250041)
91,2,2,None,None,39849.88600000002,22,301756314,48.8178647,2.2493708,3,2.2493708,48.8178647,,,5000.0,POINT (2.2493708 48.8178647)
92,2,3,None,None,47023.483,23,7565106688,48.8040296,2.2885886,4,2.2885886,48.8040296,,,17200.0,POINT (2.2885886 48.8040296)
93,2,3,None,None,47023.483,23,5097429500,48.8258897,2.2587274,3,2.2587274,48.8258897,,,4500.0,POINT (2.2587274 48.8258897)
94,2,3,None,None,47023.483,23,30677730,48.8252334,2.2677645,4,2.2677645,48.8252334,traffic_signals,,9800.0,POINT (2.2677645 48.8252334)
95,2,3,None,None,47023.483,23,1147451148,48.8146071,2.287111,3,2.287111,48.8146071,,,5600.0,POINT (2.287111 48.8146071)
96,2,4,0,0,9395.520000000002,24,4317600946,48.8109406,2.2995801,3,2.2995801,48.8109406,,,14500.0,POINT (2.2995801 48.8109406)
97,2,4,0,0,9395.520000000002,24,2362037071,48.8122076,2.2934603,3,2.2934603,48.8122076,,,2800.0,POINT (2.2934603 48.8122076)
98,2,4,0,0,9395.520000000002,24,4317597618,48.8073521,2.2984654,3,2.2984654,48.8073521,,,4200.0,POINT (2.2984654 48.8073521)
99,2,4,0,0,9395.520000000002,24,3759989277,48.8114778,2.303013,1,2.303013,48.8114778,,,1400.0,POINT (2.303013 48.8114778)
100,2,4,0,1,12611.428999999993,25,6395636565,48.8094832,2.3266971,4,2.3266971,48.8094832,,,12200.0,POINT (2.3266971 48.8094832)
101,2,4,0,1,12611.428999999993,25,3858462774,48.8121547,2.315681,2,2.315681,48.8121547,,,4200.0,POINT (2.315681 48.8121547)
102,2,4,0,1,12611.428999999993,25,244366753,48.8099591,2.3164142,3,2.3164142,48.8099591,,,6300.0,POINT (2.3164142 48.8099591)
103,2,4,0,1,12611.428999999993,25,2200064522,48.8060202,2.325605,3,2.325605,48.8060202,,,9000.0,POINT (2.325605 48.8060202)
104,2,4,1,0,27610.711,26,162614031,48.8176965,2.3078859,5,2.3078859,48.8176965,,,12800.0,POINT (2.3078859 48.8176965)
105,2,4,1,0,27610.711,26,575742809,48.8194941,2.2946137,3,2.2946137,48.8194941,,,4200.0,POINT (2.2946137 48.8194941)
106,2,4,1,0,27610.711,26,162296675,48.8260122,2.2991151,3,2.2991151,48.8260122,motorway_junction,,9600.0,POINT (2.2991151 48.8260122)
107,2,4,1,0,27610.711,26,176802132,48.8213211,2.2912415,3,2.2912415,48.8213211,,,5600.0,POINT (2.2912415 48.8213211)
108,2,4,1,1,24971.771999999997,27,268400859,48.8198388,2.310761,4,2.310761,48.8198388,,,12800.0,POINT (2.310761 48.8198388)
109,2,4,1,1,24971.771999999997,27,6603655852,48.8160927,2.3119185,1,2.3119185,48.8160927,,,2800.0,POINT (2.3119185 48.8160927)
110,2,4,1,1,24971.771999999997,27,207435542,48.8198573,2.325489,4,2.325489,48.8198573,,,8100.0,POINT (2.325489 48.8198573)
111,2,4,1,1,24971.771999999997,27,21389562,48.8180197,2.3223094,3,2.3223094,48.8180197,,,9800.0,POINT (2.3223094 48.8180197)
112,2,5,0,0,16236.711000000003,28,28869050,48.8115657,2.3371305,3,2.3371305,48.8115657,,,12000.0,POINT (2.3371305 48.8115657)
113,2,5,0,0,16236.711000000003,28,760666008,48.8129855,2.3447351,2,2.3447351,48.8129855,,,3500.0,POINT (2.3447351 48.8129855)
114,2,5,0,0,16236.711000000003,28,21378244,48.8104922,2.3305084,3,2.3305084,48.8104922,traffic_signals,,2800.0,POINT (2.3305084 48.8104922)
115,2,5,0,0,16236.711000000003,28,6862927726,48.8085405,2.3315327,3,2.3315327,48.8085405,,,4200.0,POINT (2.3315327 48.8085405)
116,2,5,0,1,13308.882,29,10078096,48.81321,2.3543526,3,2.3543526,48.81321,motorway_junction,1,12000.0,POINT (2.3543526 48.81321)
117,2,5,0,1,13308.882,29,366656070,48.8055367,2.3482852,3,2.3482852,48.8055367,,,5600.0,POINT (2.3482852 48.8055367)
118,2,5,0,1,13308.882,29,248517717,48.812787,2.3614563,3,2.3614563,48.812787,,,5000.0,POINT (2.3614563 48.812787)
119,2,5,0,1,13308.882,29,3940796175,48.8104247,2.3497922,3,2.3497922,48.8104247,,,4200.0,POINT (2.3497922 48.8104247)
120,2,5,1,0,21493.005,30,3805338763,48.8175484,2.3440845,3,2.3440845,48.8175484,,,18400.0,POINT (2.3440845 48.8175484)
121,2,5,1,0,21493.005,30,7741342577,48.8212047,2.3344104,3,2.3344104,48.8212047,,,5400.0,POINT (2.3344104 48.8212047)
122,2,5,1,0,21493.005,30,169287918,48.8196516,2.3277533,3,2.3277533,48.8196516,,,8400.0,POINT (2.3277533 48.8196516)
123,2,5,1,0,21493.005,30,430775,48.8194879,2.3446021,3,2.3446021,48.8194879,,,8100.0,POINT (2.3446021 48.8194879)
124,2,5,1,1,29885.756999999998,31,34909834,48.8188776,2.3595373,4,2.3595373,48.8188776,,,29700.0,POINT (2.3595373 48.8188776)
125,2,5,1,1,29885.756999999998,31,3745577947,48.8209537,2.3506865,3,2.3506865,48.8209537,,,5900.0,POINT (2.3506865 48.8209537)
126,2,5,1,1,29885.756999999998,31,365802226,48.8157061,2.3561206,4,2.3561206,48.8157061,,,5600.0,POINT (2.3561206 48.8157061)
127,2,5,1,1,29885.756999999998,31,644165,48.8168105,2.3601969,3,2.3601969,48.8168105,,,16200.0,POINT (2.3601969 48.8168105)
128,2,6,0,0,9955.595,32,270912482,48.8106065,2.3800255,5,2.3800255,48.8106065,,,9800.0,POINT (2.3800255 48.8106065)
129,2,6,0,0,9955.595,32,270912401,48.8131577,2.3805959,3,2.3805959,48.8131577,traffic_signals,,4900.0,POINT (2.3805959 48.8131577)
130,2,6,0,0,9955.595,32,431074519,48.8077846,2.3746293,4,2.3746293,48.8077846,traffic_signals,,9200.0,POINT (2.3746293 48.8077846)
131,2,6,0,0,9955.595,32,6336043964,48.8130231,2.3705076,3,2.3705076,48.8130231,,,5400.0,POINT (2.3705076 48.8130231)
132,2,6,0,1,450.32099999999997,33,482831632,48.8116885,2.3849144,3,2.3849144,48.8116885,traffic_signals,,4900.0,POINT (2.3849144 48.8116885)
133,2,6,0,1,450.32099999999997,33,1835618176,48.8053071,2.3888386,1,2.3888386,48.8053071,,,1400.0,POINT (2.3888386 48.8053071)
134,2,6,0,1,450.32099999999997,33,482831515,48.8110459,2.3835929,3,2.3835929,48.8110459,,,2800.0,POINT (2.3835929 48.8110459)
135,2,6,1,0,20215.091000000004,34,169164292,48.8197191,2.3729161,4,2.3729161,48.8197191,,,16000.0,POINT (2.3729161 48.8197191)
136,2,6,1,0,20215.091000000004,34,166300762,48.8162907,2.3643874,3,2.3643874,48.8162907,,,5400.0,POINT (2.3643874 48.8162907)
137,2,6,1,0,20215.091000000004,34,270911054,48.8177671,2.373429,3,2.373429,48.8177671,traffic_signals,,3500.0,POINT (2.373429 48.8177671)
138,2,6,1,0,20215.091000000004,34,558428839,48.8167947,2.3785633,2,2.3785633,48.8167947,,,5600.0,POINT (2.3785633 48.8167947)
139,2,6,1,1,31531.510000000006,35,25249274,48.82493,2.3932695,3,2.3932695,48.82493,motorway_junction,,22000.0,POINT (2.3932695 48.82493)
140,2,6,1,1,31531.510000000006,35,5318449787,48.8224369,2.3924777,4,2.3924777,48.8224369,,,9200.0,POINT (2.3924777 48.8224369)
141,2,6,1,1,31531.510000000006,35,5471775963,48.8207612,2.3947406,3,2.3947406,48.8207612,,,2700.0,POINT (2.3947406 48.8207612)
142,2,6,1,1,31531.510000000006,35,843998412,48.8183465,2.3951309,3,2.3951309,48.8183465,,,4200.0,POINT (2.3951309 48.8183465)
143,2,7,None,None,68467.604,36,4983221772,48.8145574,2.4044549,4,2.4044549,48.8145574,traffic_signals,,24000.0,POINT (2.4044549 48.8145574)
144,2,7,None,None,68467.604,36,300867685,48.8144083,2.4113475,3,2.4113475,48.8144083,,,4200.0,POINT (2.4113475 48.8144083)
145,2,7,None,None,68467.604,36,387939301,48.8153821,2.4204632,6,2.4204632,48.8153821,,,9900.0,POINT (2.4204632 48.8153821)
146,2,7,None,None,68467.604,36,4948470565,48.8175201,2.4025204,3,2.4025204,48.8175201,,,11500.0,POINT (2.4025204 48.8175201)
147,2,8,None,None,65825.244,37,25249315,48.8175161,2.439917,3,2.439917,48.8175161,,,22000.0,POINT (2.439917 48.8175161)
148,2,8,None,None,65825.244,37,335449859,48.8229325,2.4655975,3,2.4655975,48.8229325,,,6300.0,POINT (2.4655975 48.8229325)
149,2,8,None,None,65825.244,37,2670528793,48.8063255,2.4713521,3,2.4713521,48.8063255,,,4500.0,POINT (2.4713521 48.8063255)
150,2,8,None,None,65825.244,37,344298132,48.8201689,2.4673014,5,2.4673014,48.8201689,traffic_signals,,15300.0,POINT (2.4673014 48.8201689)
151,2,9,None,None,23619.56,38,245930986,48.8236498,2.4964479,4,2.4964479,48.8236498,traffic_signals,,25800.0,POINT (2.4964479 48.8236498)
152,2,9,None,None,23619.56,38,826500306,48.8246907,2.5000131,3,2.5000131,48.8246907,,,10800.0,POINT (2.5000131 48.8246907)
153,2,9,None,None,23619.56,38,294088890,48.8053392,2.4832585,3,2.4832585,48.8053392,,,4200.0,POINT (2.4832585 48.8053392)
154,2,9,None,None,23619.56,38,418350032,48.8169729,2.4982964,2,2.4982964,48.8169729,,,8100.0,POINT (2.4982964 48.8169729)
155,3,0,None,None,69806.839,39,430501402,48.8323145,2.1487235,3,2.1487235,48.8323145,,,16000.0,POINT (2.1487235 48.8323145)
156,3,0,None,None,69806.839,39,213649498,48.8328931,2.1533421,3,2.1533421,48.8328931,,,5600.0,POINT (2.1533421 48.8328931)
157,3,0,None,None,69806.839,39,241158765,48.8378776,2.1691813,3,2.1691813,48.8378776,,,4200.0,POINT (2.1691813 48.8378776)
158,3,0,None,None,69806.839,39,5099157124,48.8375766,2.1554895,3,2.1554895,48.8375766,,,6300.0,POINT (2.1554895 48.8375766)
159,3,1,None,None,17786.888000000003,40,756565041,48.8395734,2.2011673,3,2.2011673,48.8395734,motorway_junction,4,14000.0,POINT (2.2011673 48.8395734)
160,3,1,None,None,17786.888000000003,40,756565094,48.8392296,2.2053089,3,2.2053089,48.8392296,,,6000.0,POINT (2.2053089 48.8392296)
161,3,1,None,None,17786.888000000003,40,83051622,48.841575,2.199163,4,2.199163,48.841575,,,9200.0,POINT (2.199163 48.841575)
162,3,1,None,None,17786.888000000003,40,8249801425,48.8519617,2.2049588,2,2.2049588,48.8519617,,,5600.0,POINT (2.2049588 48.8519617)
163,3,2,0,0,35452.08199999999,41,25237380,48.8393381,2.2159863,3,2.2159863,48.8393381,,,20000.0,POINT (2.2159863 48.8393381)
164,3,2,0,0,35452.08199999999,41,213938830,48.8282377,2.2249473,3,2.2249473,48.8282377,,,5400.0,POINT (2.2249473 48.8282377)
165,3,2,0,0,35452.08199999999,41,237481677,48.8290261,2.228507,3,2.228507,48.8290261,,,7200.0,POINT (2.228507 48.8290261)
166,3,2,0,0,35452.08199999999,41,863094006,48.8396321,2.2307674,2,2.2307674,48.8396321,,,5600.0,POINT (2.2307674 48.8396321)
167,3,2,0,1,15566.265999999998,42,1677008980,48.8401255,2.2351988,2,2.2351988,48.8401255,,,10800.0,POINT (2.2351988 48.8401255)
168,3,2,0,1,15566.265999999998,42,433005887,48.8397555,2.2394292,2,2.2394292,48.8397555,,,10800.0,POINT (2.2394292 48.8397555)
169,3,2,0,1,15566.265999999998,42,366142944,48.8337764,2.244012,3,2.244012,48.8337764,,,5400.0,POINT (2.244012 48.8337764)
170,3,2,0,1,15566.265999999998,42,826014686,48.8394122,2.2431777,2,2.2431777,48.8394122,,,10800.0,POINT (2.2431777 48.8394122)
171,3,2,1,0,24421.043999999998,43,30624829,48.8404495,2.2316167,5,2.2316167,48.8404495,,,18200.0,POINT (2.2316167 48.8404495)
172,3,2,1,0,24421.043999999998,43,1426068760,48.8410714,2.2264329,3,2.2264329,48.8410714,,,4500.0,POINT (2.2264329 48.8410714)
173,3,2,1,0,24421.043999999998,43,4474249044,48.8511888,2.2235033,2,2.2235033,48.8511888,,,7200.0,POINT (2.2235033 48.8511888)
174,3,2,1,0,24421.043999999998,43,233369678,48.8416633,2.2213035,4,2.2213035,48.8416633,,,8000.0,POINT (2.2213035 48.8416633)
175,3,2,1,1,26285.030999999995,44,358466962,48.8482671,2.2422994,3,2.2422994,48.8482671,motorway_junction,1,16000.0,POINT (2.2422994 48.8482671)
176,3,2,1,1,26285.030999999995,44,128650484,48.8503471,2.2377744,3,2.2377744,48.8503471,,,4900.0,POINT (2.2377744 48.8503471)
177,3,2,1,1,26285.030999999995,44,25077273,48.8512079,2.2519666,3,2.2519666,48.8512079,motorway_junction,,11600.0,POINT (2.2519666 48.8512079)
178,3,2,1,1,26285.030999999995,44,269264381,48.847998,2.246293,3,2.246293,48.847998,,,5400.0,POINT (2.246293 48.847998)
179,3,3,0,0,43853.873,45,112413017,48.8320763,2.2530784,4,2.2530784,48.8320763,,,15400.0,POINT (2.2530784 48.8320763)
180,3,3,0,0,43853.873,45,208911944,48.8352603,2.2584987,3,2.2584987,48.8352603,,,5700.0,POINT (2.2584987 48.8352603)
181,3,3,0,0,43853.873,45,180275744,48.8386063,2.2697609,4,2.2697609,48.8386063,,,8100.0,POINT (2.2697609 48.8386063)
182,3,3,0,0,43853.873,45,260658717,48.838182,2.2564005,3,2.2564005,48.838182,,,10800.0,POINT (2.2564005 48.838182)
183,3,3,0,1,24540.04300000001,46,25078032,48.8348198,2.2740203,3,2.2740203,48.8348198,motorway_junction,,12000.0,POINT (2.2740203 48.8348198)
184,3,3,0,1,24540.04300000001,46,1755336925,48.8335716,2.2770137,3,2.2770137,48.8335716,,,8100.0,POINT (2.2770137 48.8335716)
185,3,3,0,1,24540.04300000001,46,162286787,48.8324374,2.2803014,3,2.2803014,48.8324374,,,9900.0,POINT (2.2803014 48.8324374)
186,3,3,0,1,24540.04300000001,46,34909766,48.8342881,2.283959,4,2.283959,48.8342881,traffic_signals,,11800.0,POINT (2.283959 48.8342881)
187,3,3,1,0,24415.007999999998,47,34818796,48.8481291,2.2587167,4,2.2587167,48.8481291,,,15800.0,POINT (2.2587167 48.8481291)
188,3,3,1,0,24415.007999999998,47,25077703,48.8461208,2.2550317,3,2.2550317,48.8461208,motorway_junction,,13600.0,POINT (2.2550317 48.8461208)
189,3,3,1,0,24415.007999999998,47,260654567,48.841899,2.2626793,3,2.2626793,48.841899,,,14400.0,POINT (2.2626793 48.841899)
190,3,3,1,0,24415.007999999998,47,316033106,48.8479573,2.253237,3,2.253237,48.8479573,,,5200.0,POINT (2.253237 48.8479573)
191,3,3,1,1,19997.919,48,360990,48.8474292,2.2737147,3,2.2737147,48.8474292,,,26400.0,POINT (2.2737147 48.8474292)
192,3,3,1,1,19997.919,48,141556844,48.8461119,2.2774303,4,2.2774303,48.8461119,,,7700.0,POINT (2.2774303 48.8461119)
193,3,3,1,1,19997.919,48,2689489652,48.8524271,2.280387,3,2.280387,48.8524271,,,3600.0,POINT (2.280387 48.8524271)
194,3,3,1,1,19997.919,48,130234868,48.840425,2.2715938,3,2.2715938,48.840425,,,9000.0,POINT (2.2715938 48.840425)
195,3,4,None,None,47631.507999999994,49,16820933,48.844035,2.3233789,5,2.3233789,48.844035,traffic_signals,,25800.0,POINT (2.3233789 48.844035)
196,3,4,None,None,47631.507999999994,49,513972750,48.8327368,2.3115395,2,2.3115395,48.8327368,,,4900.0,POINT (2.3115395 48.8327368)
197,3,4,None,None,47631.507999999994,49,94259118,48.8480691,2.3014987,3,2.3014987,48.8480691,,,4200.0,POINT (2.3014987 48.8480691)
198,3,4,None,None,47631.507999999994,49,7035615519,48.8272069,2.2926648,3,2.2926648,48.8272069,,,4000.0,POINT (2.2926648 48.8272069)
199,3,5,None,None,59063.028,50,1142990090,48.836787,2.3518495,5,2.3518495,48.836787,traffic_signals,,24500.0,POINT (2.3518495 48.836787)
200,3,5,None,None,59063.028,50,6225709029,48.8312557,2.3562195,3,2.3562195,48.8312557,,,10400.0,POINT (2.3562195 48.8312557)
201,3,5,None,None,59063.028,50,644163,48.8521389,2.3609324,3,2.3609324,48.8521389,,,11700.0,POINT (2.3609324 48.8521389)
202,3,5,None,None,59063.028,50,788761933,48.8396159,2.3365808,4,2.3365808,48.8396159,,,7200.0,POINT (2.3365808 48.8396159)
203,3,6,0,0,13081.614000000003,51,382038,48.8322388,2.3797778,4,2.3797778,48.8322388,,,24600.0,POINT (2.3797778 48.8322388)
204,3,6,0,0,13081.614000000003,51,368093,48.8375695,2.3736544,4,2.3736544,48.8375695,traffic_signals,,11300.0,POINT (2.3736544 48.8375695)
205,3,6,0,0,13081.614000000003,51,558381428,48.8333957,2.3822548,3,2.3822548,48.8333957,,,3600.0,POINT (2.3822548 48.8333957)
206,3,6,0,0,13081.614000000003,51,368092,48.8389016,2.3761489,3,2.3761489,48.8389016,,,8100.0,POINT (2.3761489 48.8389016)
207,3,6,0,1,32921.82200000001,52,14950171,48.8389898,2.3892225,4,2.3892225,48.8389898,traffic_signals,,19600.0,POINT (2.3892225 48.8389898)
208,3,6,0,1,32921.82200000001,52,4170526437,48.8395963,2.3954405,3,2.3954405,48.8395963,,,9700.0,POINT (2.3954405 48.8395963)
209,3,6,0,1,32921.82200000001,52,84762481,48.8300325,2.3866791,3,2.3866791,48.8300325,,,7600.0,POINT (2.3866791 48.8300325)
210,3,6,0,1,32921.82200000001,52,164431842,48.8273526,2.3902351,3,2.3902351,48.8273526,,,4800.0,POINT (2.3902351 48.8273526)
211,3,6,1,0,24740.017000000003,53,6554662989,48.8535488,2.369066,3,2.369066,48.8535488,,,23400.0,POINT (2.369066 48.8535488)
212,3,6,1,0,24740.017000000003,53,368001,48.8419094,2.367868,3,2.367868,48.8419094,traffic_signals,,14400.0,POINT (2.367868 48.8419094)
213,3,6,1,0,24740.017000000003,53,1714196619,48.8455767,2.3712139,1,2.3712139,48.8455767,,,2100.0,POINT (2.3712139 48.8455767)
214,3,6,1,0,24740.017000000003,53,5059182789,48.846796,2.3653419,3,2.3653419,48.846796,,,7700.0,POINT (2.3653419 48.846796)
215,3,6,1,1,11774.339,54,390044,48.8482871,2.3950103,3,2.3950103,48.8482871,,,12800.0,POINT (2.3950103 48.8482871)
216,3,6,1,1,11774.339,54,123500829,48.8503634,2.3989419,3,2.3989419,48.8503634,,,6400.0,POINT (2.3989419 48.8503634)
217,3,6,1,1,11774.339,54,490904165,48.8415349,2.3873777,3,2.3873777,48.8415349,,,9800.0,POINT (2.3873777 48.8415349)
218,3,6,1,1,11774.339,54,1299921050,48.8529627,2.3969494,3,2.3969494,48.8529627,,,5400.0,POINT (2.3969494 48.8529627)
219,3,7,None,None,53656.52999999999,55,243894710,48.8349789,2.4197796,3,2.4197796,48.8349789,,,14000.0,POINT (2.4197796 48.8349789)
220,3,7,None,None,53656.52999999999,55,243896557,48.8463317,2.4197795,3,2.4197795,48.8463317,,,4500.0,POINT (2.4197795 48.8463317)
221,3,7,None,None,53656.52999999999,55,5356986981,48.8294241,2.4037721,3,2.4037721,48.8294241,,,4800.0,POINT (2.4037721 48.8294241)
222,3,7,None,None,53656.52999999999,55,1659448493,48.8469141,2.4113897,4,2.4113897,48.8469141,,,10800.0,POINT (2.4113897 48.8469141)
223,3,8,None,None,38550.84,56,3121908785,48.8419497,2.4493012,3,2.4493012,48.8419497,,,14400.0,POINT (2.4493012 48.8419497)
224,3,8,None,None,38550.84,56,602264787,48.8496104,2.4562257,3,2.4562257,48.8496104,traffic_signals,,2100.0,POINT (2.4562257 48.8496104)
225,3,8,None,None,38550.84,56,1425039783,48.8361333,2.4751573,3,2.4751573,48.8361333,,,9900.0,POINT (2.4751573 48.8361333)
226,3,8,None,None,38550.84,56,335438576,48.8272839,2.4645183,3,2.4645183,48.8272839,traffic_signals,,5400.0,POINT (2.4645183 48.8272839)
227,3,9,None,None,54351.64300000001,57,25249411,48.8298933,2.497327,3,2.497327,48.8298933,motorway_junction,5,18000.0,POINT (2.497327 48.8298933)
228,3,9,None,None,54351.64300000001,57,1227177062,48.829362,2.4932953,3,2.4932953,48.829362,,,6300.0,POINT (2.4932953 48.829362)
229,3,9,None,None,54351.64300000001,57,345503161,48.8355747,2.4941166,3,2.4941166,48.8355747,,,2300.0,POINT (2.4941166 48.8355747)
230,3,9,None,None,54351.64300000001,57,826500314,48.8271995,2.5072473,3,2.5072473,48.8271995,,,12000.0,POINT (2.5072473 48.8271995)
231,4,0,None,None,33104.041999999994,58,4913123475,48.87003,2.1571775,3,2.1571775,48.87003,,,20000.0,POINT (2.1571775 48.87003)
232,4,0,None,None,33104.041999999994,58,259464073,48.8777134,2.1744059,3,2.1744059,48.8777134,,,5400.0,POINT (2.1744059 48.8777134)
233,4,0,None,None,33104.041999999994,58,14803076,48.8751977,2.1775414,2,2.1775414,48.8751977,,,3500.0,POINT (2.1775414 48.8751977)
234,4,0,None,None,33104.041999999994,58,14803094,48.8747623,2.1675235,4,2.1675235,48.8747623,,,6300.0,POINT (2.1675235 48.8747623)
235,4,1,None,None,25306.354,59,27189483,48.8593753,2.213607,4,2.213607,48.8593753,,,9600.0,POINT (2.213607 48.8593753)
236,4,1,None,None,25306.354,59,2147391113,48.8785939,2.2113578,3,2.2113578,48.8785939,,,7200.0,POINT (2.2113578 48.8785939)
237,4,1,None,None,25306.354,59,272326236,48.8629217,2.1825857,3,2.1825857,48.8629217,,,5600.0,POINT (2.1825857 48.8629217)
238,4,1,None,None,25306.354,59,235089489,48.8613314,2.212795,3,2.212795,48.8613314,,,9100.0,POINT (2.212795 48.8613314)
239,4,2,None,None,47018.30999999999,60,27117303,48.867665,2.2508892,4,2.2508892,48.867665,traffic_signals,,25600.0,POINT (2.2508892 48.867665)
240,4,2,None,None,47018.30999999999,60,26972364,48.8673958,2.2276749,3,2.2276749,48.8673958,,,7200.0,POINT (2.2276749 48.8673958)
241,4,2,None,None,47018.30999999999,60,27196659,48.8761177,2.2464884,6,2.2464884,48.8761177,traffic_signals,,7300.0,POINT (2.2464884 48.8761177)
242,4,2,None,None,47018.30999999999,60,3431104416,48.8777745,2.2159841,4,2.2159841,48.8777745,,,4100.0,POINT (2.2159841 48.8777745)
243,4,3,0,0,20657.153000000002,61,361000,48.8573541,2.2646623,4,2.2646623,48.8573541,traffic_signals,,24200.0,POINT (2.2646623 48.8573541)
244,4,3,0,0,20657.153000000002,61,296970902,48.8613926,2.2672606,3,2.2672606,48.8613926,,,13500.0,POINT (2.2672606 48.8613926)
245,4,3,0,0,20657.153000000002,61,415142020,48.8583621,2.260908,3,2.260908,48.8583621,,,6300.0,POINT (2.260908 48.8583621)
246,4,3,0,0,20657.153000000002,61,296970241,48.8634846,2.2689015,3,2.2689015,48.8634846,,,11700.0,POINT (2.2689015 48.8634846)
247,4,3,0,1,15357.028,62,368305,48.8633926,2.2875005,3,2.2875005,48.8633926,,,14000.0,POINT (2.2875005 48.8633926)
248,4,3,0,1,15357.028,62,661235,48.8544184,2.2886492,4,2.2886492,48.8544184,traffic_signals,,10400.0,POINT (2.2886492 48.8544184)
249,4,3,0,1,15357.028,62,185848442,48.8583628,2.2886989,3,2.2886989,48.8583628,,,5000.0,POINT (2.2886989 48.8583628)
250,4,3,0,1,15357.028,62,34818448,48.8586021,2.2848511,2,2.2848511,48.8586021,,,8400.0,POINT (2.2848511 48.8586021)
251,4,3,1,0,5887.493,63,4317966868,48.8710839,2.2604633,2,2.2604633,48.8710839,,,9000.0,POINT (2.2604633 48.8710839)
252,4,3,1,0,5887.493,63,359077874,48.8736782,2.2548689,3,2.2548689,48.8736782,,,8400.0,POINT (2.2548689 48.8736782)
253,4,3,1,0,5887.493,63,4225762685,48.8683015,2.2527018,2,2.2527018,48.8683015,,,9000.0,POINT (2.2527018 48.8683015)
254,4,3,1,0,5887.493,63,4318030044,48.8765089,2.2564482,3,2.2564482,48.8765089,,,4200.0,POINT (2.2564482 48.8765089)
255,4,3,1,1,51801.44199999999,64,21663255,48.8749379,2.2711087,3,2.2711087,48.8749379,,,20000.0,POINT (2.2711087 48.8749379)
256,4,3,1,1,51801.44199999999,64,315275629,48.879075,2.2805432,3,2.2805432,48.879075,,,7900.0,POINT (2.2805432 48.879075)
257,4,3,1,1,51801.44199999999,64,291587856,48.8746105,2.2783035,3,2.2783035,48.8746105,,,12600.0,POINT (2.2783035 48.8746105)
258,4,3,1,1,51801.44199999999,64,8521961059,48.8772772,2.2786673,2,2.2786673,48.8772772,,,10800.0,POINT (2.2786673 48.8772772)
259,4,4,0,0,27359.411000000004,65,470180,48.8605421,2.2956191,4,2.2956191,48.8605421,,,18100.0,POINT (2.2956191 48.8605421)
260,4,4,0,0,27359.411000000004,65,25624510,48.8599481,2.2907168,3,2.2907168,48.8599481,traffic_signals,,3500.0,POINT (2.2907168 48.8599481)
261,4,4,0,0,27359.411000000004,65,270185394,48.8641699,2.3015246,4,2.3015246,48.8641699,,,9800.0,POINT (2.3015246 48.8641699)
262,4,4,0,0,27359.411000000004,65,205088968,48.8624148,2.3023685,3,2.3023685,48.8624148,,,7200.0,POINT (2.3023685 48.8624148)
263,4,4,0,1,26335.771999999997,66,4616528,48.8626393,2.3190674,4,2.3190674,48.8626393,,,26100.0,POINT (2.3190674 48.8626393)
264,4,4,0,1,26335.771999999997,66,127864092,48.8572593,2.3099287,4,2.3099287,48.8572593,,,13300.0,POINT (2.3099287 48.8572593)
265,4,4,0,1,26335.771999999997,66,470159,48.8560436,2.3259635,3,2.3259635,48.8560436,,,6800.0,POINT (2.3259635 48.8560436)
266,4,4,0,1,26335.771999999997,66,241886261,48.864886,2.3180423,3,2.3180423,48.864886,,,4500.0,POINT (2.3180423 48.864886)
267,4,4,1,0,22458.682000000004,67,1962530964,48.8740386,2.2942389,3,2.2942389,48.8740386,,,32400.0,POINT (2.2942389 48.8740386)
268,4,4,1,0,22458.682000000004,67,5475922892,48.8777835,2.2980862,3,2.2980862,48.8777835,,,17100.0,POINT (2.2980862 48.8777835)
269,4,4,1,0,22458.682000000004,67,495986890,48.8723402,2.2963387,2,2.2963387,48.8723402,traffic_signals,,8400.0,POINT (2.2963387 48.8723402)
270,4,4,1,0,22458.682000000004,67,25624049,48.8672635,2.2954036,2,2.2954036,48.8672635,,,7200.0,POINT (2.2954036 48.8672635)
271,4,4,1,1,18309.592999999997,68,398785,48.874847,2.3198244,4,2.3198244,48.874847,traffic_signals,,31900.0,POINT (2.3198244 48.874847)
272,4,4,1,1,18309.592999999997,68,21379135,48.8708899,2.3248451,3,2.3248451,48.8708899,traffic_signals,,5000.0,POINT (2.3248451 48.8708899)
273,4,4,1,1,18309.592999999997,68,241094539,48.8756376,2.3239041,3,2.3239041,48.8756376,,,9800.0,POINT (2.3239041 48.8756376)
274,4,4,1,1,18309.592999999997,68,27235142,48.8789049,2.3232871,3,2.3232871,48.8789049,traffic_signals,,5600.0,POINT (2.3232871 48.8789049)
275,4,5,None,None,60483.924,69,398776,48.8706136,2.3320706,4,2.3320706,48.8706136,traffic_signals,,26500.0,POINT (2.3320706 48.8706136)
276,4,5,None,None,60483.924,69,470142,48.8561313,2.3404015,3,2.3404015,48.8561313,traffic_signals,,7300.0,POINT (2.3404015 48.8561313)
277,4,5,None,None,60483.924,69,2402569198,48.8653665,2.3556904,4,2.3556904,48.8653665,,,6300.0,POINT (2.3556904 48.8653665)
278,4,5,None,None,60483.924,69,5059182780,48.8584826,2.3424643,3,2.3424643,48.8584826,,,12800.0,POINT (2.3424643 48.8584826)
279,4,6,None,None,28762.896000000004,70,364643208,48.8796866,2.4008505,3,2.4008505,48.8796866,crossing,,12600.0,POINT (2.4008505 48.8796866)
280,4,6,None,None,28762.896000000004,70,123455104,48.8776709,2.3704221,3,2.3704221,48.8776709,,,9900.0,POINT (2.3704221 48.8776709)
281,4,6,None,None,28762.896000000004,70,7112415811,48.8667624,2.3651926,2,2.3651926,48.8667624,crossing,,7200.0,POINT (2.3651926 48.8667624)
282,4,6,None,None,28762.896000000004,70,258676368,48.8609703,2.3882022,3,2.3882022,48.8609703,,,5400.0,POINT (2.3882022 48.8609703)
283,4,7,None,None,70307.66599999998,71,84821159,48.8693585,2.4297197,3,2.4297197,48.8693585,motorway_junction,1,18000.0,POINT (2.4297197 48.8693585)
284,4,7,None,None,70307.66599999998,71,288918285,48.8639669,2.436272,3,2.436272,48.8639669,,,4200.0,POINT (2.436272 48.8639669)
285,4,7,None,None,70307.66599999998,71,418395556,48.8769919,2.4064744,4,2.4064744,48.8769919,traffic_signals,,5600.0,POINT (2.4064744 48.8769919)
286,4,7,None,None,70307.66599999998,71,21112878,48.8647324,2.4101227,3,2.4101227,48.8647324,,,4300.0,POINT (2.4101227 48.8647324)
287,4,8,None,None,42600.508000000016,72,318399738,48.877431,2.4444084,3,2.4444084,48.877431,motorway_junction,3,18000.0,POINT (2.4444084 48.877431)
288,4,8,None,None,42600.508000000016,72,567824939,48.8629609,2.466146,4,2.466146,48.8629609,,,5600.0,POINT (2.466146 48.8629609)
289,4,8,None,None,42600.508000000016,72,247174144,48.8737623,2.4403507,1,2.4403507,48.8737623,,,2800.0,POINT (2.4403507 48.8737623)
290,4,8,None,None,42600.508000000016,72,252319534,48.8745442,2.4477084,3,2.4477084,48.8745442,,,5600.0,POINT (2.4477084 48.8745442)
291,4,9,None,None,35673.77999999999,73,4629693,48.8711887,2.4821772,3,2.4821772,48.8711887,motorway_junction,17.1,16000.0,POINT (2.4821772 48.8711887)
292,4,9,None,None,35673.77999999999,73,2527429428,48.8713865,2.4863043,3,2.4863043,48.8713865,,,8200.0,POINT (2.4863043 48.8713865)
293,4,9,None,None,35673.77999999999,73,7710733455,48.8611987,2.5088737,3,2.5088737,48.8611987,,,4200.0,POINT (2.5088737 48.8611987)
294,4,9,None,None,35673.77999999999,73,250721435,48.8773501,2.4769507,4,2.4769507,48.8773501,traffic_signals,,9400.0,POINT (2.4769507 48.8773501)
295,5,0,None,None,23715.586000000014,74,317354471,48.8853068,2.1653816,3,2.1653816,48.8853068,motorway_junction,35,20000.0,POINT (2.1653816 48.8853068)
296,5,0,None,None,23715.586000000014,74,320740537,48.8885366,2.1590884,3,2.1590884,48.8885366,,,4500.0,POINT (2.1590884 48.8885366)
297,5,0,None,None,23715.586000000014,74,417097836,48.891103,2.1506235,3,2.1506235,48.891103,,,4500.0,POINT (2.1506235 48.891103)
298,5,0,None,None,23715.586000000014,74,87333204,48.8898452,2.1563145,3,2.1563145,48.8898452,crossing,,7200.0,POINT (2.1563145 48.8898452)
299,5,1,None,None,64038.09800000001,75,7533449000,48.8882554,2.1940856,3,2.1940856,48.8882554,,,18000.0,POINT (2.1940856 48.8882554)
300,5,1,None,None,64038.09800000001,75,137518167,48.9035669,2.2062942,3,2.2062942,48.9035669,,,14000.0,POINT (2.2062942 48.9035669)
301,5,1,None,None,64038.09800000001,75,3159886123,48.9006982,2.2007057,3,2.2007057,48.9006982,,,6800.0,POINT (2.2007057 48.9006982)
302,5,1,None,None,64038.09800000001,75,244213116,48.8810704,2.1844282,4,2.1844282,48.8810704,,,7100.0,POINT (2.1844282 48.8810704)
303,5,2,None,None,53921.65599999998,76,596743659,48.8954643,2.2262506,3,2.2262506,48.8954643,motorway_junction,4,14000.0,POINT (2.2262506 48.8954643)
304,5,2,None,None,53921.65599999998,76,281852541,48.8868784,2.2453144,3,2.2453144,48.8868784,,,4200.0,POINT (2.2453144 48.8868784)
305,5,2,None,None,53921.65599999998,76,27222802,48.8846637,2.2265237,3,2.2265237,48.8846637,,,4900.0,POINT (2.2265237 48.8846637)
306,5,2,None,None,53921.65599999998,76,180880484,48.8957856,2.2154949,3,2.2154949,48.8957856,,,5600.0,POINT (2.2154949 48.8957856)
307,5,3,0,0,20938.579999999994,77,526995236,48.8873511,2.2526907,3,2.2526907,48.8873511,,,11500.0,POINT (2.2526907 48.8873511)
308,5,3,0,0,20938.579999999994,77,84888176,48.8900024,2.2561174,3,2.2561174,48.8900024,,,5000.0,POINT (2.2561174 48.8900024)
309,5,3,0,0,20938.579999999994,77,582668674,48.8922902,2.253795,3,2.253795,48.8922902,,,4200.0,POINT (2.253795 48.8922902)
310,5,3,0,0,20938.579999999994,77,268397931,48.8916343,2.2638745,3,2.2638745,48.8916343,,,7200.0,POINT (2.2638745 48.8916343)
311,5,3,0,1,17403.240999999998,78,27286561,48.8859963,2.2890999,3,2.2890999,48.8859963,,,24000.0,POINT (2.2890999 48.8859963)
312,5,3,0,1,17403.240999999998,78,255028808,48.8841515,2.2855554,3,2.2855554,48.8841515,motorway_junction,,12000.0,POINT (2.2855554 48.8841515)
313,5,3,0,1,17403.240999999998,78,568753369,48.8818415,2.2824284,3,2.2824284,48.8818415,,,3600.0,POINT (2.2824284 48.8818415)
314,5,3,0,1,17403.240999999998,78,367905,48.8801036,2.2879169,4,2.2879169,48.8801036,,,19600.0,POINT (2.2879169 48.8801036)
315,5,3,1,0,21419.373,79,582138535,48.8962872,2.2565438,4,2.2565438,48.8962872,,,9800.0,POINT (2.2565438 48.8962872)
316,5,3,1,0,21419.373,79,417190929,48.8972459,2.2638749,3,2.2638749,48.8972459,,,4900.0,POINT (2.2638749 48.8972459)
317,5,3,1,0,21419.373,79,21292483,48.9034507,2.2681379,3,2.2681379,48.9034507,,,4200.0,POINT (2.2681379 48.9034507)
318,5,3,1,0,21419.373,79,417186954,48.8977532,2.2672014,3,2.2672014,48.8977532,,,5400.0,POINT (2.2672014 48.8977532)
319,5,3,1,1,13025.063999999998,80,21292475,48.8991411,2.2785947,5,2.2785947,48.8991411,traffic_signals,,9800.0,POINT (2.2785947 48.8991411)
320,5,3,1,1,13025.063999999998,80,487409860,48.8965922,2.2728029,3,2.2728029,48.8965922,,,5000.0,POINT (2.2728029 48.8965922)
321,5,3,1,1,13025.063999999998,80,580101583,48.9025653,2.2745762,3,2.2745762,48.9025653,,,5600.0,POINT (2.2745762 48.9025653)
322,5,3,1,1,13025.063999999998,80,8447141428,48.9021391,2.2870955,3,2.2870955,48.9021391,,,5400.0,POINT (2.2870955 48.9021391)
323,5,4,0,0,17849.461999999996,81,190949402,48.8922821,2.3009883,5,2.3009883,48.8922821,traffic_signals,,29000.0,POINT (2.3009883 48.8922821)
324,5,4,0,0,17849.461999999996,81,25075894,48.8883881,2.2923418,3,2.2923418,48.8883881,motorway_junction,,13200.0,POINT (2.2923418 48.8883881)
325,5,4,0,0,17849.461999999996,81,209165758,48.8899324,2.2975301,3,2.2975301,48.8899324,,,12000.0,POINT (2.2975301 48.8899324)
326,5,4,0,0,17849.461999999996,81,367906,48.8848378,2.2966493,3,2.2966493,48.8848378,,,6300.0,POINT (2.2966493 48.8848378)
327,5,4,0,1,13353.278999999995,82,277518683,48.8808474,2.3125429,4,2.3125429,48.8808474,traffic_signals,,20000.0,POINT (2.3125429 48.8808474)
328,5,4,0,1,13353.278999999995,82,27234846,48.8813903,2.316377,4,2.316377,48.8813903,traffic_signals,,8700.0,POINT (2.316377 48.8813903)
329,5,4,0,1,13353.278999999995,82,367915,48.8873505,2.3141215,3,2.3141215,48.8873505,traffic_signals,,8400.0,POINT (2.3141215 48.8873505)
330,5,4,0,1,13353.278999999995,82,5113660813,48.8924454,2.308697,3,2.308697,48.8924454,,,3600.0,POINT (2.308697 48.8924454)
331,5,4,1,0,11401.326000000001,83,190949412,48.8935491,2.3037603,3,2.3037603,48.8935491,motorway_junction,,12000.0,POINT (2.3037603 48.8935491)
332,5,4,1,0,11401.326000000001,83,8447141456,48.9035003,2.2897335,3,2.2897335,48.9035003,,,5400.0,POINT (2.2897335 48.9035003)
333,5,4,1,0,11401.326000000001,83,25075871,48.895412,2.3073475,3,2.3073475,48.895412,motorway_junction,,11400.0,POINT (2.3073475 48.895412)
334,5,4,1,0,11401.326000000001,83,268126769,48.8935316,2.2994263,2,2.2994263,48.8935316,traffic_signals,,9800.0,POINT (2.2994263 48.8935316)
335,5,4,1,1,21203.911000000004,84,25055851,48.8979066,2.3134259,3,2.3134259,48.8979066,motorway_junction,,13200.0,POINT (2.3134259 48.8979066)
336,5,4,1,1,21203.911000000004,84,249533131,48.900625,2.3164845,3,2.3164845,48.900625,,,4200.0,POINT (2.3164845 48.900625)
337,5,4,1,1,21203.911000000004,84,4692446097,48.8962689,2.3100165,4,2.3100165,48.8962689,,,7200.0,POINT (2.3100165 48.8962689)
338,5,4,1,1,21203.911000000004,84,249533006,48.903013,2.3131701,3,2.3131701,48.903013,,,5600.0,POINT (2.3131701 48.903013)
339,5,5,None,None,69585.68100000007,85,54775311,48.8915753,2.3496042,4,2.3496042,48.8915753,traffic_signals,,22800.0,POINT (2.3496042 48.8915753)
340,5,5,None,None,69585.68100000007,85,135577917,48.89941,2.3593744,3,2.3593744,48.89941,,,9000.0,POINT (2.3593744 48.89941)
341,5,5,None,None,69585.68100000007,85,5240597744,48.8966122,2.3592362,3,2.3592362,48.8966122,,,16200.0,POINT (2.3592362 48.8966122)
342,5,5,None,None,69585.68100000007,85,320153314,48.9007332,2.3440401,4,2.3440401,48.9007332,,,7800.0,POINT (2.3440401 48.9007332)
343,5,6,0,0,15557.027000000002,86,1757697276,48.8816108,2.3657877,4,2.3657877,48.8816108,traffic_signals,,21000.0,POINT (2.3657877 48.8816108)
344,5,6,0,0,15557.027000000002,86,1282134308,48.8829836,2.3699051,3,2.3699051,48.8829836,,,5400.0,POINT (2.3699051 48.8829836)
345,5,6,0,0,15557.027000000002,86,235087728,48.885175,2.3793631,2,2.3793631,48.885175,traffic_signals,,5400.0,POINT (2.3793631 48.885175)
346,5,6,0,0,15557.027000000002,86,25095582,48.8907149,2.3766683,3,2.3766683,48.8907149,,,4100.0,POINT (2.3766683 48.8907149)
347,5,6,0,1,16055.633000000002,87,249690956,48.8904257,2.3987268,4,2.3987268,48.8904257,traffic_signals,,19800.0,POINT (2.3987268 48.8904257)
348,5,6,0,1,16055.633000000002,87,206095619,48.8824515,2.4009477,3,2.4009477,48.8824515,motorway_junction,,12000.0,POINT (2.4009477 48.8824515)
349,5,6,0,1,16055.633000000002,87,442375,48.8866014,2.3963063,3,2.3963063,48.8866014,,,6300.0,POINT (2.3963063 48.8866014)
350,5,6,0,1,16055.633000000002,87,2825143231,48.8895033,2.3954477,3,2.3954477,48.8895033,,,5400.0,POINT (2.3954477 48.8895033)
351,5,6,1,0,15046.460999999998,88,25245242,48.9009,2.36454,3,2.36454,48.9009,motorway_junction,,15600.0,POINT (2.36454 48.9009)
352,5,6,1,0,15046.460999999998,88,2721077026,48.8977371,2.3705461,3,2.3705461,48.8977371,,,6300.0,POINT (2.3705461 48.8977371)
353,5,6,1,0,15046.460999999998,88,367950,48.8947381,2.3822734,3,2.3822734,48.8947381,,,8100.0,POINT (2.3822734 48.8947381)
354,5,6,1,0,15046.460999999998,88,209142453,48.9003936,2.3714784,3,2.3714784,48.9003936,,,8400.0,POINT (2.3714784 48.9003936)
355,5,6,1,1,29438.796000000002,89,17348292,48.8976232,2.3857394,4,2.3857394,48.8976232,traffic_signals,,20700.0,POINT (2.3857394 48.8976232)
356,5,6,1,1,29438.796000000002,89,988600455,48.9015807,2.3898884,3,2.3898884,48.9015807,,,6300.0,POINT (2.3898884 48.9015807)
357,5,6,1,1,29438.796000000002,89,799652648,48.8978968,2.3988794,3,2.3988794,48.8978968,,,6300.0,POINT (2.3988794 48.8978968)
358,5,6,1,1,29438.796000000002,89,255390542,48.9009929,2.386472,3,2.386472,48.9009929,,,5600.0,POINT (2.386472 48.9009929)
359,5,7,None,None,33880.365000000005,90,206095528,48.8808733,2.4040752,3,2.4040752,48.8808733,motorway_junction,,13200.0,POINT (2.4040752 48.8808733)
360,5,7,None,None,33880.365000000005,90,1763425055,48.89541,2.425886,3,2.425886,48.89541,,,5400.0,POINT (2.425886 48.89541)
361,5,7,None,None,33880.365000000005,90,330862432,48.8982495,2.4067385,3,2.4067385,48.8982495,,,5600.0,POINT (2.4067385 48.8982495)
362,5,7,None,None,33880.365000000005,90,248584151,48.894841,2.4217414,3,2.4217414,48.894841,,,4500.0,POINT (2.4217414 48.894841)
363,5,8,None,None,69943.54300000003,91,132275950,48.8893295,2.4736206,3,2.4736206,48.8893295,motorway_junction,,22000.0,POINT (2.4736206 48.8893295)
364,5,8,None,None,69943.54300000003,91,248584507,48.9005085,2.4414775,3,2.4414775,48.9005085,,,5400.0,POINT (2.4414775 48.9005085)
365,5,8,None,None,69943.54300000003,91,3471334863,48.9028245,2.4707822,3,2.4707822,48.9028245,,,16000.0,POINT (2.4707822 48.9028245)
366,5,8,None,None,69943.54300000003,91,321319371,48.905526,2.4701495,4,2.4701495,48.905526,traffic_signals,,7400.0,POINT (2.4701495 48.905526)
367,5,9,None,None,25069.166000000005,92,760353739,48.8817447,2.4761269,3,2.4761269,48.8817447,,,12000.0,POINT (2.4761269 48.8817447)
368,5,9,None,None,25069.166000000005,92,260015609,48.8862566,2.4775048,1,2.4775048,48.8862566,,,2000.0,POINT (2.4775048 48.8862566)
369,5,9,None,None,25069.166000000005,92,243070840,48.8831067,2.4966855,3,2.4966855,48.8831067,,,5400.0,POINT (2.4966855 48.8831067)
370,5,9,None,None,25069.166000000005,92,2328131595,48.8891595,2.5111956,3,2.5111956,48.8891595,,,3500.0,POINT (2.5111956 48.8891595)
371,6,0,None,None,29461.671,93,644179,48.9130298,2.1659382,3,2.1659382,48.9130298,,,18000.0,POINT (2.1659382 48.9130298)
372,6,0,None,None,29461.671,93,321414767,48.9282052,2.1416724,2,2.1416724,48.9282052,,,3600.0,POINT (2.1416724 48.9282052)
373,6,0,None,None,29461.671,93,315644959,48.9094152,2.1605647,3,2.1605647,48.9094152,,,5400.0,POINT (2.1605647 48.9094152)
374,6,0,None,None,29461.671,93,6553465823,48.9158435,2.1525645,3,2.1525645,48.9158435,,,4500.0,POINT (2.1525645 48.9158435)
375,6,1,None,None,18220.790999999997,94,683398692,48.9091509,2.2147636,3,2.2147636,48.9091509,,,14000.0,POINT (2.2147636 48.9091509)
376,6,1,None,None,18220.790999999997,94,352931742,48.9068208,2.2119927,4,2.2119927,48.9068208,,,8700.0,POINT (2.2119927 48.9068208)
377,6,1,None,None,18220.790999999997,94,264136806,48.9234939,2.2073799,3,2.2073799,48.9234939,traffic_signals,,7200.0,POINT (2.2073799 48.9234939)
378,6,1,None,None,18220.790999999997,94,683831522,48.9304945,2.1853404,3,2.1853404,48.9304945,traffic_signals,,7200.0,POINT (2.1853404 48.9304945)
379,6,2,None,None,46965.57400000001,95,330778255,48.9182089,2.2230702,3,2.2230702,48.9182089,motorway_junction,2b,18000.0,POINT (2.2230702 48.9182089)
380,6,2,None,None,46965.57400000001,95,317841001,48.9224619,2.2176317,3,2.2176317,48.9224619,,,6300.0,POINT (2.2176317 48.9224619)
381,6,2,None,None,46965.57400000001,95,7134728849,48.9312726,2.2446814,1,2.2446814,48.9312726,,,2000.0,POINT (2.2446814 48.9312726)
382,6,2,None,None,46965.57400000001,95,1345764541,48.9071321,2.2402279,3,2.2402279,48.9071321,,,4900.0,POINT (2.2402279 48.9071321)
383,6,3,None,None,33153.61700000001,96,206238825,48.9096,2.2863756,4,2.2863756,48.9096,,,11200.0,POINT (2.2863756 48.9096)
384,6,3,None,None,33153.61700000001,96,1279198390,48.921233,2.2526475,3,2.2526475,48.921233,,,5600.0,POINT (2.2526475 48.921233)
385,6,3,None,None,33153.61700000001,96,1616103983,48.9311578,2.2870653,2,2.2870653,48.9311578,,,5600.0,POINT (2.2870653 48.9311578)
386,6,3,None,None,33153.61700000001,96,7816894181,48.9188182,2.281442,4,2.281442,48.9188182,,,4200.0,POINT (2.281442 48.9188182)
387,6,4,0,0,29692.218,97,358319101,48.910501,2.2991018,3,2.2991018,48.910501,,,12100.0,POINT (2.2991018 48.910501)
388,6,4,0,0,29692.218,97,1321542057,48.9131165,2.2956679,3,2.2956679,48.9131165,,,5600.0,POINT (2.2956679 48.9131165)
389,6,4,0,0,29692.218,97,358321119,48.9094106,2.2938872,3,2.2938872,48.9094106,,,4300.0,POINT (2.2938872 48.9094106)
390,6,4,0,0,29692.218,97,7883991480,48.9087436,2.2999261,3,2.2999261,48.9087436,,,4500.0,POINT (2.2999261 48.9087436)
391,6,4,0,1,16178.101999999999,98,267352630,48.9150127,2.3203083,3,2.3203083,48.9150127,,,10800.0,POINT (2.3203083 48.9150127)
392,6,4,0,1,16178.101999999999,98,249528085,48.9149292,2.3097255,5,2.3097255,48.9149292,,,8700.0,POINT (2.3097255 48.9149292)
393,6,4,0,1,16178.101999999999,98,302312109,48.9107739,2.3125359,3,2.3125359,48.9107739,,,4200.0,POINT (2.3125359 48.9107739)
394,6,4,0,1,16178.101999999999,98,249528126,48.91672,2.3082708,3,2.3082708,48.91672,,,3600.0,POINT (2.3082708 48.91672)
395,6,4,1,0,12113.689999999999,99,282189336,48.9267576,2.2946527,5,2.2946527,48.9267576,,,11200.0,POINT (2.2946527 48.9267576)
396,6,4,1,0,12113.689999999999,99,303554884,48.9306903,2.301807,4,2.301807,48.9306903,,,7300.0,POINT (2.301807 48.9306903)
397,6,4,1,0,12113.689999999999,99,412946771,48.9314619,2.305879,3,2.305879,48.9314619,,,5600.0,POINT (2.305879 48.9314619)
398,6,4,1,0,12113.689999999999,99,412946783,48.9330885,2.3044397,4,2.3044397,48.9330885,,,5600.0,POINT (2.3044397 48.9330885)
399,6,4,1,1,13621.975999999999,100,106013218,48.9313266,2.3232185,3,2.3232185,48.9313266,motorway_junction,6,14000.0,POINT (2.3232185 48.9313266)
400,6,4,1,1,13621.975999999999,100,672726200,48.9276283,2.3263276,4,2.3263276,48.9276283,,,8400.0,POINT (2.3263276 48.9276283)
401,6,4,1,1,13621.975999999999,100,2754309646,48.9296991,2.3263736,1,2.3263736,48.9296991,,,1400.0,POINT (2.3263736 48.9296991)
402,6,4,1,1,13621.975999999999,100,1457964224,48.9222566,2.3266582,3,2.3266582,48.9222566,,,5400.0,POINT (2.3266582 48.9222566)
403,6,5,0,0,18662.797000000002,101,764412231,48.9198378,2.3314189,4,2.3314189,48.9198378,,,12600.0,POINT (2.3314189 48.9198378)
404,6,5,0,0,18662.797000000002,101,267353811,48.9192878,2.3342932,2,2.3342932,48.9192878,,,4200.0,POINT (2.3342932 48.9192878)
405,6,5,0,0,18662.797000000002,101,267374806,48.9144252,2.3321678,3,2.3321678,48.9144252,,,5600.0,POINT (2.3321678 48.9144252)
406,6,5,0,0,18662.797000000002,101,1727944138,48.9117682,2.3336462,4,2.3336462,48.9117682,,,7100.0,POINT (2.3336462 48.9117682)
407,6,5,0,1,9043.880000000001,102,288841451,48.9181638,2.3578446,4,2.3578446,48.9181638,,,14800.0,POINT (2.3578446 48.9181638)
408,6,5,0,1,9043.880000000001,102,1222301278,48.9146685,2.34839,2,2.34839,48.9146685,,,5600.0,POINT (2.34839 48.9146685)
409,6,5,0,1,9043.880000000001,102,135625578,48.9154925,2.3575527,4,2.3575527,48.9154925,traffic_signals,,6400.0,POINT (2.3575527 48.9154925)
410,6,5,0,1,9043.880000000001,102,316815965,48.9194043,2.3610965,3,2.3610965,48.9194043,,,8400.0,POINT (2.3610965 48.9194043)
411,6,5,1,0,22143.861000000004,103,198343161,48.9253173,2.3394553,3,2.3394553,48.9253173,motorway_junction,8a,22000.0,POINT (2.3394553 48.9253173)
412,6,5,1,0,22143.861000000004,103,136718375,48.9270884,2.3315895,3,2.3315895,48.9270884,,,7600.0,POINT (2.3315895 48.9270884)
413,6,5,1,0,22143.861000000004,103,1749012267,48.9289513,2.3328639,1,2.3328639,48.9289513,,,1800.0,POINT (2.3328639 48.9289513)
414,6,5,1,0,22143.861000000004,103,2982369263,48.9296179,2.3406577,3,2.3406577,48.9296179,,,2700.0,POINT (2.3406577 48.9296179)
415,6,5,1,1,36420.93800000001,104,7124488019,48.9294061,2.3620517,3,2.3620517,48.9294061,,,22000.0,POINT (2.3620517 48.9294061)
416,6,5,1,1,36420.93800000001,104,288858622,48.9258184,2.3566083,4,2.3566083,48.9258184,,,8100.0,POINT (2.3566083 48.9258184)
417,6,5,1,1,36420.93800000001,104,100336185,48.9282291,2.3536515,3,2.3536515,48.9282291,,,7200.0,POINT (2.3536515 48.9282291)
418,6,5,1,1,36420.93800000001,104,288843897,48.9255421,2.3507019,4,2.3507019,48.9255421,traffic_signals,,10800.0,POINT (2.3507019 48.9255421)
419,6,6,None,None,68063.34000000003,105,1102577969,48.9303716,2.3658604,3,2.3658604,48.9303716,motorway_junction,3,22000.0,POINT (2.3658604 48.9303716)
420,6,6,None,None,68063.34000000003,105,256242460,48.9181675,2.3939088,2,2.3939088,48.9181675,,,5600.0,POINT (2.3939088 48.9181675)
421,6,6,None,None,68063.34000000003,105,255390575,48.9086065,2.3779927,3,2.3779927,48.9086065,,,10000.0,POINT (2.3779927 48.9086065)
422,6,6,None,None,68063.34000000003,105,87580401,48.9247837,2.4001842,3,2.4001842,48.9247837,,,5400.0,POINT (2.4001842 48.9247837)
423,6,7,None,None,54181.31399999999,106,15088601,48.9283789,2.4128907,3,2.4128907,48.9283789,,,16000.0,POINT (2.4128907 48.9283789)
424,6,7,None,None,54181.31399999999,106,2676877721,48.9135336,2.402785,3,2.402785,48.9135336,,,10800.0,POINT (2.402785 48.9135336)
425,6,7,None,None,54181.31399999999,106,5416552175,48.9075853,2.423461,2,2.423461,48.9075853,,,5600.0,POINT (2.423461 48.9075853)
426,6,7,None,None,54181.31399999999,106,5157422002,48.9126406,2.4360454,3,2.4360454,48.9126406,,,5400.0,POINT (2.4360454 48.9126406)
427,6,8,None,None,31690.335,107,254435380,48.9198444,2.4514047,4,2.4514047,48.9198444,traffic_signals,,21600.0,POINT (2.4514047 48.9198444)
428,6,8,None,None,31690.335,107,254440891,48.9220893,2.4413755,3,2.4413755,48.9220893,,,8400.0,POINT (2.4413755 48.9220893)
429,6,8,None,None,31690.335,107,2503515860,48.9218974,2.4482715,3,2.4482715,48.9218974,crossing,,5400.0,POINT (2.4482715 48.9218974)
430,6,8,None,None,31690.335,107,331423929,48.908333,2.4734974,3,2.4734974,48.908333,,,14000.0,POINT (2.4734974 48.908333)
431,6,9,None,None,21751.575999999994,108,331668606,48.9163396,2.4778856,3,2.4778856,48.9163396,,,18000.0,POINT (2.4778856 48.9163396)
432,6,9,None,None,21751.575999999994,108,122946,48.926226,2.4812559,3,2.4812559,48.926226,,,14000.0,POINT (2.4812559 48.926226)
433,6,9,None,None,21751.575999999994,108,332134393,48.9296339,2.4819391,3,2.4819391,48.9296339,traffic_signals,,5400.0,POINT (2.4819391 48.9296339)
434,6,9,None,None,21751.575999999994,108,365021950,48.9181236,2.4771233,1,2.4771233,48.9181236,,,4000.0,POINT (2.4771233 48.9181236)
435,7,0,None,None,18088.360999999994,109,3787608503,48.9402833,2.166997,5,2.166997,48.9402833,,,9200.0,POINT (2.166997 48.9402833)
436,7,0,None,None,18088.360999999994,109,244294329,48.9458184,2.1566428,3,2.1566428,48.9458184,,,5400.0,POINT (2.1566428 48.9458184)
437,7,0,None,None,18088.360999999994,109,4672419098,48.9422611,2.162876,3,2.162876,48.9422611,,,5400.0,POINT (2.162876 48.9422611)
438,7,0,None,None,18088.360999999994,109,244297661,48.9476461,2.147837,3,2.147837,48.9476461,,,5400.0,POINT (2.147837 48.9476461)
439,7,1,None,None,26068.539999999997,110,1992999350,48.9447822,2.1838422,4,2.1838422,48.9447822,,,9800.0,POINT (2.1838422 48.9447822)
440,7,1,None,None,26068.539999999997,110,6443000253,48.9591936,2.189156,3,2.189156,48.9591936,,,5600.0,POINT (2.189156 48.9591936)
441,7,1,None,None,26068.539999999997,110,88967856,48.9592783,2.2036752,3,2.2036752,48.9592783,,,5400.0,POINT (2.2036752 48.9592783)
442,7,1,None,None,26068.539999999997,110,266713727,48.9494418,2.2031677,3,2.2031677,48.9494418,,,5600.0,POINT (2.2031677 48.9494418)
443,7,2,None,None,28197.265000000007,111,90627335,48.9427244,2.2430765,4,2.2430765,48.9427244,traffic_signals,,12600.0,POINT (2.2430765 48.9427244)
444,7,2,None,None,28197.265000000007,111,90652933,48.9369078,2.2455659,5,2.2455659,48.9369078,,,10000.0,POINT (2.2455659 48.9369078)
445,7,2,None,None,28197.265000000007,111,346794210,48.9509913,2.2214338,2,2.2214338,48.9509913,,,5600.0,POINT (2.2214338 48.9509913)
446,7,2,None,None,28197.265000000007,111,339305851,48.9506191,2.2301245,2,2.2301245,48.9506191,,,5600.0,POINT (2.2301245 48.9506191)
447,7,3,None,None,59794.18499999999,112,297110406,48.9591906,2.2728689,3,2.2728689,48.9591906,motorway_junction,2,21800.0,POINT (2.2728689 48.9591906)
448,7,3,None,None,59794.18499999999,112,1437660114,48.9357074,2.2644457,3,2.2644457,48.9357074,,,6000.0,POINT (2.2644457 48.9357074)
449,7,3,None,None,59794.18499999999,112,90642439,48.9432042,2.2556591,3,2.2556591,48.9432042,,,3900.0,POINT (2.2556591 48.9432042)
450,7,3,None,None,59794.18499999999,112,248973795,48.9418505,2.2526096,3,2.2526096,48.9418505,,,4200.0,POINT (2.2526096 48.9418505)
451,7,4,None,None,58540.01899999999,113,672737083,48.9369535,2.3175754,3,2.3175754,48.9369535,motorway_junction,6,20000.0,POINT (2.3175754 48.9369535)
452,7,4,None,None,58540.01899999999,113,3655699884,48.9505055,2.306712,3,2.306712,48.9505055,,,5400.0,POINT (2.306712 48.9505055)
453,7,4,None,None,58540.01899999999,113,251381850,48.9393273,2.3042314,3,2.3042314,48.9393273,,,5400.0,POINT (2.3042314 48.9393273)
454,7,4,None,None,58540.01899999999,113,417056180,48.9547583,2.3078573,4,2.3078573,48.9547583,,,7200.0,POINT (2.3078573 48.9547583)
455,7,5,None,None,43295.234,114,79646681,48.9437774,2.3623986,3,2.3623986,48.9437774,,,10800.0,POINT (2.3623986 48.9437774)
456,7,5,None,None,43295.234,114,5888909702,48.9359738,2.3427262,3,2.3427262,48.9359738,,,4500.0,POINT (2.3427262 48.9359738)
457,7,5,None,None,43295.234,114,428093172,48.9462205,2.3471936,3,2.3471936,48.9462205,,,9000.0,POINT (2.3471936 48.9462205)
458,7,5,None,None,43295.234,114,1438463186,48.944289,2.3570878,3,2.3570878,48.944289,,,7200.0,POINT (2.3570878 48.944289)
459,7,6,None,None,33124.56400000001,115,25282273,48.9332332,2.3764921,3,2.3764921,48.9332332,motorway_junction,3,20000.0,POINT (2.3764921 48.9332332)
460,7,6,None,None,33124.56400000001,115,3409975679,48.939308,2.3690981,4,2.3690981,48.939308,,,6400.0,POINT (2.3690981 48.939308)
461,7,6,None,None,33124.56400000001,115,1784413333,48.9358784,2.3677717,3,2.3677717,48.9358784,,,3500.0,POINT (2.3677717 48.9358784)
462,7,6,None,None,33124.56400000001,115,641134253,48.933352,2.3715,3,2.3715,48.933352,,,6300.0,POINT (2.3715 48.933352)
463,7,7,None,None,48660.213999999985,116,25282171,48.9434627,2.4357032,3,2.4357032,48.9434627,,,20000.0,POINT (2.4357032 48.9434627)
464,7,7,None,None,48660.213999999985,116,300992168,48.9421915,2.4296267,3,2.4296267,48.9421915,,,5400.0,POINT (2.4296267 48.9421915)
465,7,7,None,None,48660.213999999985,116,205088261,48.9409132,2.4221173,4,2.4221173,48.9409132,,,9000.0,POINT (2.4221173 48.9409132)
466,7,7,None,None,48660.213999999985,116,205099685,48.9397272,2.407251,3,2.407251,48.9397272,,,4200.0,POINT (2.407251 48.9397272)
467,7,8,None,None,53251.369999999995,117,1504443732,48.9553563,2.4581064,3,2.4581064,48.9553563,,,22000.0,POINT (2.4581064 48.9553563)
468,7,8,None,None,53251.369999999995,117,84821877,48.9545577,2.473391,3,2.473391,48.9545577,motorway_junction,6b,14000.0,POINT (2.473391 48.9545577)
469,7,8,None,None,53251.369999999995,117,3932121287,48.9504505,2.4757709,3,2.4757709,48.9504505,,,4700.0,POINT (2.4757709 48.9504505)
470,7,8,None,None,53251.369999999995,117,2412160683,48.9382778,2.4606474,3,2.4606474,48.9382778,traffic_signals,,5600.0,POINT (2.4606474 48.9382778)
471,7,9,None,None,32732.67699999999,118,331853726,48.9402194,2.5022312,4,2.5022312,48.9402194,traffic_signals,,16400.0,POINT (2.5022312 48.9402194)
472,7,9,None,None,32732.67699999999,118,303241417,48.9544253,2.5087396,3,2.5087396,48.9544253,,,5400.0,POINT (2.5087396 48.9544253)
473,7,9,None,None,32732.67699999999,118,573739523,48.9508252,2.4866808,3,2.4866808,48.9508252,,,4200.0,POINT (2.4866808 48.9508252)
474,7,9,None,None,32732.67699999999,118,197821161,48.9557922,2.4816951,4,2.4816951,48.9557922,traffic_signals,,8400.0,POINT (2.4816951 48.9557922)
475,8,1,None,None,13193.521999999999,119,3803169830,48.9687672,2.1959696,4,2.1959696,48.9687672,traffic_signals,,12800.0,POINT (2.1959696 48.9687672)
476,8,1,None,None,13193.521999999999,119,1194544875,48.9707369,2.1987187,2,2.1987187,48.9707369,,,5600.0,POINT (2.1987187 48.9707369)
477,8,1,None,None,13193.521999999999,119,94081641,48.9597831,2.2035835,3,2.2035835,48.9597831,,,5400.0,POINT (2.2035835 48.9597831)
478,8,1,None,None,13193.521999999999,119,3223453373,48.9672332,2.2062996,3,2.2062996,48.9672332,,,4200.0,POINT (2.2062996 48.9672332)
479,8,2,None,None,23933.174999999996,120,7438092040,48.9717654,2.2481755,3,2.2481755,48.9717654,milestone,,18000.0,POINT (2.2481755 48.9717654)
480,8,2,None,None,23933.174999999996,120,414623449,48.9821329,2.2462597,3,2.2462597,48.9821329,,,2800.0,POINT (2.2462597 48.9821329)
481,8,2,None,None,23933.174999999996,120,4012483606,48.9794999,2.2372404,3,2.2372404,48.9794999,,,3600.0,POINT (2.2372404 48.9794999)
482,8,2,None,None,23933.174999999996,120,640537372,48.9773842,2.2427148,3,2.2427148,48.9773842,,,2500.0,POINT (2.2427148 48.9773842)
483,8,3,None,None,52268.67299999998,121,417614127,48.9615583,2.2681672,3,2.2681672,48.9615583,,,26000.0,POINT (2.2681672 48.9615583)
484,8,3,None,None,52268.67299999998,121,6370684213,48.9639325,2.2678801,3,2.2678801,48.9639325,,,6000.0,POINT (2.2678801 48.9639325)
485,8,3,None,None,52268.67299999998,121,243693164,48.9596609,2.2580432,3,2.2580432,48.9596609,,,4200.0,POINT (2.2580432 48.9596609)
486,8,3,None,None,52268.67299999998,121,288738401,48.9670904,2.2741114,3,2.2741114,48.9670904,,,5400.0,POINT (2.2741114 48.9670904)
487,8,4,None,None,18632.090000000007,122,213610856,48.9727611,2.3101563,4,2.3101563,48.9727611,,,12800.0,POINT (2.3101563 48.9727611)
488,8,4,None,None,18632.090000000007,122,8697443489,48.9814874,2.3210592,3,2.3210592,48.9814874,,,2100.0,POINT (2.3210592 48.9814874)
489,8,4,None,None,18632.090000000007,122,299478651,48.9860869,2.2965404,3,2.2965404,48.9860869,,,1800.0,POINT (2.2965404 48.9860869)
490,8,4,None,None,18632.090000000007,122,4542409509,48.9689586,2.3049019,3,2.3049019,48.9689586,,,5600.0,POINT (2.3049019 48.9689586)
491,8,5,None,None,21500.442999999996,123,413520108,48.9655976,2.3634104,4,2.3634104,48.9655976,,,7800.0,POINT (2.3634104 48.9655976)
492,8,5,None,None,21500.442999999996,123,417056378,48.9849824,2.3590348,3,2.3590348,48.9849824,,,3500.0,POINT (2.3590348 48.9849824)
493,8,5,None,None,21500.442999999996,123,415923448,48.97536,2.3322039,2,2.3322039,48.97536,,,3500.0,POINT (2.3322039 48.97536)
494,8,5,None,None,21500.442999999996,123,8680992879,48.9693674,2.3408178,2,2.3408178,48.9693674,,,4200.0,POINT (2.3408178 48.9693674)
495,8,6,None,None,24015.650000000005,124,7725679105,48.9747793,2.3982367,3,2.3982367,48.9747793,,,12600.0,POINT (2.3982367 48.9747793)
496,8,6,None,None,24015.650000000005,124,1319040047,48.9826815,2.3889284,3,2.3889284,48.9826815,,,2700.0,POINT (2.3889284 48.9826815)
497,8,6,None,None,24015.650000000005,124,8725649688,48.9833851,2.3704243,3,2.3704243,48.9833851,,,2100.0,POINT (2.3704243 48.9833851)
498,8,6,None,None,24015.650000000005,124,8725649823,48.9740606,2.3658403,3,2.3658403,48.9740606,,,5400.0,POINT (2.3658403 48.9740606)
499,8,7,None,None,19418.16700000001,125,2752002872,48.9660281,2.4097997,3,2.4097997,48.9660281,,,11700.0,POINT (2.4097997 48.9660281)
500,8,7,None,None,19418.16700000001,125,4777506211,48.980187,2.4235779,3,2.4235779,48.980187,,,7200.0,POINT (2.4235779 48.980187)
501,8,7,None,None,19418.16700000001,125,422035174,48.9610952,2.4019289,3,2.4019289,48.9610952,,,4500.0,POINT (2.4019289 48.9610952)
502,8,7,None,None,19418.16700000001,125,1389927848,48.9856968,2.4321552,2,2.4321552,48.9856968,,,5600.0,POINT (2.4321552 48.9856968)
503,8,8,None,None,43574.664,126,130341498,48.9639311,2.4731368,3,2.4731368,48.9639311,motorway_junction,,18000.0,POINT (2.4731368 48.9639311)
504,8,8,None,None,43574.664,126,299295727,48.9774041,2.4564093,3,2.4564093,48.9774041,,,7200.0,POINT (2.4564093 48.9774041)
505,8,8,None,None,43574.664,126,773230170,48.9790931,2.4527989,3,2.4527989,48.9790931,,,7200.0,POINT (2.4527989 48.9790931)
506,8,8,None,None,43574.664,126,3798117490,48.9780022,2.4486158,3,2.4486158,48.9780022,,,5400.0,POINT (2.4486158 48.9780022)
507,8,9,None,None,54283.72700000001,127,130310680,48.9716043,2.4840203,3,2.4840203,48.9716043,,,20000.0,POINT (2.4840203 48.9716043)
508,8,9,None,None,54283.72700000001,127,123792866,48.9821277,2.5006686,3,2.5006686,48.9821277,motorway_junction,6,6000.0,POINT (2.5006686 48.9821277)
509,8,9,None,None,54283.72700000001,127,336071387,48.9651931,2.4956413,3,2.4956413,48.9651931,,,4200.0,POINT (2.4956413 48.9651931)
510,8,9,None,None,54283.72700000001,127,130356871,48.9745451,2.4869345,3,2.4869345,48.9745451,,,8000.0,POINT (2.4869345 48.9745451)
